Time (Sec);S1;S10;S11;S12;S13;S14;S15;S16;S17;S19;S2;S20;S21;S22;S23;S24;S25;S26;S27;S28;S29;S3;S30;S31;S32;S33;S34;S35;S36;S37;S38;S39;S4;S40;S41;S42;S43;S44;S45;S46;S47;S48;S49;S5;S50;S51;S52;S53;S54;S55;S56;S57;S58;S59;S6;S60;S61;S62;S7;S8;S9;
0.0;100.0;100.0;100.0;100.0;100.0;100.0;100.0;100.0;100.0;100.0;100.0;100.0;100.0;100.0;100.0;100.0;100.0;100.0;100.0;100.0;100.0;100.0;100.0;100.0;100.0;100.0;100.0;100.0;100.0;100.0;100.0;100.0;100.0;100.0;100.0;100.0;100.0;100.0;100.0;100.0;100.0;100.0;100.0;100.0;100.0;100.0;100.0;100.0;100.0;100.0;100.0;100.0;100.0;100.0;100.0;100.0;100.0;100.0;100.0;100.0;100.0;
0.1028333333333333;100.0;99.99326959999999;99.99326959999999;99.9903952;99.99016639999999;99.99016639999999;99.98033279999999;99.99016639999999;99.9903952;99.98033279999999;99.9937432;99.98033279999999;99.9935936;100.0;100.0;100.0;99.9967968;99.99016639999999;99.98033279999999;99.98033279999999;99.98033279999999;99.9937432;99.98033279999999;99.98033279999999;99.99016639999999;99.99016639999999;99.9903952;99.99016639999999;99.9903952;100.0;100.0;100.0;99.9937432;100.0;100.0;100.0;99.99016639999999;99.99016639999999;99.99016639999999;99.99016639999999;99.9903952;99.9903952;99.98696319999999;99.9937432;99.98033279999999;99.97712959999998;99.97049919999998;99.97049919999998;99.99016639999999;99.99016639999999;99.98033279999999;99.98033279999999;99.98033279999999;99.9903952;99.9937432;99.99016639999999;99.99016639999999;99.9903952;99.9937432;99.9937432;99.9937432;
600.0000000000009;100.0;99.99326959999999;99.99326959999999;99.9903952;99.99016639999999;99.99016639999999;99.98033279999999;99.99016639999999;99.9903952;99.98033279999999;99.9937432;99.98033279999999;99.9935936;100.0;100.0;100.0;99.98033279999999;99.98033279999999;99.98033279999999;99.98033279999999;99.98033279999999;99.9937432;99.98033279999999;99.98033279999999;99.99016639999999;99.99016639999999;99.9903952;99.99016639999999;99.9903952;100.0;100.0;100.0;99.9937432;100.0;100.0;100.0;99.99016639999999;99.99016639999999;99.99016639999999;99.99016639999999;99.9903952;99.9903952;99.97049919999998;99.9937432;99.97049919999998;99.97049919999998;99.97049919999998;99.97049919999998;99.99016639999999;99.99016639999999;99.98033279999999;99.98033279999999;99.98033279999999;99.9903952;99.9937432;99.99016639999999;99.99016639999999;99.9903952;99.9937432;99.9937432;99.9937432;
900.0266666666676;100.0;99.99316959999999;99.99316959999999;99.9903952;99.99016639999999;99.99016639999999;99.98033279999999;99.99016639999999;99.9903952;99.98033279999999;99.9936432;99.98033279999999;99.9935936;100.0;100.0;100.0;99.98033279999999;99.98033279999999;99.98033279999999;99.98033279999999;99.98033279999999;99.9936432;99.98033279999999;99.98033279999999;99.99016639999999;99.99016639999999;99.9903952;99.99016639999999;99.9903952;100.0;100.0;100.0;99.9936432;100.0;100.0;100.0;99.99016639999999;99.99016639999999;99.99016639999999;99.99016639999999;99.9903952;99.9903952;99.97049919999998;99.9936432;99.97049919999998;99.97049919999998;99.97049919999998;99.97049919999998;99.99016639999999;99.99016639999999;99.98033279999999;99.98033279999999;99.98033279999999;99.9903952;99.9936432;99.99016639999999;99.99016639999999;99.9903952;99.9936432;99.9936432;99.9936432;
900.0266666666676;100.0;99.99316959999999;99.99316959999999;99.9903952;99.99016639999999;99.99016639999999;99.98033279999999;99.99016639999999;99.9903952;99.98033279999999;99.9803824;99.98033279999999;99.9935936;100.0;100.0;100.0;99.98033279999999;99.98033279999999;99.98033279999999;99.98033279999999;99.98033279999999;99.9803824;99.98033279999999;99.98033279999999;99.99016639999999;99.99016639999999;99.9903952;99.99016639999999;99.9903952;100.0;100.0;100.0;99.9803824;100.0;100.0;100.0;99.99016639999999;99.99016639999999;99.99016639999999;99.99016639999999;99.9903952;99.9903952;99.97049919999998;99.9803824;99.97049919999998;99.97049919999998;99.97049919999998;99.97049919999998;99.99016639999999;99.99016639999999;99.98033279999999;99.98033279999999;99.98033279999999;99.9903952;99.9803824;99.99016639999999;99.99016639999999;99.9903952;99.9803824;99.9803824;99.9803824;
900.0266666666676;100.0;99.97943519999998;99.97943519999998;99.9903952;99.99016639999999;99.99016639999999;99.98033279999999;99.99016639999999;99.9903952;99.98033279999999;99.9803824;99.98033279999999;99.9935936;100.0;100.0;100.0;99.98033279999999;99.98033279999999;99.98033279999999;99.98033279999999;99.98033279999999;99.9803824;99.98033279999999;99.98033279999999;99.99016639999999;99.99016639999999;99.9903952;99.99016639999999;99.9903952;100.0;100.0;100.0;99.9803824;100.0;100.0;100.0;99.99016639999999;99.99016639999999;99.99016639999999;99.99016639999999;99.9903952;99.9903952;99.97049919999998;99.9803824;99.97049919999998;99.97049919999998;99.97049919999998;99.97049919999998;99.99016639999999;99.99016639999999;99.98033279999999;99.98033279999999;99.98033279999999;99.9903952;99.9803824;99.99016639999999;99.99016639999999;99.9903952;99.9803824;99.9803824;99.9803824;
900.0505013333342;100.0;99.97943519999998;99.97943519999998;99.98398879999999;99.99016639999999;99.99016639999999;99.98033279999999;99.99016639999999;99.98398879999999;99.98033279999999;99.9803824;99.98033279999999;99.9935936;100.0;100.0;100.0;99.98033279999999;99.98033279999999;99.98033279999999;99.98033279999999;99.98033279999999;99.9803824;99.98033279999999;99.98033279999999;99.99016639999999;99.99016639999999;99.98398879999999;99.99016639999999;99.98398879999999;100.0;100.0;100.0;99.9803824;100.0;100.0;100.0;99.99016639999999;99.99016639999999;99.99016639999999;99.99016639999999;99.98398879999999;99.98398879999999;99.97049919999998;99.9803824;99.97049919999998;99.97049919999998;99.97049919999998;99.97049919999998;99.99016639999999;99.99016639999999;99.98033279999999;99.98033279999999;99.98033279999999;99.98398879999999;99.9803824;99.99016639999999;99.99016639999999;99.98398879999999;99.9803824;99.9803824;99.9803824;
900.0505013333342;100.0;99.97943519999998;99.97943519999998;99.97025439999999;99.99016639999999;99.99016639999999;99.98033279999999;99.99016639999999;99.97025439999999;99.98033279999999;99.9803824;99.98033279999999;99.9935936;100.0;100.0;100.0;99.98033279999999;99.98033279999999;99.98033279999999;99.98033279999999;99.98033279999999;99.9803824;99.98033279999999;99.98033279999999;99.99016639999999;99.99016639999999;99.97025439999999;99.99016639999999;99.97025439999999;100.0;100.0;100.0;99.9803824;100.0;100.0;100.0;99.99016639999999;99.99016639999999;99.99016639999999;99.99016639999999;99.97025439999999;99.97025439999999;99.97049919999998;99.9803824;99.97049919999998;99.97049919999998;99.97049919999998;99.97049919999998;99.99016639999999;99.99016639999999;99.98033279999999;99.98033279999999;99.98033279999999;99.97025439999999;99.9803824;99.99016639999999;99.99016639999999;99.97025439999999;99.9803824;99.9803824;99.9803824;
900.0515906666675;100.0;99.97943519999998;99.97943519999998;99.97025439999999;99.99016639999999;99.99016639999999;99.98033279999999;99.99016639999999;99.97025439999999;99.98033279999999;99.9803824;99.98033279999999;99.9935936;100.0;100.0;100.0;99.98033279999999;99.98033279999999;99.98033279999999;99.98033279999999;99.98033279999999;99.9803824;99.98033279999999;99.98033279999999;99.99016639999999;99.99016639999999;99.97025439999999;99.99016639999999;99.97025439999999;100.0;100.0;100.0;99.9803824;100.0;100.0;100.0;99.99016639999999;99.98353119999999;99.99016639999999;99.99016639999999;99.97025439999999;99.97025439999999;99.97049919999998;99.9803824;99.97049919999998;99.97049919999998;99.97049919999998;99.97049919999998;99.99016639999999;99.98353119999999;99.98033279999999;99.98033279999999;99.98033279999999;99.97025439999999;99.9803824;99.99016639999999;99.99016639999999;99.97025439999999;99.9803824;99.9803824;99.9803824;
900.0515906666675;100.0;99.97943519999998;99.97943519999998;99.97025439999999;99.99016639999999;99.99016639999999;99.98033279999999;99.99016639999999;99.97025439999999;99.98033279999999;99.9803824;99.98033279999999;99.9935936;100.0;100.0;100.0;99.98033279999999;99.98033279999999;99.98033279999999;99.98033279999999;99.98033279999999;99.9803824;99.98033279999999;99.98033279999999;99.99016639999999;99.99016639999999;99.97025439999999;99.99016639999999;99.97025439999999;100.0;100.0;100.0;99.9803824;100.0;100.0;100.0;99.99016639999999;99.96979679999998;99.99016639999999;99.99016639999999;99.97025439999999;99.97025439999999;99.97049919999998;99.9803824;99.97049919999998;99.97049919999998;99.97049919999998;99.97049919999998;99.99016639999999;99.96979679999998;99.98033279999999;99.98033279999999;99.98033279999999;99.97025439999999;99.9803824;99.99016639999999;99.99016639999999;99.97025439999999;99.9803824;99.9803824;99.9803824;
900.0605013333342;100.0;99.97943519999998;99.97943519999998;99.97025439999999;99.99016639999999;99.99016639999999;99.98033279999999;99.99016639999999;99.97025439999999;99.98033279999999;99.9803824;99.98033279999999;99.9935936;100.0;100.0;100.0;99.98033279999999;99.98033279999999;99.98033279999999;99.98033279999999;99.98033279999999;99.9803824;99.98033279999999;99.98033279999999;99.99016639999999;99.99016639999999;99.97025439999999;99.99016639999999;99.97025439999999;100.0;100.0;100.0;99.9803824;100.0;100.0;100.0;99.99016639999999;99.96979679999998;99.99016639999999;99.99016639999999;99.97025439999999;99.97025439999999;99.97049919999998;99.9803824;99.97049919999998;99.97049919999998;99.97049919999998;99.97049919999998;99.99016639999999;99.96979679999998;99.98033279999999;99.98033279999999;99.98033279999999;99.97025439999999;99.9803824;99.99016639999999;99.99016639999999;99.97025439999999;99.9803824;99.9803824;99.9803824;
900.0754253333341;100.0;99.97943519999998;99.97943519999998;99.97025439999999;99.98353119999999;99.99016639999999;99.98033279999999;99.98353119999999;99.97025439999999;99.98033279999999;99.9803824;99.98033279999999;99.9935936;100.0;100.0;100.0;99.98033279999999;99.98033279999999;99.98033279999999;99.98033279999999;99.98033279999999;99.9803824;99.98033279999999;99.98033279999999;99.99016639999999;99.98353119999999;99.97025439999999;99.98353119999999;99.97025439999999;100.0;100.0;100.0;99.9803824;100.0;100.0;100.0;99.99016639999999;99.96979679999998;99.99016639999999;99.98353119999999;99.97025439999999;99.97025439999999;99.97049919999998;99.9803824;99.97049919999998;99.97049919999998;99.97049919999998;99.97049919999998;99.99016639999999;99.96979679999998;99.98033279999999;99.98033279999999;99.97369759999998;99.97025439999999;99.9803824;99.99016639999999;99.98353119999999;99.97025439999999;99.9803824;99.9803824;99.9803824;
900.0754253333341;100.0;99.97943519999998;99.97943519999998;99.97025439999999;99.96979679999998;99.99016639999999;99.98033279999999;99.96979679999998;99.97025439999999;99.98033279999999;99.9803824;99.98033279999999;99.9935936;100.0;100.0;100.0;99.98033279999999;99.98033279999999;99.98033279999999;99.98033279999999;99.98033279999999;99.9803824;99.98033279999999;99.98033279999999;99.99016639999999;99.96979679999998;99.97025439999999;99.96979679999998;99.97025439999999;100.0;100.0;100.0;99.9803824;100.0;100.0;100.0;99.99016639999999;99.96979679999998;99.99016639999999;99.96979679999998;99.97025439999999;99.97025439999999;99.97049919999998;99.9803824;99.97049919999998;99.97049919999998;99.97049919999998;99.97049919999998;99.99016639999999;99.96979679999998;99.98033279999999;99.98033279999999;99.95996319999998;99.97025439999999;99.9803824;99.99016639999999;99.96979679999998;99.97025439999999;99.9803824;99.9803824;99.9803824;
900.0765146666674;100.0;99.97943519999998;99.97943519999998;99.97025439999999;99.96979679999998;99.99016639999999;99.98033279999999;99.96979679999998;99.97025439999999;99.98033279999999;99.9803824;99.98033279999999;99.9935936;100.0;100.0;100.0;99.98033279999999;99.98033279999999;99.98033279999999;99.98033279999999;99.98033279999999;99.9803824;99.98033279999999;99.98033279999999;99.99016639999999;99.96979679999998;99.97025439999999;99.96979679999998;99.97025439999999;100.0;100.0;100.0;99.9803824;100.0;100.0;100.0;99.98353119999999;99.96979679999998;99.99016639999999;99.96979679999998;99.97025439999999;99.97025439999999;99.97049919999998;99.9803824;99.97049919999998;99.97049919999998;99.97049919999998;99.97049919999998;99.98353119999999;99.96979679999998;99.98033279999999;99.98033279999999;99.95996319999998;99.97025439999999;99.9803824;99.99016639999999;99.96979679999998;99.97025439999999;99.9803824;99.9803824;99.9803824;
900.0765146666674;100.0;99.97943519999998;99.97943519999998;99.97025439999999;99.96979679999998;99.99016639999999;99.98033279999999;99.96979679999998;99.97025439999999;99.98033279999999;99.9803824;99.98033279999999;99.9935936;100.0;100.0;100.0;99.98033279999999;99.98033279999999;99.98033279999999;99.98033279999999;99.98033279999999;99.9803824;99.98033279999999;99.98033279999999;99.99016639999999;99.96979679999998;99.97025439999999;99.96979679999998;99.97025439999999;100.0;100.0;100.0;99.9803824;100.0;100.0;100.0;99.96979679999998;99.96979679999998;99.99016639999999;99.96979679999998;99.97025439999999;99.97025439999999;99.97049919999998;99.9803824;99.97049919999998;99.97049919999998;99.97049919999998;99.97049919999998;99.96979679999998;99.96979679999998;99.98033279999999;99.98033279999999;99.95996319999998;99.97025439999999;99.9803824;99.99016639999999;99.96979679999998;99.97025439999999;99.9803824;99.9803824;99.9803824;
900.0865146666674;100.0;99.97943519999998;99.97943519999998;99.97025439999999;99.96979679999998;99.99016639999999;99.98033279999999;99.96979679999998;99.97025439999999;99.98033279999999;99.9803824;99.98033279999999;99.9935936;100.0;100.0;100.0;99.98033279999999;99.98033279999999;99.98033279999999;99.98033279999999;99.98033279999999;99.9803824;99.98033279999999;99.98033279999999;99.99016639999999;99.96979679999998;99.97025439999999;99.96979679999998;99.97025439999999;100.0;100.0;100.0;99.9803824;100.0;100.0;100.0;99.96979679999998;99.96979679999998;99.99016639999999;99.96979679999998;99.97025439999999;99.97025439999999;99.97049919999998;99.9803824;99.97049919999998;99.97049919999998;99.97049919999998;99.97049919999998;99.96979679999998;99.96979679999998;99.98033279999999;99.98033279999999;99.95996319999998;99.97025439999999;99.9803824;99.99016639999999;99.96979679999998;99.97025439999999;99.9803824;99.9803824;99.9803824;
900.1003493333341;100.0;99.97943519999998;99.97943519999998;99.97025439999999;99.96979679999998;99.98353119999999;99.97369759999998;99.96979679999998;99.97025439999999;99.98033279999999;99.9803824;99.98033279999999;99.9935936;100.0;100.0;100.0;99.98033279999999;99.98033279999999;99.98033279999999;99.98033279999999;99.98033279999999;99.9803824;99.98033279999999;99.97369759999998;99.98353119999999;99.96979679999998;99.97025439999999;99.96979679999998;99.97025439999999;100.0;100.0;100.0;99.9803824;100.0;100.0;100.0;99.96979679999998;99.96979679999998;99.98353119999999;99.96979679999998;99.97025439999999;99.97025439999999;99.97049919999998;99.9803824;99.97049919999998;99.97049919999998;99.97049919999998;99.97049919999998;99.96979679999998;99.96979679999998;99.98033279999999;99.97369759999998;99.95996319999998;99.97025439999999;99.9803824;99.98353119999999;99.96979679999998;99.97025439999999;99.9803824;99.9803824;99.9803824;
900.1003493333341;100.0;99.97943519999998;99.97943519999998;99.97025439999999;99.96979679999998;99.96979679999998;99.95996319999998;99.96979679999998;99.97025439999999;99.98033279999999;99.9803824;99.98033279999999;99.9935936;100.0;100.0;100.0;99.98033279999999;99.98033279999999;99.98033279999999;99.98033279999999;99.98033279999999;99.9803824;99.98033279999999;99.95996319999998;99.96979679999998;99.96979679999998;99.97025439999999;99.96979679999998;99.97025439999999;100.0;100.0;100.0;99.9803824;100.0;100.0;100.0;99.96979679999998;99.96979679999998;99.96979679999998;99.96979679999998;99.97025439999999;99.97025439999999;99.97049919999998;99.9803824;99.97049919999998;99.97049919999998;99.97049919999998;99.97049919999998;99.96979679999998;99.96979679999998;99.98033279999999;99.95996319999998;99.95996319999998;99.97025439999999;99.9803824;99.96979679999998;99.96979679999998;99.97025439999999;99.9803824;99.9803824;99.9803824;
900.1014386666674;100.0;99.97943519999998;99.97943519999998;99.97025439999999;99.96979679999998;99.96979679999998;99.95996319999998;99.96979679999998;99.97025439999999;99.98033279999999;99.9803824;99.98033279999999;99.9935936;100.0;100.0;100.0;99.98033279999999;99.98033279999999;99.98033279999999;99.98033279999999;99.98033279999999;99.9803824;99.98033279999999;99.95996319999998;99.96979679999998;99.96979679999998;99.97025439999999;99.96979679999998;99.97025439999999;100.0;100.0;100.0;99.9803824;100.0;100.0;100.0;99.96979679999998;99.96979679999998;99.96979679999998;99.96979679999998;99.97025439999999;99.97025439999999;99.97049919999998;99.9803824;99.97049919999998;99.97049919999998;99.97049919999998;99.96386399999997;99.96979679999998;99.96979679999998;99.98033279999999;99.95996319999998;99.95996319999998;99.97025439999999;99.9803824;99.96979679999998;99.96979679999998;99.97025439999999;99.9803824;99.9803824;99.9803824;
900.1014386666674;100.0;99.97943519999998;99.97943519999998;99.97025439999999;99.96979679999998;99.96979679999998;99.95996319999998;99.96979679999998;99.97025439999999;99.98033279999999;99.9803824;99.98033279999999;99.9935936;100.0;100.0;100.0;99.98033279999999;99.98033279999999;99.98033279999999;99.98033279999999;99.98033279999999;99.9803824;99.98033279999999;99.95996319999998;99.96979679999998;99.96979679999998;99.97025439999999;99.96979679999998;99.97025439999999;100.0;100.0;100.0;99.9803824;100.0;100.0;100.0;99.96979679999998;99.96979679999998;99.96979679999998;99.96979679999998;99.97025439999999;99.97025439999999;99.97049919999998;99.9803824;99.97049919999998;99.97049919999998;99.97049919999998;99.95012959999997;99.96979679999998;99.96979679999998;99.98033279999999;99.95996319999998;99.95996319999998;99.97025439999999;99.9803824;99.96979679999998;99.96979679999998;99.97025439999999;99.9803824;99.9803824;99.9803824;
900.110349333334;100.0;99.97943519999998;99.97943519999998;99.97025439999999;99.96979679999998;99.96979679999998;99.95996319999998;99.96979679999998;99.97025439999999;99.98033279999999;99.9803824;99.98033279999999;99.9935936;100.0;100.0;100.0;99.98033279999999;99.98033279999999;99.98033279999999;99.98033279999999;99.98033279999999;99.9803824;99.98033279999999;99.95996319999998;99.96979679999998;99.96979679999998;99.97025439999999;99.96979679999998;99.97025439999999;100.0;100.0;100.0;99.9803824;100.0;100.0;100.0;99.96979679999998;99.96979679999998;99.96979679999998;99.96979679999998;99.97025439999999;99.97025439999999;99.97049919999998;99.9803824;99.97049919999998;99.97049919999998;99.97049919999998;99.95012959999997;99.96979679999998;99.96979679999998;99.98033279999999;99.95996319999998;99.95996319999998;99.97025439999999;99.9803824;99.96979679999998;99.96979679999998;99.97025439999999;99.9803824;99.9803824;99.9803824;
900.1114386666674;100.0;99.97943519999998;99.97943519999998;99.97025439999999;99.96979679999998;99.96979679999998;99.95996319999998;99.96979679999998;99.97025439999999;99.98033279999999;99.9803824;99.98033279999999;99.9935936;100.0;100.0;100.0;99.98033279999999;99.98033279999999;99.98033279999999;99.98033279999999;99.98033279999999;99.9803824;99.98033279999999;99.95996319999998;99.96979679999998;99.96979679999998;99.97025439999999;99.96979679999998;99.97025439999999;100.0;100.0;100.0;99.9803824;100.0;100.0;100.0;99.96979679999998;99.96979679999998;99.96979679999998;99.96979679999998;99.97025439999999;99.97025439999999;99.97049919999998;99.9803824;99.97049919999998;99.97049919999998;99.97049919999998;99.95012959999997;99.96979679999998;99.96979679999998;99.98033279999999;99.95996319999998;99.95996319999998;99.97025439999999;99.9803824;99.96979679999998;99.96979679999998;99.97025439999999;99.9803824;99.9803824;99.9803824;
900.125273333334;100.0;99.97943519999998;99.97943519999998;99.97025439999999;99.96979679999998;99.96979679999998;99.95332799999997;99.96979679999998;99.97025439999999;99.97369759999998;99.9803824;99.98033279999999;99.9935936;100.0;100.0;100.0;99.98033279999999;99.98033279999999;99.98033279999999;99.98033279999999;99.98033279999999;99.9803824;99.97369759999998;99.95332799999997;99.96979679999998;99.96979679999998;99.97025439999999;99.96979679999998;99.97025439999999;100.0;100.0;100.0;99.9803824;100.0;100.0;100.0;99.96979679999998;99.96979679999998;99.96979679999998;99.96979679999998;99.97025439999999;99.97025439999999;99.97049919999998;99.9803824;99.97049919999998;99.97049919999998;99.97049919999998;99.95012959999997;99.96979679999998;99.96979679999998;99.97369759999998;99.95996319999998;99.95332799999997;99.97025439999999;99.9803824;99.96979679999998;99.96979679999998;99.97025439999999;99.9803824;99.9803824;99.9803824;
900.125273333334;100.0;99.97943519999998;99.97943519999998;99.97025439999999;99.96979679999998;99.96979679999998;99.93959359999997;99.96979679999998;99.97025439999999;99.95996319999998;99.9803824;99.98033279999999;99.9935936;100.0;100.0;100.0;99.98033279999999;99.98033279999999;99.98033279999999;99.98033279999999;99.98033279999999;99.9803824;99.95996319999998;99.93959359999997;99.96979679999998;99.96979679999998;99.97025439999999;99.96979679999998;99.97025439999999;100.0;100.0;100.0;99.9803824;100.0;100.0;100.0;99.96979679999998;99.96979679999998;99.96979679999998;99.96979679999998;99.97025439999999;99.97025439999999;99.97049919999998;99.9803824;99.97049919999998;99.97049919999998;99.97049919999998;99.95012959999997;99.96979679999998;99.96979679999998;99.95996319999998;99.95996319999998;99.93959359999997;99.97025439999999;99.9803824;99.96979679999998;99.96979679999998;99.97025439999999;99.9803824;99.9803824;99.9803824;
900.1263626666673;100.0;99.97943519999998;99.97943519999998;99.97025439999999;99.96979679999998;99.96979679999998;99.93959359999997;99.96979679999998;99.97025439999999;99.95996319999998;99.9803824;99.98033279999999;99.9935936;100.0;100.0;100.0;99.98033279999999;99.98033279999999;99.98033279999999;99.98033279999999;99.98033279999999;99.9803824;99.95996319999998;99.93959359999997;99.96979679999998;99.96979679999998;99.97025439999999;99.96979679999998;99.97025439999999;100.0;100.0;100.0;99.9803824;100.0;100.0;100.0;99.96979679999998;99.96979679999998;99.96979679999998;99.96979679999998;99.97025439999999;99.97025439999999;99.97049919999998;99.9803824;99.97049919999998;99.97049919999998;99.96386399999997;99.95012959999997;99.96979679999998;99.96979679999998;99.95996319999998;99.95996319999998;99.93959359999997;99.97025439999999;99.9803824;99.96979679999998;99.96979679999998;99.97025439999999;99.9803824;99.9803824;99.9803824;
900.1263626666673;100.0;99.97943519999998;99.97943519999998;99.97025439999999;99.96979679999998;99.96979679999998;99.93959359999997;99.96979679999998;99.97025439999999;99.95996319999998;99.9803824;99.98033279999999;99.9935936;100.0;100.0;100.0;99.98033279999999;99.98033279999999;99.98033279999999;99.98033279999999;99.98033279999999;99.9803824;99.95996319999998;99.93959359999997;99.96979679999998;99.96979679999998;99.97025439999999;99.96979679999998;99.97025439999999;100.0;100.0;100.0;99.9803824;100.0;100.0;100.0;99.96979679999998;99.96979679999998;99.96979679999998;99.96979679999998;99.97025439999999;99.97025439999999;99.97049919999998;99.9803824;99.97049919999998;99.97049919999998;99.95012959999997;99.95012959999997;99.96979679999998;99.96979679999998;99.95996319999998;99.95996319999998;99.93959359999997;99.97025439999999;99.9803824;99.96979679999998;99.96979679999998;99.97025439999999;99.9803824;99.9803824;99.9803824;
900.135273333334;100.0;99.97943519999998;99.97943519999998;99.97025439999999;99.96979679999998;99.96979679999998;99.93959359999997;99.96979679999998;99.97025439999999;99.95996319999998;99.9803824;99.98033279999999;99.9935936;100.0;100.0;100.0;99.98033279999999;99.98033279999999;99.98033279999999;99.98033279999999;99.98033279999999;99.9803824;99.95996319999998;99.93959359999997;99.96979679999998;99.96979679999998;99.97025439999999;99.96979679999998;99.97025439999999;100.0;100.0;100.0;99.9803824;100.0;100.0;100.0;99.96979679999998;99.96979679999998;99.96979679999998;99.96979679999998;99.97025439999999;99.97025439999999;99.97049919999998;99.9803824;99.97049919999998;99.97049919999998;99.95012959999997;99.95012959999997;99.96979679999998;99.96979679999998;99.95996319999998;99.95996319999998;99.93959359999997;99.97025439999999;99.9803824;99.96979679999998;99.96979679999998;99.97025439999999;99.9803824;99.9803824;99.9803824;
900.150197333334;100.0;99.97943519999998;99.97943519999998;99.97025439999999;99.96979679999998;99.96979679999998;99.93959359999997;99.96979679999998;99.97025439999999;99.95332799999997;99.9803824;99.97369759999998;99.9935936;100.0;100.0;100.0;99.98033279999999;99.98033279999999;99.98033279999999;99.98033279999999;99.97369759999998;99.9803824;99.95332799999997;99.93959359999997;99.96979679999998;99.96979679999998;99.97025439999999;99.96979679999998;99.97025439999999;100.0;100.0;100.0;99.9803824;100.0;100.0;100.0;99.96979679999998;99.96979679999998;99.96979679999998;99.96979679999998;99.97025439999999;99.97025439999999;99.97049919999998;99.9803824;99.97049919999998;99.97049919999998;99.95012959999997;99.94349439999996;99.96979679999998;99.96979679999998;99.95996319999998;99.95332799999997;99.93959359999997;99.97025439999999;99.9803824;99.96979679999998;99.96979679999998;99.97025439999999;99.9803824;99.9803824;99.9803824;
900.150197333334;100.0;99.97943519999998;99.97943519999998;99.97025439999999;99.96979679999998;99.96979679999998;99.93959359999997;99.96979679999998;99.97025439999999;99.93959359999997;99.9803824;99.95996319999998;99.9935936;100.0;100.0;100.0;99.98033279999999;99.98033279999999;99.98033279999999;99.98033279999999;99.95996319999998;99.9803824;99.93959359999997;99.93959359999997;99.96979679999998;99.96979679999998;99.97025439999999;99.96979679999998;99.97025439999999;100.0;100.0;100.0;99.9803824;100.0;100.0;100.0;99.96979679999998;99.96979679999998;99.96979679999998;99.96979679999998;99.97025439999999;99.97025439999999;99.97049919999998;99.9803824;99.97049919999998;99.97049919999998;99.95012959999997;99.92975999999996;99.96979679999998;99.96979679999998;99.95996319999998;99.93959359999997;99.93959359999997;99.97025439999999;99.9803824;99.96979679999998;99.96979679999998;99.97025439999999;99.9803824;99.9803824;99.9803824;
900.1512866666673;100.0;99.97943519999998;99.97943519999998;99.97025439999999;99.96979679999998;99.96979679999998;99.93959359999997;99.96979679999998;99.97025439999999;99.93959359999997;99.9803824;99.95996319999998;99.9935936;100.0;100.0;100.0;99.98033279999999;99.98033279999999;99.98033279999999;99.98033279999999;99.95996319999998;99.9803824;99.93959359999997;99.93959359999997;99.96979679999998;99.96979679999998;99.97025439999999;99.96979679999998;99.97025439999999;100.0;100.0;100.0;99.9803824;100.0;100.0;100.0;99.96979679999998;99.96979679999998;99.96979679999998;99.96979679999998;99.97025439999999;99.97025439999999;99.97049919999998;99.9803824;99.97049919999998;99.96386399999997;99.95012959999997;99.92975999999996;99.96979679999998;99.96979679999998;99.95996319999998;99.93959359999997;99.93959359999997;99.97025439999999;99.9803824;99.96979679999998;99.96979679999998;99.97025439999999;99.9803824;99.9803824;99.9803824;
900.1512866666673;100.0;99.97943519999998;99.97943519999998;99.97025439999999;99.96979679999998;99.96979679999998;99.93959359999997;99.96979679999998;99.97025439999999;99.93959359999997;99.9803824;99.95996319999998;99.9935936;100.0;100.0;100.0;99.98033279999999;99.98033279999999;99.98033279999999;99.98033279999999;99.95996319999998;99.9803824;99.93959359999997;99.93959359999997;99.96979679999998;99.96979679999998;99.97025439999999;99.96979679999998;99.97025439999999;100.0;100.0;100.0;99.9803824;100.0;100.0;100.0;99.96979679999998;99.96979679999998;99.96979679999998;99.96979679999998;99.97025439999999;99.97025439999999;99.97049919999998;99.9803824;99.97049919999998;99.95012959999997;99.95012959999997;99.92975999999996;99.96979679999998;99.96979679999998;99.95996319999998;99.93959359999997;99.93959359999997;99.97025439999999;99.9803824;99.96979679999998;99.96979679999998;99.97025439999999;99.9803824;99.9803824;99.9803824;
900.1601973333339;100.0;99.97943519999998;99.97943519999998;99.97025439999999;99.96979679999998;99.96979679999998;99.93959359999997;99.96979679999998;99.97025439999999;99.93959359999997;99.9803824;99.95996319999998;99.9935936;100.0;100.0;100.0;99.98033279999999;99.98033279999999;99.98033279999999;99.98033279999999;99.95996319999998;99.9803824;99.93959359999997;99.93959359999997;99.96979679999998;99.96979679999998;99.97025439999999;99.96979679999998;99.97025439999999;100.0;100.0;100.0;99.9803824;100.0;100.0;100.0;99.96979679999998;99.96979679999998;99.96979679999998;99.96979679999998;99.97025439999999;99.97025439999999;99.97049919999998;99.9803824;99.97049919999998;99.95012959999997;99.95012959999997;99.92975999999996;99.96979679999998;99.96979679999998;99.95996319999998;99.93959359999997;99.93959359999997;99.97025439999999;99.9803824;99.96979679999998;99.96979679999998;99.97025439999999;99.9803824;99.9803824;99.9803824;
900.1751213333339;100.0;99.97943519999998;99.97943519999998;99.97025439999999;99.96979679999998;99.96979679999998;99.93959359999997;99.96979679999998;99.97025439999999;99.93959359999997;99.9803824;99.95332799999997;99.98695839999999;100.0;100.0;100.0;99.98033279999999;99.98033279999999;99.98033279999999;99.97369759999998;99.95332799999997;99.9803824;99.93959359999997;99.93959359999997;99.96979679999998;99.96979679999998;99.97025439999999;99.96979679999998;99.97025439999999;100.0;100.0;100.0;99.9803824;100.0;100.0;100.0;99.96979679999998;99.96979679999998;99.96979679999998;99.96979679999998;99.97025439999999;99.97025439999999;99.97049919999998;99.9803824;99.97049919999998;99.95012959999997;99.94349439999996;99.92975999999996;99.96979679999998;99.96979679999998;99.95332799999997;99.93959359999997;99.93959359999997;99.97025439999999;99.9803824;99.96979679999998;99.96979679999998;99.97025439999999;99.9803824;99.9803824;99.9803824;
900.1751213333339;100.0;99.97943519999998;99.97943519999998;99.97025439999999;99.96979679999998;99.96979679999998;99.93959359999997;99.96979679999998;99.97025439999999;99.93959359999997;99.9803824;99.93959359999997;99.98695839999999;100.0;100.0;100.0;99.98033279999999;99.98033279999999;99.98033279999999;99.95996319999998;99.93959359999997;99.9803824;99.93959359999997;99.93959359999997;99.96979679999998;99.96979679999998;99.97025439999999;99.96979679999998;99.97025439999999;100.0;100.0;100.0;99.9803824;100.0;100.0;100.0;99.96979679999998;99.96979679999998;99.96979679999998;99.96979679999998;99.97025439999999;99.97025439999999;99.97049919999998;99.9803824;99.97049919999998;99.95012959999997;99.92975999999996;99.92975999999996;99.96979679999998;99.96979679999998;99.93959359999997;99.93959359999997;99.93959359999997;99.97025439999999;99.9803824;99.96979679999998;99.96979679999998;99.97025439999999;99.9803824;99.9803824;99.9803824;
900.1762106666672;100.0;99.97943519999998;99.97943519999998;99.97025439999999;99.96979679999998;99.96979679999998;99.93959359999997;99.96979679999998;99.97025439999999;99.93959359999997;99.9803824;99.93959359999997;99.98695839999999;100.0;100.0;100.0;99.98033279999999;99.98033279999999;99.98033279999999;99.95996319999998;99.93959359999997;99.9803824;99.93959359999997;99.93959359999997;99.96979679999998;99.96979679999998;99.97025439999999;99.96979679999998;99.97025439999999;100.0;100.0;100.0;99.9803824;100.0;100.0;100.0;99.96979679999998;99.96979679999998;99.96979679999998;99.96979679999998;99.97025439999999;99.97025439999999;99.97049919999998;99.9803824;99.96386399999997;99.95012959999997;99.92975999999996;99.92975999999996;99.96979679999998;99.96979679999998;99.93959359999997;99.93959359999997;99.93959359999997;99.97025439999999;99.9803824;99.96979679999998;99.96979679999998;99.97025439999999;99.9803824;99.9803824;99.9803824;
900.1762106666672;100.0;99.97943519999998;99.97943519999998;99.97025439999999;99.96979679999998;99.96979679999998;99.93959359999997;99.96979679999998;99.97025439999999;99.93959359999997;99.9803824;99.93959359999997;99.98695839999999;100.0;100.0;100.0;99.98033279999999;99.98033279999999;99.98033279999999;99.95996319999998;99.93959359999997;99.9803824;99.93959359999997;99.93959359999997;99.96979679999998;99.96979679999998;99.97025439999999;99.96979679999998;99.97025439999999;100.0;100.0;100.0;99.9803824;100.0;100.0;100.0;99.96979679999998;99.96979679999998;99.96979679999998;99.96979679999998;99.97025439999999;99.97025439999999;99.97049919999998;99.9803824;99.95012959999997;99.95012959999997;99.92975999999996;99.92975999999996;99.96979679999998;99.96979679999998;99.93959359999997;99.93959359999997;99.93959359999997;99.97025439999999;99.9803824;99.96979679999998;99.96979679999998;99.97025439999999;99.9803824;99.9803824;99.9803824;
900.2000453333338;100.0;99.97943519999998;99.97943519999998;99.97025439999999;99.96979679999998;99.96979679999998;99.93959359999997;99.96979679999998;99.97025439999999;99.93959359999997;99.9803824;99.93959359999997;99.98032319999999;100.0;100.0;100.0;99.98033279999999;99.98033279999999;99.97369759999998;99.95332799999997;99.93959359999997;99.9803824;99.93959359999997;99.93959359999997;99.96979679999998;99.96979679999998;99.97025439999999;99.96979679999998;99.97025439999999;100.0;100.0;100.0;99.9803824;100.0;100.0;100.0;99.96979679999998;99.96979679999998;99.96979679999998;99.96979679999998;99.97025439999999;99.97025439999999;99.97049919999998;99.9803824;99.95012959999997;99.94349439999996;99.92975999999996;99.92312479999995;99.96979679999998;99.96979679999998;99.93959359999997;99.93959359999997;99.93959359999997;99.97025439999999;99.9803824;99.96979679999998;99.96979679999998;99.97025439999999;99.9803824;99.9803824;99.9803824;
900.2000453333338;100.0;99.97943519999998;99.97943519999998;99.97025439999999;99.96979679999998;99.96979679999998;99.93959359999997;99.96979679999998;99.97025439999999;99.93959359999997;99.9803824;99.93959359999997;99.98032319999999;100.0;100.0;100.0;99.98033279999999;99.98033279999999;99.95996319999998;99.93959359999997;99.93959359999997;99.9803824;99.93959359999997;99.93959359999997;99.96979679999998;99.96979679999998;99.97025439999999;99.96979679999998;99.97025439999999;100.0;100.0;100.0;99.9803824;100.0;100.0;100.0;99.96979679999998;99.96979679999998;99.96979679999998;99.96979679999998;99.97025439999999;99.97025439999999;99.97049919999998;99.9803824;99.95012959999997;99.92975999999996;99.92975999999996;99.90939039999995;99.96979679999998;99.96979679999998;99.93959359999997;99.93959359999997;99.93959359999997;99.97025439999999;99.9803824;99.96979679999998;99.96979679999998;99.97025439999999;99.9803824;99.9803824;99.9803824;
900.2011346666671;100.0;99.97943519999998;99.97943519999998;99.97025439999999;99.96979679999998;99.96979679999998;99.93959359999997;99.96979679999998;99.97025439999999;99.93959359999997;99.9803824;99.93959359999997;99.98032319999999;100.0;100.0;100.0;99.98033279999999;99.98033279999999;99.95996319999998;99.93959359999997;99.93959359999997;99.9803824;99.93959359999997;99.93959359999997;99.96979679999998;99.96979679999998;99.97025439999999;99.96979679999998;99.97025439999999;100.0;100.0;100.0;99.9803824;100.0;100.0;100.0;99.96979679999998;99.96979679999998;99.96979679999998;99.96979679999998;99.97025439999999;99.97025439999999;99.96386399999997;99.9803824;99.95012959999997;99.92975999999996;99.92975999999996;99.90939039999995;99.96979679999998;99.96979679999998;99.93959359999997;99.93959359999997;99.93959359999997;99.97025439999999;99.9803824;99.96979679999998;99.96979679999998;99.97025439999999;99.9803824;99.9803824;99.9803824;
900.2011346666671;100.0;99.97943519999998;99.97943519999998;99.97025439999999;99.96979679999998;99.96979679999998;99.93959359999997;99.96979679999998;99.97025439999999;99.93959359999997;99.9803824;99.93959359999997;99.98032319999999;100.0;100.0;100.0;99.98033279999999;99.98033279999999;99.95996319999998;99.93959359999997;99.93959359999997;99.9803824;99.93959359999997;99.93959359999997;99.96979679999998;99.96979679999998;99.97025439999999;99.96979679999998;99.97025439999999;100.0;100.0;100.0;99.9803824;100.0;100.0;100.0;99.96979679999998;99.96979679999998;99.96979679999998;99.96979679999998;99.97025439999999;99.97025439999999;99.95012959999997;99.9803824;99.95012959999997;99.92975999999996;99.92975999999996;99.90939039999995;99.96979679999998;99.96979679999998;99.93959359999997;99.93959359999997;99.93959359999997;99.97025439999999;99.9803824;99.96979679999998;99.96979679999998;99.97025439999999;99.9803824;99.9803824;99.9803824;
900.2100453333338;100.0;99.97943519999998;99.97943519999998;99.97025439999999;99.96979679999998;99.96979679999998;99.93959359999997;99.96979679999998;99.97025439999999;99.93959359999997;99.9803824;99.93959359999997;99.98032319999999;100.0;100.0;100.0;99.98033279999999;99.98033279999999;99.95996319999998;99.93959359999997;99.93959359999997;99.9803824;99.93959359999997;99.93959359999997;99.96979679999998;99.96979679999998;99.97025439999999;99.96979679999998;99.97025439999999;100.0;100.0;100.0;99.9803824;100.0;100.0;100.0;99.96979679999998;99.96979679999998;99.96979679999998;99.96979679999998;99.97025439999999;99.97025439999999;99.95012959999997;99.9803824;99.95012959999997;99.92975999999996;99.92975999999996;99.90939039999995;99.96979679999998;99.96979679999998;99.93959359999997;99.93959359999997;99.93959359999997;99.97025439999999;99.9803824;99.96979679999998;99.96979679999998;99.97025439999999;99.9803824;99.9803824;99.9803824;
900.2249693333338;100.0;99.97943519999998;99.97943519999998;99.97025439999999;99.96979679999998;99.96979679999998;99.93959359999997;99.96979679999998;99.97025439999999;99.93959359999997;99.9803824;99.93959359999997;99.98032319999999;100.0;100.0;100.0;99.98033279999999;99.97369759999998;99.95332799999997;99.93959359999997;99.93959359999997;99.9803824;99.93959359999997;99.93959359999997;99.96979679999998;99.96979679999998;99.97025439999999;99.96979679999998;99.97025439999999;100.0;100.0;100.0;99.9803824;100.0;100.0;100.0;99.96979679999998;99.96979679999998;99.96979679999998;99.96979679999998;99.97025439999999;99.97025439999999;99.95012959999997;99.9803824;99.94349439999996;99.92975999999996;99.92312479999995;99.90939039999995;99.96979679999998;99.96979679999998;99.93959359999997;99.93959359999997;99.93959359999997;99.97025439999999;99.9803824;99.96979679999998;99.96979679999998;99.97025439999999;99.9803824;99.9803824;99.9803824;
900.2249693333338;100.0;99.97943519999998;99.97943519999998;99.97025439999999;99.96979679999998;99.96979679999998;99.93959359999997;99.96979679999998;99.97025439999999;99.93959359999997;99.9803824;99.93959359999997;99.98032319999999;100.0;100.0;100.0;99.98033279999999;99.95996319999998;99.93959359999997;99.93959359999997;99.93959359999997;99.9803824;99.93959359999997;99.93959359999997;99.96979679999998;99.96979679999998;99.97025439999999;99.96979679999998;99.97025439999999;100.0;100.0;100.0;99.9803824;100.0;100.0;100.0;99.96979679999998;99.96979679999998;99.96979679999998;99.96979679999998;99.97025439999999;99.97025439999999;99.95012959999997;99.9803824;99.92975999999996;99.92975999999996;99.90939039999995;99.90939039999995;99.96979679999998;99.96979679999998;99.93959359999997;99.93959359999997;99.93959359999997;99.97025439999999;99.9803824;99.96979679999998;99.96979679999998;99.97025439999999;99.9803824;99.9803824;99.9803824;
900.2260586666671;100.0;99.97943519999998;99.97943519999998;99.97025439999999;99.96979679999998;99.96979679999998;99.93959359999997;99.96979679999998;99.97025439999999;99.93959359999997;99.9803824;99.93959359999997;99.98032319999999;100.0;100.0;100.0;99.98033279999999;99.95996319999998;99.93959359999997;99.93959359999997;99.93959359999997;99.9803824;99.93959359999997;99.93959359999997;99.96979679999998;99.96979679999998;99.97025439999999;99.96979679999998;99.97025439999999;100.0;100.0;100.0;99.9803824;100.0;100.0;100.0;99.96979679999998;99.96979679999998;99.96979679999998;99.96979679999998;99.97025439999999;99.97025439999999;99.95012959999997;99.9803824;99.92975999999996;99.92975999999996;99.90939039999995;99.90939039999995;99.96979679999998;99.96979679999998;99.93959359999997;99.93959359999997;99.93959359999997;99.97025439999999;99.9803824;99.96979679999998;99.96979679999998;99.97025439999999;99.9803824;99.9803824;99.9803824;
900.2498933333337;100.0;99.97943519999998;99.97943519999998;99.97025439999999;99.96979679999998;99.96979679999998;99.93959359999997;99.96979679999998;99.97025439999999;99.93959359999997;99.9803824;99.93959359999997;99.98032319999999;100.0;100.0;100.0;99.97369759999998;99.95332799999997;99.93959359999997;99.93959359999997;99.93959359999997;99.9803824;99.93959359999997;99.93959359999997;99.96979679999998;99.96979679999998;99.97025439999999;99.96979679999998;99.97025439999999;100.0;100.0;100.0;99.9803824;100.0;100.0;100.0;99.96979679999998;99.96979679999998;99.96979679999998;99.96979679999998;99.97025439999999;99.97025439999999;99.94349439999996;99.9803824;99.92975999999996;99.92312479999995;99.90939039999995;99.90939039999995;99.96979679999998;99.96979679999998;99.93959359999997;99.93959359999997;99.93959359999997;99.97025439999999;99.9803824;99.96979679999998;99.96979679999998;99.97025439999999;99.9803824;99.9803824;99.9803824;
900.2498933333337;100.0;99.97943519999998;99.97943519999998;99.97025439999999;99.96979679999998;99.96979679999998;99.93959359999997;99.96979679999998;99.97025439999999;99.93959359999997;99.9803824;99.93959359999997;99.98032319999999;100.0;100.0;100.0;99.95996319999998;99.93959359999997;99.93959359999997;99.93959359999997;99.93959359999997;99.9803824;99.93959359999997;99.93959359999997;99.96979679999998;99.96979679999998;99.97025439999999;99.96979679999998;99.97025439999999;100.0;100.0;100.0;99.9803824;100.0;100.0;100.0;99.96979679999998;99.96979679999998;99.96979679999998;99.96979679999998;99.97025439999999;99.97025439999999;99.92975999999996;99.9803824;99.92975999999996;99.90939039999995;99.90939039999995;99.90939039999995;99.96979679999998;99.96979679999998;99.93959359999997;99.93959359999997;99.93959359999997;99.97025439999999;99.9803824;99.96979679999998;99.96979679999998;99.97025439999999;99.9803824;99.9803824;99.9803824;
900.2748173333338;100.0;99.97943519999998;99.97943519999998;99.97025439999999;99.96979679999998;99.96979679999998;99.93959359999997;99.96979679999998;99.97025439999999;99.93959359999997;99.9803824;99.93959359999997;99.98032319999999;100.0;100.0;100.0;99.95332799999997;99.93959359999997;99.93959359999997;99.93959359999997;99.93959359999997;99.9803824;99.93959359999997;99.93959359999997;99.96979679999998;99.96979679999998;99.97025439999999;99.96979679999998;99.97025439999999;100.0;100.0;100.0;99.9803824;100.0;100.0;100.0;99.96979679999998;99.96979679999998;99.96979679999998;99.96979679999998;99.97025439999999;99.97025439999999;99.92975999999996;99.9803824;99.92312479999995;99.90939039999995;99.90939039999995;99.90939039999995;99.96979679999998;99.96979679999998;99.93959359999997;99.93959359999997;99.93959359999997;99.97025439999999;99.9803824;99.96979679999998;99.96979679999998;99.97025439999999;99.9803824;99.9803824;99.9803824;
900.2748173333338;100.0;99.97943519999998;99.97943519999998;99.97025439999999;99.96979679999998;99.96979679999998;99.93959359999997;99.96979679999998;99.97025439999999;99.93959359999997;99.9803824;99.93959359999997;99.98032319999999;100.0;100.0;100.0;99.93959359999997;99.93959359999997;99.93959359999997;99.93959359999997;99.93959359999997;99.9803824;99.93959359999997;99.93959359999997;99.96979679999998;99.96979679999998;99.97025439999999;99.96979679999998;99.97025439999999;100.0;100.0;100.0;99.9803824;100.0;100.0;100.0;99.96979679999998;99.96979679999998;99.96979679999998;99.96979679999998;99.97025439999999;99.97025439999999;99.92975999999996;99.9803824;99.90939039999995;99.90939039999995;99.90939039999995;99.90939039999995;99.96979679999998;99.96979679999998;99.93959359999997;99.93959359999997;99.93959359999997;99.97025439999999;99.9803824;99.96979679999998;99.96979679999998;99.97025439999999;99.9803824;99.9803824;99.9803824;
900.2997413333338;100.0;99.97943519999998;99.97943519999998;99.97025439999999;99.96979679999998;99.96979679999998;99.93959359999997;99.96979679999998;99.97025439999999;99.93959359999997;99.9803824;99.93959359999997;99.98032319999999;100.0;100.0;100.0;99.93959359999997;99.93959359999997;99.93959359999997;99.93959359999997;99.93959359999997;99.9803824;99.93959359999997;99.93959359999997;99.96979679999998;99.96979679999998;99.97025439999999;99.96979679999998;99.97025439999999;100.0;100.0;100.0;99.9803824;100.0;100.0;100.0;99.96979679999998;99.96979679999998;99.96979679999998;99.96979679999998;99.97025439999999;99.97025439999999;99.92312479999995;99.9803824;99.90939039999995;99.90939039999995;99.90939039999995;99.90939039999995;99.96979679999998;99.96979679999998;99.93959359999997;99.93959359999997;99.93959359999997;99.97025439999999;99.9803824;99.96979679999998;99.96979679999998;99.97025439999999;99.9803824;99.9803824;99.9803824;
900.2997413333338;100.0;99.97943519999998;99.97943519999998;99.97025439999999;99.96979679999998;99.96979679999998;99.93959359999997;99.96979679999998;99.97025439999999;99.93959359999997;99.9803824;99.93959359999997;99.98032319999999;100.0;100.0;100.0;99.93959359999997;99.93959359999997;99.93959359999997;99.93959359999997;99.93959359999997;99.9803824;99.93959359999997;99.93959359999997;99.96979679999998;99.96979679999998;99.97025439999999;99.96979679999998;99.97025439999999;100.0;100.0;100.0;99.9803824;100.0;100.0;100.0;99.96979679999998;99.96979679999998;99.96979679999998;99.96979679999998;99.97025439999999;99.97025439999999;99.90939039999995;99.9803824;99.90939039999995;99.90939039999995;99.90939039999995;99.90939039999995;99.96979679999998;99.96979679999998;99.93959359999997;99.93959359999997;99.93959359999997;99.97025439999999;99.9803824;99.96979679999998;99.96979679999998;99.97025439999999;99.9803824;99.9803824;99.9803824;
900.3246653333339;100.0;99.97943519999998;99.97943519999998;99.97025439999999;99.96979679999998;99.96979679999998;99.93959359999997;99.96979679999998;99.97025439999999;99.93959359999997;99.9803824;99.93959359999997;99.98032319999999;100.0;100.0;100.0;99.93959359999997;99.93959359999997;99.93959359999997;99.93959359999997;99.93959359999997;99.9803824;99.93959359999997;99.93959359999997;99.96979679999998;99.96979679999998;99.97025439999999;99.96979679999998;99.97025439999999;100.0;100.0;100.0;99.9803824;100.0;100.0;100.0;99.96979679999998;99.96979679999998;99.96979679999998;99.96979679999998;99.97025439999999;99.97025439999999;99.90939039999995;99.9803824;99.90939039999995;99.90939039999995;99.90939039999995;99.90939039999995;99.96979679999998;99.96979679999998;99.93959359999997;99.93959359999997;99.93959359999997;99.97025439999999;99.9803824;99.96979679999998;99.96979679999998;99.97025439999999;99.9803824;99.9803824;99.9803824;
1200.0000000000007;100.0;99.97943519999998;99.97943519999998;99.97025439999999;99.96979679999998;99.96979679999998;99.93959359999997;99.96979679999998;99.97025439999999;99.93959359999997;99.9803824;99.93959359999997;99.98032319999999;100.0;100.0;100.0;99.93959359999997;99.93959359999997;99.93959359999997;99.93959359999997;99.93959359999997;99.9803824;99.93959359999997;99.93959359999997;99.96979679999998;99.96979679999998;99.97025439999999;99.96979679999998;99.97025439999999;100.0;100.0;100.0;99.9803824;100.0;100.0;100.0;99.96979679999998;99.96979679999998;99.96979679999998;99.96979679999998;99.97025439999999;99.97025439999999;99.90939039999995;99.9803824;99.90939039999995;99.90939039999995;99.90939039999995;99.90939039999995;99.96979679999998;99.96979679999998;99.93959359999997;99.93959359999997;99.93959359999997;99.97025439999999;99.9803824;99.96979679999998;99.96979679999998;99.97025439999999;99.9803824;99.9803824;99.9803824;
1800.0000000000007;100.0;99.97943519999998;99.97943519999998;99.97025439999999;99.96979679999998;99.96979679999998;99.93959359999997;99.96979679999998;99.97025439999999;99.93959359999997;99.9803824;99.93959359999997;99.98032319999999;100.0;100.0;100.0;99.93959359999997;99.93959359999997;99.93959359999997;99.93959359999997;99.93959359999997;99.9803824;99.93959359999997;99.93959359999997;99.96979679999998;99.96979679999998;99.97025439999999;99.96979679999998;99.97025439999999;100.0;100.0;100.0;99.9803824;100.0;100.0;100.0;99.96979679999998;99.96979679999998;99.96979679999998;99.96979679999998;99.97025439999999;99.97025439999999;99.90939039999995;99.9803824;99.90939039999995;99.90939039999995;99.90939039999995;99.90939039999995;99.96979679999998;99.96979679999998;99.93959359999997;99.93959359999997;99.93959359999997;99.97025439999999;99.9803824;99.96979679999998;99.96979679999998;99.97025439999999;99.9803824;99.9803824;99.9803824;
1800.0266666666676;100.0;99.97933519999998;99.97933519999998;99.97025439999999;99.96979679999998;99.96979679999998;99.93959359999997;99.96979679999998;99.97025439999999;99.93959359999997;99.9802824;99.93959359999997;99.98032319999999;100.0;100.0;100.0;99.93959359999997;99.93959359999997;99.93959359999997;99.93959359999997;99.93959359999997;99.9802824;99.93959359999997;99.93959359999997;99.96979679999998;99.96979679999998;99.97025439999999;99.96979679999998;99.97025439999999;100.0;100.0;100.0;99.9802824;100.0;100.0;100.0;99.96979679999998;99.96979679999998;99.96979679999998;99.96979679999998;99.97025439999999;99.97025439999999;99.90939039999995;99.9802824;99.90939039999995;99.90939039999995;99.90939039999995;99.90939039999995;99.96979679999998;99.96979679999998;99.93959359999997;99.93959359999997;99.93959359999997;99.97025439999999;99.9802824;99.96979679999998;99.96979679999998;99.97025439999999;99.9802824;99.9802824;99.9802824;
1800.0266666666676;100.0;99.97933519999998;99.97933519999998;99.97025439999999;99.96979679999998;99.96979679999998;99.93959359999997;99.96979679999998;99.97025439999999;99.93959359999997;99.96749519999999;99.93959359999997;99.98032319999999;100.0;100.0;100.0;99.93959359999997;99.93959359999997;99.93959359999997;99.93959359999997;99.93959359999997;99.96749519999999;99.93959359999997;99.93959359999997;99.96979679999998;99.96979679999998;99.97025439999999;99.96979679999998;99.97025439999999;100.0;100.0;100.0;99.96749519999999;100.0;100.0;100.0;99.96979679999998;99.96979679999998;99.96979679999998;99.96979679999998;99.97025439999999;99.97025439999999;99.90939039999995;99.96749519999999;99.90939039999995;99.90939039999995;99.90939039999995;99.90939039999995;99.96979679999998;99.96979679999998;99.93959359999997;99.93959359999997;99.93959359999997;99.97025439999999;99.96749519999999;99.96979679999998;99.96979679999998;99.97025439999999;99.96749519999999;99.96749519999999;99.96749519999999;
1800.0266666666676;100.0;99.96607439999998;99.96607439999998;99.97025439999999;99.96979679999998;99.96979679999998;99.93959359999997;99.96979679999998;99.97025439999999;99.93959359999997;99.96749519999999;99.93959359999997;99.98032319999999;100.0;100.0;100.0;99.93959359999997;99.93959359999997;99.93959359999997;99.93959359999997;99.93959359999997;99.96749519999999;99.93959359999997;99.93959359999997;99.96979679999998;99.96979679999998;99.97025439999999;99.96979679999998;99.97025439999999;100.0;100.0;100.0;99.96749519999999;100.0;100.0;100.0;99.96979679999998;99.96979679999998;99.96979679999998;99.96979679999998;99.97025439999999;99.97025439999999;99.90939039999995;99.96749519999999;99.90939039999995;99.90939039999995;99.90939039999995;99.90939039999995;99.96979679999998;99.96979679999998;99.93959359999997;99.93959359999997;99.93959359999997;99.97025439999999;99.96749519999999;99.96979679999998;99.96979679999998;99.97025439999999;99.96749519999999;99.96749519999999;99.96749519999999;
1800.049412000001;100.0;99.96607439999998;99.96607439999998;99.96407679999999;99.96979679999998;99.96979679999998;99.93959359999997;99.96979679999998;99.96407679999999;99.93959359999997;99.96749519999999;99.93959359999997;99.98032319999999;100.0;100.0;100.0;99.93959359999997;99.93959359999997;99.93959359999997;99.93959359999997;99.93959359999997;99.96749519999999;99.93959359999997;99.93959359999997;99.96979679999998;99.96979679999998;99.96407679999999;99.96979679999998;99.96407679999999;100.0;100.0;100.0;99.96749519999999;100.0;100.0;100.0;99.96979679999998;99.96979679999998;99.96979679999998;99.96979679999998;99.96407679999999;99.96407679999999;99.90939039999995;99.96749519999999;99.90939039999995;99.90939039999995;99.90939039999995;99.90939039999995;99.96979679999998;99.96979679999998;99.93959359999997;99.93959359999997;99.93959359999997;99.96407679999999;99.96749519999999;99.96979679999998;99.96979679999998;99.96407679999999;99.96749519999999;99.96749519999999;99.96749519999999;
1800.049412000001;100.0;99.96607439999998;99.96607439999998;99.95081599999999;99.96979679999998;99.96979679999998;99.93959359999997;99.96979679999998;99.95081599999999;99.93959359999997;99.96749519999999;99.93959359999997;99.98032319999999;100.0;100.0;100.0;99.93959359999997;99.93959359999997;99.93959359999997;99.93959359999997;99.93959359999997;99.96749519999999;99.93959359999997;99.93959359999997;99.96979679999998;99.96979679999998;99.95081599999999;99.96979679999998;99.95081599999999;100.0;100.0;100.0;99.96749519999999;100.0;100.0;100.0;99.96979679999998;99.96979679999998;99.96979679999998;99.96979679999998;99.95081599999999;99.95081599999999;99.90939039999995;99.96749519999999;99.90939039999995;99.90939039999995;99.90939039999995;99.90939039999995;99.96979679999998;99.96979679999998;99.93959359999997;99.93959359999997;99.93959359999997;99.95081599999999;99.96749519999999;99.96979679999998;99.96979679999998;99.95081599999999;99.96749519999999;99.96749519999999;99.96749519999999;
1800.0505013333343;100.0;99.96607439999998;99.96607439999998;99.95081599999999;99.96979679999998;99.96979679999998;99.93959359999997;99.96979679999998;99.95081599999999;99.93959359999997;99.96749519999999;99.93959359999997;99.98032319999999;100.0;100.0;100.0;99.93959359999997;99.93959359999997;99.93959359999997;99.93959359999997;99.93959359999997;99.96749519999999;99.93959359999997;99.93959359999997;99.96979679999998;99.96979679999998;99.95081599999999;99.96979679999998;99.95081599999999;100.0;100.0;100.0;99.96749519999999;100.0;100.0;100.0;99.96979679999998;99.96339039999998;99.96979679999998;99.96979679999998;99.95081599999999;99.95081599999999;99.90939039999995;99.96749519999999;99.90939039999995;99.90939039999995;99.90939039999995;99.90939039999995;99.96979679999998;99.96339039999998;99.93959359999997;99.93959359999997;99.93959359999997;99.95081599999999;99.96749519999999;99.96979679999998;99.96979679999998;99.95081599999999;99.96749519999999;99.96749519999999;99.96749519999999;
1800.0505013333343;100.0;99.96607439999998;99.96607439999998;99.95081599999999;99.96979679999998;99.96979679999998;99.93959359999997;99.96979679999998;99.95081599999999;99.93959359999997;99.96749519999999;99.93959359999997;99.98032319999999;100.0;100.0;100.0;99.93959359999997;99.93959359999997;99.93959359999997;99.93959359999997;99.93959359999997;99.96749519999999;99.93959359999997;99.93959359999997;99.96979679999998;99.96979679999998;99.95081599999999;99.96979679999998;99.95081599999999;100.0;100.0;100.0;99.96749519999999;100.0;100.0;100.0;99.96979679999998;99.95012959999998;99.96979679999998;99.96979679999998;99.95081599999999;99.95081599999999;99.90939039999995;99.96749519999999;99.90939039999995;99.90939039999995;99.90939039999995;99.90939039999995;99.96979679999998;99.95012959999998;99.93959359999997;99.93959359999997;99.93959359999997;99.95081599999999;99.96749519999999;99.96979679999998;99.96979679999998;99.95081599999999;99.96749519999999;99.96749519999999;99.96749519999999;
1800.059412000001;100.0;99.96607439999998;99.96607439999998;99.95081599999999;99.96979679999998;99.96979679999998;99.93959359999997;99.96979679999998;99.95081599999999;99.93959359999997;99.96749519999999;99.93959359999997;99.98032319999999;100.0;100.0;100.0;99.93959359999997;99.93959359999997;99.93959359999997;99.93959359999997;99.93959359999997;99.96749519999999;99.93959359999997;99.93959359999997;99.96979679999998;99.96979679999998;99.95081599999999;99.96979679999998;99.95081599999999;100.0;100.0;100.0;99.96749519999999;100.0;100.0;100.0;99.96979679999998;99.95012959999998;99.96979679999998;99.96979679999998;99.95081599999999;99.95081599999999;99.90939039999995;99.96749519999999;99.90939039999995;99.90939039999995;99.90939039999995;99.90939039999995;99.96979679999998;99.95012959999998;99.93959359999997;99.93959359999997;99.93959359999997;99.95081599999999;99.96749519999999;99.96979679999998;99.96979679999998;99.95081599999999;99.96749519999999;99.96749519999999;99.96749519999999;
1800.0732466666677;100.0;99.96607439999998;99.96607439999998;99.95081599999999;99.96339039999998;99.96979679999998;99.93959359999997;99.96339039999998;99.95081599999999;99.93959359999997;99.96749519999999;99.93959359999997;99.98032319999999;100.0;100.0;100.0;99.93959359999997;99.93959359999997;99.93959359999997;99.93959359999997;99.93959359999997;99.96749519999999;99.93959359999997;99.93959359999997;99.96979679999998;99.96339039999998;99.95081599999999;99.96339039999998;99.95081599999999;100.0;100.0;100.0;99.96749519999999;100.0;100.0;100.0;99.96979679999998;99.95012959999998;99.96979679999998;99.96339039999998;99.95081599999999;99.95081599999999;99.90939039999995;99.96749519999999;99.90939039999995;99.90939039999995;99.90939039999995;99.90939039999995;99.96979679999998;99.95012959999998;99.93959359999997;99.93959359999997;99.93318719999996;99.95081599999999;99.96749519999999;99.96979679999998;99.96339039999998;99.95081599999999;99.96749519999999;99.96749519999999;99.96749519999999;
1800.0732466666677;100.0;99.96607439999998;99.96607439999998;99.95081599999999;99.95012959999998;99.96979679999998;99.93959359999997;99.95012959999998;99.95081599999999;99.93959359999997;99.96749519999999;99.93959359999997;99.98032319999999;100.0;100.0;100.0;99.93959359999997;99.93959359999997;99.93959359999997;99.93959359999997;99.93959359999997;99.96749519999999;99.93959359999997;99.93959359999997;99.96979679999998;99.95012959999998;99.95081599999999;99.95012959999998;99.95081599999999;100.0;100.0;100.0;99.96749519999999;100.0;100.0;100.0;99.96979679999998;99.95012959999998;99.96979679999998;99.95012959999998;99.95081599999999;99.95081599999999;99.90939039999995;99.96749519999999;99.90939039999995;99.90939039999995;99.90939039999995;99.90939039999995;99.96979679999998;99.95012959999998;99.93959359999997;99.93959359999997;99.91992639999997;99.95081599999999;99.96749519999999;99.96979679999998;99.95012959999998;99.95081599999999;99.96749519999999;99.96749519999999;99.96749519999999;
1800.074336000001;100.0;99.96607439999998;99.96607439999998;99.95081599999999;99.95012959999998;99.96979679999998;99.93959359999997;99.95012959999998;99.95081599999999;99.93959359999997;99.96749519999999;99.93959359999997;99.98032319999999;100.0;100.0;100.0;99.93959359999997;99.93959359999997;99.93959359999997;99.93959359999997;99.93959359999997;99.96749519999999;99.93959359999997;99.93959359999997;99.96979679999998;99.95012959999998;99.95081599999999;99.95012959999998;99.95081599999999;100.0;100.0;100.0;99.96749519999999;100.0;100.0;100.0;99.96339039999998;99.95012959999998;99.96979679999998;99.95012959999998;99.95081599999999;99.95081599999999;99.90939039999995;99.96749519999999;99.90939039999995;99.90939039999995;99.90939039999995;99.90939039999995;99.96339039999998;99.95012959999998;99.93959359999997;99.93959359999997;99.91992639999997;99.95081599999999;99.96749519999999;99.96979679999998;99.95012959999998;99.95081599999999;99.96749519999999;99.96749519999999;99.96749519999999;
1800.074336000001;100.0;99.96607439999998;99.96607439999998;99.95081599999999;99.95012959999998;99.96979679999998;99.93959359999997;99.95012959999998;99.95081599999999;99.93959359999997;99.96749519999999;99.93959359999997;99.98032319999999;100.0;100.0;100.0;99.93959359999997;99.93959359999997;99.93959359999997;99.93959359999997;99.93959359999997;99.96749519999999;99.93959359999997;99.93959359999997;99.96979679999998;99.95012959999998;99.95081599999999;99.95012959999998;99.95081599999999;100.0;100.0;100.0;99.96749519999999;100.0;100.0;100.0;99.95012959999998;99.95012959999998;99.96979679999998;99.95012959999998;99.95081599999999;99.95081599999999;99.90939039999995;99.96749519999999;99.90939039999995;99.90939039999995;99.90939039999995;99.90939039999995;99.95012959999998;99.95012959999998;99.93959359999997;99.93959359999997;99.91992639999997;99.95081599999999;99.96749519999999;99.96979679999998;99.95012959999998;99.95081599999999;99.96749519999999;99.96749519999999;99.96749519999999;
1800.084336000001;100.0;99.96607439999998;99.96607439999998;99.95081599999999;99.95012959999998;99.96979679999998;99.93959359999997;99.95012959999998;99.95081599999999;99.93959359999997;99.96749519999999;99.93959359999997;99.98032319999999;100.0;100.0;100.0;99.93959359999997;99.93959359999997;99.93959359999997;99.93959359999997;99.93959359999997;99.96749519999999;99.93959359999997;99.93959359999997;99.96979679999998;99.95012959999998;99.95081599999999;99.95012959999998;99.95081599999999;100.0;100.0;100.0;99.96749519999999;100.0;100.0;100.0;99.95012959999998;99.95012959999998;99.96979679999998;99.95012959999998;99.95081599999999;99.95081599999999;99.90939039999995;99.96749519999999;99.90939039999995;99.90939039999995;99.90939039999995;99.90939039999995;99.95012959999998;99.95012959999998;99.93959359999997;99.93959359999997;99.91992639999997;99.95081599999999;99.96749519999999;99.96979679999998;99.95012959999998;99.95081599999999;99.96749519999999;99.96749519999999;99.96749519999999;
1800.0970813333345;100.0;99.96607439999998;99.96607439999998;99.95081599999999;99.95012959999998;99.96339039999998;99.93318719999996;99.95012959999998;99.95081599999999;99.93959359999997;99.96749519999999;99.93959359999997;99.98032319999999;100.0;100.0;100.0;99.93959359999997;99.93959359999997;99.93959359999997;99.93959359999997;99.93959359999997;99.96749519999999;99.93959359999997;99.93318719999996;99.96339039999998;99.95012959999998;99.95081599999999;99.95012959999998;99.95081599999999;100.0;100.0;100.0;99.96749519999999;100.0;100.0;100.0;99.95012959999998;99.95012959999998;99.96339039999998;99.95012959999998;99.95081599999999;99.95081599999999;99.90939039999995;99.96749519999999;99.90939039999995;99.90939039999995;99.90939039999995;99.90939039999995;99.95012959999998;99.95012959999998;99.93959359999997;99.93318719999996;99.91992639999997;99.95081599999999;99.96749519999999;99.96339039999998;99.95012959999998;99.95081599999999;99.96749519999999;99.96749519999999;99.96749519999999;
1800.0970813333345;100.0;99.96607439999998;99.96607439999998;99.95081599999999;99.95012959999998;99.95012959999998;99.91992639999997;99.95012959999998;99.95081599999999;99.93959359999997;99.96749519999999;99.93959359999997;99.98032319999999;100.0;100.0;100.0;99.93959359999997;99.93959359999997;99.93959359999997;99.93959359999997;99.93959359999997;99.96749519999999;99.93959359999997;99.91992639999997;99.95012959999998;99.95012959999998;99.95081599999999;99.95012959999998;99.95081599999999;100.0;100.0;100.0;99.96749519999999;100.0;100.0;100.0;99.95012959999998;99.95012959999998;99.95012959999998;99.95012959999998;99.95081599999999;99.95081599999999;99.90939039999995;99.96749519999999;99.90939039999995;99.90939039999995;99.90939039999995;99.90939039999995;99.95012959999998;99.95012959999998;99.93959359999997;99.91992639999997;99.91992639999997;99.95081599999999;99.96749519999999;99.95012959999998;99.95012959999998;99.95081599999999;99.96749519999999;99.96749519999999;99.96749519999999;
1800.0981706666678;100.0;99.96607439999998;99.96607439999998;99.95081599999999;99.95012959999998;99.95012959999998;99.91992639999997;99.95012959999998;99.95081599999999;99.93959359999997;99.96749519999999;99.93959359999997;99.98032319999999;100.0;100.0;100.0;99.93959359999997;99.93959359999997;99.93959359999997;99.93959359999997;99.93959359999997;99.96749519999999;99.93959359999997;99.91992639999997;99.95012959999998;99.95012959999998;99.95081599999999;99.95012959999998;99.95081599999999;100.0;100.0;100.0;99.96749519999999;100.0;100.0;100.0;99.95012959999998;99.95012959999998;99.95012959999998;99.95012959999998;99.95081599999999;99.95081599999999;99.90939039999995;99.96749519999999;99.90939039999995;99.90939039999995;99.90939039999995;99.90298399999995;99.95012959999998;99.95012959999998;99.93959359999997;99.91992639999997;99.91992639999997;99.95081599999999;99.96749519999999;99.95012959999998;99.95012959999998;99.95081599999999;99.96749519999999;99.96749519999999;99.96749519999999;
1800.0981706666678;100.0;99.96607439999998;99.96607439999998;99.95081599999999;99.95012959999998;99.95012959999998;99.91992639999997;99.95012959999998;99.95081599999999;99.93959359999997;99.96749519999999;99.93959359999997;99.98032319999999;100.0;100.0;100.0;99.93959359999997;99.93959359999997;99.93959359999997;99.93959359999997;99.93959359999997;99.96749519999999;99.93959359999997;99.91992639999997;99.95012959999998;99.95012959999998;99.95081599999999;99.95012959999998;99.95081599999999;100.0;100.0;100.0;99.96749519999999;100.0;100.0;100.0;99.95012959999998;99.95012959999998;99.95012959999998;99.95012959999998;99.95081599999999;99.95081599999999;99.90939039999995;99.96749519999999;99.90939039999995;99.90939039999995;99.90939039999995;99.88972319999995;99.95012959999998;99.95012959999998;99.93959359999997;99.91992639999997;99.91992639999997;99.95081599999999;99.96749519999999;99.95012959999998;99.95012959999998;99.95081599999999;99.96749519999999;99.96749519999999;99.96749519999999;
1800.1070813333345;100.0;99.96607439999998;99.96607439999998;99.95081599999999;99.95012959999998;99.95012959999998;99.91992639999997;99.95012959999998;99.95081599999999;99.93959359999997;99.96749519999999;99.93959359999997;99.98032319999999;100.0;100.0;100.0;99.93959359999997;99.93959359999997;99.93959359999997;99.93959359999997;99.93959359999997;99.96749519999999;99.93959359999997;99.91992639999997;99.95012959999998;99.95012959999998;99.95081599999999;99.95012959999998;99.95081599999999;100.0;100.0;100.0;99.96749519999999;100.0;100.0;100.0;99.95012959999998;99.95012959999998;99.95012959999998;99.95012959999998;99.95081599999999;99.95081599999999;99.90939039999995;99.96749519999999;99.90939039999995;99.90939039999995;99.90939039999995;99.88972319999995;99.95012959999998;99.95012959999998;99.93959359999997;99.91992639999997;99.91992639999997;99.95081599999999;99.96749519999999;99.95012959999998;99.95012959999998;99.95081599999999;99.96749519999999;99.96749519999999;99.96749519999999;
1800.1081706666678;100.0;99.96607439999998;99.96607439999998;99.95081599999999;99.95012959999998;99.95012959999998;99.91992639999997;99.95012959999998;99.95081599999999;99.93959359999997;99.96749519999999;99.93959359999997;99.98032319999999;100.0;100.0;100.0;99.93959359999997;99.93959359999997;99.93959359999997;99.93959359999997;99.93959359999997;99.96749519999999;99.93959359999997;99.91992639999997;99.95012959999998;99.95012959999998;99.95081599999999;99.95012959999998;99.95081599999999;100.0;100.0;100.0;99.96749519999999;100.0;100.0;100.0;99.95012959999998;99.95012959999998;99.95012959999998;99.95012959999998;99.95081599999999;99.95081599999999;99.90939039999995;99.96749519999999;99.90939039999995;99.90939039999995;99.90939039999995;99.88972319999995;99.95012959999998;99.95012959999998;99.93959359999997;99.91992639999997;99.91992639999997;99.95081599999999;99.96749519999999;99.95012959999998;99.95012959999998;99.95081599999999;99.96749519999999;99.96749519999999;99.96749519999999;
1800.1209160000012;100.0;99.96607439999998;99.96607439999998;99.95081599999999;99.95012959999998;99.95012959999998;99.91351999999996;99.95012959999998;99.95081599999999;99.93318719999996;99.96749519999999;99.93959359999997;99.98032319999999;100.0;100.0;100.0;99.93959359999997;99.93959359999997;99.93959359999997;99.93959359999997;99.93959359999997;99.96749519999999;99.93318719999996;99.91351999999996;99.95012959999998;99.95012959999998;99.95081599999999;99.95012959999998;99.95081599999999;100.0;100.0;100.0;99.96749519999999;100.0;100.0;100.0;99.95012959999998;99.95012959999998;99.95012959999998;99.95012959999998;99.95081599999999;99.95081599999999;99.90939039999995;99.96749519999999;99.90939039999995;99.90939039999995;99.90939039999995;99.88972319999995;99.95012959999998;99.95012959999998;99.93318719999996;99.91992639999997;99.91351999999996;99.95081599999999;99.96749519999999;99.95012959999998;99.95012959999998;99.95081599999999;99.96749519999999;99.96749519999999;99.96749519999999;
1800.1209160000012;100.0;99.96607439999998;99.96607439999998;99.95081599999999;99.95012959999998;99.95012959999998;99.90025919999997;99.95012959999998;99.95081599999999;99.91992639999997;99.96749519999999;99.93959359999997;99.98032319999999;100.0;100.0;100.0;99.93959359999997;99.93959359999997;99.93959359999997;99.93959359999997;99.93959359999997;99.96749519999999;99.91992639999997;99.90025919999997;99.95012959999998;99.95012959999998;99.95081599999999;99.95012959999998;99.95081599999999;100.0;100.0;100.0;99.96749519999999;100.0;100.0;100.0;99.95012959999998;99.95012959999998;99.95012959999998;99.95012959999998;99.95081599999999;99.95081599999999;99.90939039999995;99.96749519999999;99.90939039999995;99.90939039999995;99.90939039999995;99.88972319999995;99.95012959999998;99.95012959999998;99.91992639999997;99.91992639999997;99.90025919999997;99.95081599999999;99.96749519999999;99.95012959999998;99.95012959999998;99.95081599999999;99.96749519999999;99.96749519999999;99.96749519999999;
1800.1220053333345;100.0;99.96607439999998;99.96607439999998;99.95081599999999;99.95012959999998;99.95012959999998;99.90025919999997;99.95012959999998;99.95081599999999;99.91992639999997;99.96749519999999;99.93959359999997;99.98032319999999;100.0;100.0;100.0;99.93959359999997;99.93959359999997;99.93959359999997;99.93959359999997;99.93959359999997;99.96749519999999;99.91992639999997;99.90025919999997;99.95012959999998;99.95012959999998;99.95081599999999;99.95012959999998;99.95081599999999;100.0;100.0;100.0;99.96749519999999;100.0;100.0;100.0;99.95012959999998;99.95012959999998;99.95012959999998;99.95012959999998;99.95081599999999;99.95081599999999;99.90939039999995;99.96749519999999;99.90939039999995;99.90939039999995;99.90298399999995;99.88972319999995;99.95012959999998;99.95012959999998;99.91992639999997;99.91992639999997;99.90025919999997;99.95081599999999;99.96749519999999;99.95012959999998;99.95012959999998;99.95081599999999;99.96749519999999;99.96749519999999;99.96749519999999;
1800.1220053333345;100.0;99.96607439999998;99.96607439999998;99.95081599999999;99.95012959999998;99.95012959999998;99.90025919999997;99.95012959999998;99.95081599999999;99.91992639999997;99.96749519999999;99.93959359999997;99.98032319999999;100.0;100.0;100.0;99.93959359999997;99.93959359999997;99.93959359999997;99.93959359999997;99.93959359999997;99.96749519999999;99.91992639999997;99.90025919999997;99.95012959999998;99.95012959999998;99.95081599999999;99.95012959999998;99.95081599999999;100.0;100.0;100.0;99.96749519999999;100.0;100.0;100.0;99.95012959999998;99.95012959999998;99.95012959999998;99.95012959999998;99.95081599999999;99.95081599999999;99.90939039999995;99.96749519999999;99.90939039999995;99.90939039999995;99.88972319999995;99.88972319999995;99.95012959999998;99.95012959999998;99.91992639999997;99.91992639999997;99.90025919999997;99.95081599999999;99.96749519999999;99.95012959999998;99.95012959999998;99.95081599999999;99.96749519999999;99.96749519999999;99.96749519999999;
1800.1309160000012;100.0;99.96607439999998;99.96607439999998;99.95081599999999;99.95012959999998;99.95012959999998;99.90025919999997;99.95012959999998;99.95081599999999;99.91992639999997;99.96749519999999;99.93959359999997;99.98032319999999;100.0;100.0;100.0;99.93959359999997;99.93959359999997;99.93959359999997;99.93959359999997;99.93959359999997;99.96749519999999;99.91992639999997;99.90025919999997;99.95012959999998;99.95012959999998;99.95081599999999;99.95012959999998;99.95081599999999;100.0;100.0;100.0;99.96749519999999;100.0;100.0;100.0;99.95012959999998;99.95012959999998;99.95012959999998;99.95012959999998;99.95081599999999;99.95081599999999;99.90939039999995;99.96749519999999;99.90939039999995;99.90939039999995;99.88972319999995;99.88972319999995;99.95012959999998;99.95012959999998;99.91992639999997;99.91992639999997;99.90025919999997;99.95081599999999;99.96749519999999;99.95012959999998;99.95012959999998;99.95081599999999;99.96749519999999;99.96749519999999;99.96749519999999;
1800.144750666668;100.0;99.96607439999998;99.96607439999998;99.95081599999999;99.95012959999998;99.95012959999998;99.90025919999997;99.95012959999998;99.95081599999999;99.91351999999996;99.96749519999999;99.93318719999996;99.98032319999999;100.0;100.0;100.0;99.93959359999997;99.93959359999997;99.93959359999997;99.93959359999997;99.93318719999996;99.96749519999999;99.91351999999996;99.90025919999997;99.95012959999998;99.95012959999998;99.95081599999999;99.95012959999998;99.95081599999999;100.0;100.0;100.0;99.96749519999999;100.0;100.0;100.0;99.95012959999998;99.95012959999998;99.95012959999998;99.95012959999998;99.95081599999999;99.95081599999999;99.90939039999995;99.96749519999999;99.90939039999995;99.90939039999995;99.88972319999995;99.88331679999995;99.95012959999998;99.95012959999998;99.91992639999997;99.91351999999996;99.90025919999997;99.95081599999999;99.96749519999999;99.95012959999998;99.95012959999998;99.95081599999999;99.96749519999999;99.96749519999999;99.96749519999999;
1800.144750666668;100.0;99.96607439999998;99.96607439999998;99.95081599999999;99.95012959999998;99.95012959999998;99.90025919999997;99.95012959999998;99.95081599999999;99.90025919999997;99.96749519999999;99.91992639999997;99.98032319999999;100.0;100.0;100.0;99.93959359999997;99.93959359999997;99.93959359999997;99.93959359999997;99.91992639999997;99.96749519999999;99.90025919999997;99.90025919999997;99.95012959999998;99.95012959999998;99.95081599999999;99.95012959999998;99.95081599999999;100.0;100.0;100.0;99.96749519999999;100.0;100.0;100.0;99.95012959999998;99.95012959999998;99.95012959999998;99.95012959999998;99.95081599999999;99.95081599999999;99.90939039999995;99.96749519999999;99.90939039999995;99.90939039999995;99.88972319999995;99.87005599999995;99.95012959999998;99.95012959999998;99.91992639999997;99.90025919999997;99.90025919999997;99.95081599999999;99.96749519999999;99.95012959999998;99.95012959999998;99.95081599999999;99.96749519999999;99.96749519999999;99.96749519999999;
1800.1458400000013;100.0;99.96607439999998;99.96607439999998;99.95081599999999;99.95012959999998;99.95012959999998;99.90025919999997;99.95012959999998;99.95081599999999;99.90025919999997;99.96749519999999;99.91992639999997;99.98032319999999;100.0;100.0;100.0;99.93959359999997;99.93959359999997;99.93959359999997;99.93959359999997;99.91992639999997;99.96749519999999;99.90025919999997;99.90025919999997;99.95012959999998;99.95012959999998;99.95081599999999;99.95012959999998;99.95081599999999;100.0;100.0;100.0;99.96749519999999;100.0;100.0;100.0;99.95012959999998;99.95012959999998;99.95012959999998;99.95012959999998;99.95081599999999;99.95081599999999;99.90939039999995;99.96749519999999;99.90939039999995;99.90298399999995;99.88972319999995;99.87005599999995;99.95012959999998;99.95012959999998;99.91992639999997;99.90025919999997;99.90025919999997;99.95081599999999;99.96749519999999;99.95012959999998;99.95012959999998;99.95081599999999;99.96749519999999;99.96749519999999;99.96749519999999;
1800.1458400000013;100.0;99.96607439999998;99.96607439999998;99.95081599999999;99.95012959999998;99.95012959999998;99.90025919999997;99.95012959999998;99.95081599999999;99.90025919999997;99.96749519999999;99.91992639999997;99.98032319999999;100.0;100.0;100.0;99.93959359999997;99.93959359999997;99.93959359999997;99.93959359999997;99.91992639999997;99.96749519999999;99.90025919999997;99.90025919999997;99.95012959999998;99.95012959999998;99.95081599999999;99.95012959999998;99.95081599999999;100.0;100.0;100.0;99.96749519999999;100.0;100.0;100.0;99.95012959999998;99.95012959999998;99.95012959999998;99.95012959999998;99.95081599999999;99.95081599999999;99.90939039999995;99.96749519999999;99.90939039999995;99.88972319999995;99.88972319999995;99.87005599999995;99.95012959999998;99.95012959999998;99.91992639999997;99.90025919999997;99.90025919999997;99.95081599999999;99.96749519999999;99.95012959999998;99.95012959999998;99.95081599999999;99.96749519999999;99.96749519999999;99.96749519999999;
1800.154750666668;100.0;99.96607439999998;99.96607439999998;99.95081599999999;99.95012959999998;99.95012959999998;99.90025919999997;99.95012959999998;99.95081599999999;99.90025919999997;99.96749519999999;99.91992639999997;99.98032319999999;100.0;100.0;100.0;99.93959359999997;99.93959359999997;99.93959359999997;99.93959359999997;99.91992639999997;99.96749519999999;99.90025919999997;99.90025919999997;99.95012959999998;99.95012959999998;99.95081599999999;99.95012959999998;99.95081599999999;100.0;100.0;100.0;99.96749519999999;100.0;100.0;100.0;99.95012959999998;99.95012959999998;99.95012959999998;99.95012959999998;99.95081599999999;99.95081599999999;99.90939039999995;99.96749519999999;99.90939039999995;99.88972319999995;99.88972319999995;99.87005599999995;99.95012959999998;99.95012959999998;99.91992639999997;99.90025919999997;99.90025919999997;99.95081599999999;99.96749519999999;99.95012959999998;99.95012959999998;99.95081599999999;99.96749519999999;99.96749519999999;99.96749519999999;
1800.1685853333347;100.0;99.96607439999998;99.96607439999998;99.95081599999999;99.95012959999998;99.95012959999998;99.90025919999997;99.95012959999998;99.95081599999999;99.90025919999997;99.96749519999999;99.91351999999996;99.97391679999998;100.0;100.0;100.0;99.93959359999997;99.93959359999997;99.93959359999997;99.93318719999996;99.91351999999996;99.96749519999999;99.90025919999997;99.90025919999997;99.95012959999998;99.95012959999998;99.95081599999999;99.95012959999998;99.95081599999999;100.0;100.0;100.0;99.96749519999999;100.0;100.0;100.0;99.95012959999998;99.95012959999998;99.95012959999998;99.95012959999998;99.95081599999999;99.95081599999999;99.90939039999995;99.96749519999999;99.90939039999995;99.88972319999995;99.88331679999995;99.87005599999995;99.95012959999998;99.95012959999998;99.91351999999996;99.90025919999997;99.90025919999997;99.95081599999999;99.96749519999999;99.95012959999998;99.95012959999998;99.95081599999999;99.96749519999999;99.96749519999999;99.96749519999999;
1800.1685853333347;100.0;99.96607439999998;99.96607439999998;99.95081599999999;99.95012959999998;99.95012959999998;99.90025919999997;99.95012959999998;99.95081599999999;99.90025919999997;99.96749519999999;99.90025919999997;99.97391679999998;100.0;100.0;100.0;99.93959359999997;99.93959359999997;99.93959359999997;99.91992639999997;99.90025919999997;99.96749519999999;99.90025919999997;99.90025919999997;99.95012959999998;99.95012959999998;99.95081599999999;99.95012959999998;99.95081599999999;100.0;100.0;100.0;99.96749519999999;100.0;100.0;100.0;99.95012959999998;99.95012959999998;99.95012959999998;99.95012959999998;99.95081599999999;99.95081599999999;99.90939039999995;99.96749519999999;99.90939039999995;99.88972319999995;99.87005599999995;99.87005599999995;99.95012959999998;99.95012959999998;99.90025919999997;99.90025919999997;99.90025919999997;99.95081599999999;99.96749519999999;99.95012959999998;99.95012959999998;99.95081599999999;99.96749519999999;99.96749519999999;99.96749519999999;
1800.169674666668;100.0;99.96607439999998;99.96607439999998;99.95081599999999;99.95012959999998;99.95012959999998;99.90025919999997;99.95012959999998;99.95081599999999;99.90025919999997;99.96749519999999;99.90025919999997;99.97391679999998;100.0;100.0;100.0;99.93959359999997;99.93959359999997;99.93959359999997;99.91992639999997;99.90025919999997;99.96749519999999;99.90025919999997;99.90025919999997;99.95012959999998;99.95012959999998;99.95081599999999;99.95012959999998;99.95081599999999;100.0;100.0;100.0;99.96749519999999;100.0;100.0;100.0;99.95012959999998;99.95012959999998;99.95012959999998;99.95012959999998;99.95081599999999;99.95081599999999;99.90939039999995;99.96749519999999;99.90298399999995;99.88972319999995;99.87005599999995;99.87005599999995;99.95012959999998;99.95012959999998;99.90025919999997;99.90025919999997;99.90025919999997;99.95081599999999;99.96749519999999;99.95012959999998;99.95012959999998;99.95081599999999;99.96749519999999;99.96749519999999;99.96749519999999;
1800.169674666668;100.0;99.96607439999998;99.96607439999998;99.95081599999999;99.95012959999998;99.95012959999998;99.90025919999997;99.95012959999998;99.95081599999999;99.90025919999997;99.96749519999999;99.90025919999997;99.97391679999998;100.0;100.0;100.0;99.93959359999997;99.93959359999997;99.93959359999997;99.91992639999997;99.90025919999997;99.96749519999999;99.90025919999997;99.90025919999997;99.95012959999998;99.95012959999998;99.95081599999999;99.95012959999998;99.95081599999999;100.0;100.0;100.0;99.96749519999999;100.0;100.0;100.0;99.95012959999998;99.95012959999998;99.95012959999998;99.95012959999998;99.95081599999999;99.95081599999999;99.90939039999995;99.96749519999999;99.88972319999995;99.88972319999995;99.87005599999995;99.87005599999995;99.95012959999998;99.95012959999998;99.90025919999997;99.90025919999997;99.90025919999997;99.95081599999999;99.96749519999999;99.95012959999998;99.95012959999998;99.95081599999999;99.96749519999999;99.96749519999999;99.96749519999999;
1800.1924200000014;100.0;99.96607439999998;99.96607439999998;99.95081599999999;99.95012959999998;99.95012959999998;99.90025919999997;99.95012959999998;99.95081599999999;99.90025919999997;99.96749519999999;99.90025919999997;99.96751039999998;100.0;100.0;100.0;99.93959359999997;99.93959359999997;99.93318719999996;99.91351999999996;99.90025919999997;99.96749519999999;99.90025919999997;99.90025919999997;99.95012959999998;99.95012959999998;99.95081599999999;99.95012959999998;99.95081599999999;100.0;100.0;100.0;99.96749519999999;100.0;100.0;100.0;99.95012959999998;99.95012959999998;99.95012959999998;99.95012959999998;99.95081599999999;99.95081599999999;99.90939039999995;99.96749519999999;99.88972319999995;99.88331679999995;99.87005599999995;99.86364959999995;99.95012959999998;99.95012959999998;99.90025919999997;99.90025919999997;99.90025919999997;99.95081599999999;99.96749519999999;99.95012959999998;99.95012959999998;99.95081599999999;99.96749519999999;99.96749519999999;99.96749519999999;
1800.1924200000014;100.0;99.96607439999998;99.96607439999998;99.95081599999999;99.95012959999998;99.95012959999998;99.90025919999997;99.95012959999998;99.95081599999999;99.90025919999997;99.96749519999999;99.90025919999997;99.96751039999998;100.0;100.0;100.0;99.93959359999997;99.93959359999997;99.91992639999997;99.90025919999997;99.90025919999997;99.96749519999999;99.90025919999997;99.90025919999997;99.95012959999998;99.95012959999998;99.95081599999999;99.95012959999998;99.95081599999999;100.0;100.0;100.0;99.96749519999999;100.0;100.0;100.0;99.95012959999998;99.95012959999998;99.95012959999998;99.95012959999998;99.95081599999999;99.95081599999999;99.90939039999995;99.96749519999999;99.88972319999995;99.87005599999995;99.87005599999995;99.85038879999995;99.95012959999998;99.95012959999998;99.90025919999997;99.90025919999997;99.90025919999997;99.95081599999999;99.96749519999999;99.95012959999998;99.95012959999998;99.95081599999999;99.96749519999999;99.96749519999999;99.96749519999999;
1800.1935093333348;100.0;99.96607439999998;99.96607439999998;99.95081599999999;99.95012959999998;99.95012959999998;99.90025919999997;99.95012959999998;99.95081599999999;99.90025919999997;99.96749519999999;99.90025919999997;99.96751039999998;100.0;100.0;100.0;99.93959359999997;99.93959359999997;99.91992639999997;99.90025919999997;99.90025919999997;99.96749519999999;99.90025919999997;99.90025919999997;99.95012959999998;99.95012959999998;99.95081599999999;99.95012959999998;99.95081599999999;100.0;100.0;100.0;99.96749519999999;100.0;100.0;100.0;99.95012959999998;99.95012959999998;99.95012959999998;99.95012959999998;99.95081599999999;99.95081599999999;99.90298399999995;99.96749519999999;99.88972319999995;99.87005599999995;99.87005599999995;99.85038879999995;99.95012959999998;99.95012959999998;99.90025919999997;99.90025919999997;99.90025919999997;99.95081599999999;99.96749519999999;99.95012959999998;99.95012959999998;99.95081599999999;99.96749519999999;99.96749519999999;99.96749519999999;
1800.1935093333348;100.0;99.96607439999998;99.96607439999998;99.95081599999999;99.95012959999998;99.95012959999998;99.90025919999997;99.95012959999998;99.95081599999999;99.90025919999997;99.96749519999999;99.90025919999997;99.96751039999998;100.0;100.0;100.0;99.93959359999997;99.93959359999997;99.91992639999997;99.90025919999997;99.90025919999997;99.96749519999999;99.90025919999997;99.90025919999997;99.95012959999998;99.95012959999998;99.95081599999999;99.95012959999998;99.95081599999999;100.0;100.0;100.0;99.96749519999999;100.0;100.0;100.0;99.95012959999998;99.95012959999998;99.95012959999998;99.95012959999998;99.95081599999999;99.95081599999999;99.88972319999995;99.96749519999999;99.88972319999995;99.87005599999995;99.87005599999995;99.85038879999995;99.95012959999998;99.95012959999998;99.90025919999997;99.90025919999997;99.90025919999997;99.95081599999999;99.96749519999999;99.95012959999998;99.95012959999998;99.95081599999999;99.96749519999999;99.96749519999999;99.96749519999999;
1800.2024200000014;100.0;99.96607439999998;99.96607439999998;99.95081599999999;99.95012959999998;99.95012959999998;99.90025919999997;99.95012959999998;99.95081599999999;99.90025919999997;99.96749519999999;99.90025919999997;99.96751039999998;100.0;100.0;100.0;99.93959359999997;99.93959359999997;99.91992639999997;99.90025919999997;99.90025919999997;99.96749519999999;99.90025919999997;99.90025919999997;99.95012959999998;99.95012959999998;99.95081599999999;99.95012959999998;99.95081599999999;100.0;100.0;100.0;99.96749519999999;100.0;100.0;100.0;99.95012959999998;99.95012959999998;99.95012959999998;99.95012959999998;99.95081599999999;99.95081599999999;99.88972319999995;99.96749519999999;99.88972319999995;99.87005599999995;99.87005599999995;99.85038879999995;99.95012959999998;99.95012959999998;99.90025919999997;99.90025919999997;99.90025919999997;99.95081599999999;99.96749519999999;99.95012959999998;99.95012959999998;99.95081599999999;99.96749519999999;99.96749519999999;99.96749519999999;
1800.2162546666682;100.0;99.96607439999998;99.96607439999998;99.95081599999999;99.95012959999998;99.95012959999998;99.90025919999997;99.95012959999998;99.95081599999999;99.90025919999997;99.96749519999999;99.90025919999997;99.96751039999998;100.0;100.0;100.0;99.93959359999997;99.93318719999996;99.91351999999996;99.90025919999997;99.90025919999997;99.96749519999999;99.90025919999997;99.90025919999997;99.95012959999998;99.95012959999998;99.95081599999999;99.95012959999998;99.95081599999999;100.0;100.0;100.0;99.96749519999999;100.0;100.0;100.0;99.95012959999998;99.95012959999998;99.95012959999998;99.95012959999998;99.95081599999999;99.95081599999999;99.88972319999995;99.96749519999999;99.88331679999995;99.87005599999995;99.86364959999995;99.85038879999995;99.95012959999998;99.95012959999998;99.90025919999997;99.90025919999997;99.90025919999997;99.95081599999999;99.96749519999999;99.95012959999998;99.95012959999998;99.95081599999999;99.96749519999999;99.96749519999999;99.96749519999999;
1800.2162546666682;100.0;99.96607439999998;99.96607439999998;99.95081599999999;99.95012959999998;99.95012959999998;99.90025919999997;99.95012959999998;99.95081599999999;99.90025919999997;99.96749519999999;99.90025919999997;99.96751039999998;100.0;100.0;100.0;99.93959359999997;99.91992639999997;99.90025919999997;99.90025919999997;99.90025919999997;99.96749519999999;99.90025919999997;99.90025919999997;99.95012959999998;99.95012959999998;99.95081599999999;99.95012959999998;99.95081599999999;100.0;100.0;100.0;99.96749519999999;100.0;100.0;100.0;99.95012959999998;99.95012959999998;99.95012959999998;99.95012959999998;99.95081599999999;99.95081599999999;99.88972319999995;99.96749519999999;99.87005599999995;99.87005599999995;99.85038879999995;99.85038879999995;99.95012959999998;99.95012959999998;99.90025919999997;99.90025919999997;99.90025919999997;99.95081599999999;99.96749519999999;99.95012959999998;99.95012959999998;99.95081599999999;99.96749519999999;99.96749519999999;99.96749519999999;
1800.2173440000015;100.0;99.96607439999998;99.96607439999998;99.95081599999999;99.95012959999998;99.95012959999998;99.90025919999997;99.95012959999998;99.95081599999999;99.90025919999997;99.96749519999999;99.90025919999997;99.96751039999998;100.0;100.0;100.0;99.93959359999997;99.91992639999997;99.90025919999997;99.90025919999997;99.90025919999997;99.96749519999999;99.90025919999997;99.90025919999997;99.95012959999998;99.95012959999998;99.95081599999999;99.95012959999998;99.95081599999999;100.0;100.0;100.0;99.96749519999999;100.0;100.0;100.0;99.95012959999998;99.95012959999998;99.95012959999998;99.95012959999998;99.95081599999999;99.95081599999999;99.88972319999995;99.96749519999999;99.87005599999995;99.87005599999995;99.85038879999995;99.85038879999995;99.95012959999998;99.95012959999998;99.90025919999997;99.90025919999997;99.90025919999997;99.95081599999999;99.96749519999999;99.95012959999998;99.95012959999998;99.95081599999999;99.96749519999999;99.96749519999999;99.96749519999999;
1800.240089333335;100.0;99.96607439999998;99.96607439999998;99.95081599999999;99.95012959999998;99.95012959999998;99.90025919999997;99.95012959999998;99.95081599999999;99.90025919999997;99.96749519999999;99.90025919999997;99.96751039999998;100.0;100.0;100.0;99.93318719999996;99.91351999999996;99.90025919999997;99.90025919999997;99.90025919999997;99.96749519999999;99.90025919999997;99.90025919999997;99.95012959999998;99.95012959999998;99.95081599999999;99.95012959999998;99.95081599999999;100.0;100.0;100.0;99.96749519999999;100.0;100.0;100.0;99.95012959999998;99.95012959999998;99.95012959999998;99.95012959999998;99.95081599999999;99.95081599999999;99.88331679999995;99.96749519999999;99.87005599999995;99.86364959999995;99.85038879999995;99.85038879999995;99.95012959999998;99.95012959999998;99.90025919999997;99.90025919999997;99.90025919999997;99.95081599999999;99.96749519999999;99.95012959999998;99.95012959999998;99.95081599999999;99.96749519999999;99.96749519999999;99.96749519999999;
1800.240089333335;100.0;99.96607439999998;99.96607439999998;99.95081599999999;99.95012959999998;99.95012959999998;99.90025919999997;99.95012959999998;99.95081599999999;99.90025919999997;99.96749519999999;99.90025919999997;99.96751039999998;100.0;100.0;100.0;99.91992639999997;99.90025919999997;99.90025919999997;99.90025919999997;99.90025919999997;99.96749519999999;99.90025919999997;99.90025919999997;99.95012959999998;99.95012959999998;99.95081599999999;99.95012959999998;99.95081599999999;100.0;100.0;100.0;99.96749519999999;100.0;100.0;100.0;99.95012959999998;99.95012959999998;99.95012959999998;99.95012959999998;99.95081599999999;99.95081599999999;99.87005599999995;99.96749519999999;99.87005599999995;99.85038879999995;99.85038879999995;99.85038879999995;99.95012959999998;99.95012959999998;99.90025919999997;99.90025919999997;99.90025919999997;99.95081599999999;99.96749519999999;99.95012959999998;99.95012959999998;99.95081599999999;99.96749519999999;99.96749519999999;99.96749519999999;
1800.2639240000017;100.0;99.96607439999998;99.96607439999998;99.95081599999999;99.95012959999998;99.95012959999998;99.90025919999997;99.95012959999998;99.95081599999999;99.90025919999997;99.96749519999999;99.90025919999997;99.96751039999998;100.0;100.0;100.0;99.91351999999996;99.90025919999997;99.90025919999997;99.90025919999997;99.90025919999997;99.96749519999999;99.90025919999997;99.90025919999997;99.95012959999998;99.95012959999998;99.95081599999999;99.95012959999998;99.95081599999999;100.0;100.0;100.0;99.96749519999999;100.0;100.0;100.0;99.95012959999998;99.95012959999998;99.95012959999998;99.95012959999998;99.95081599999999;99.95081599999999;99.87005599999995;99.96749519999999;99.86364959999995;99.85038879999995;99.85038879999995;99.85038879999995;99.95012959999998;99.95012959999998;99.90025919999997;99.90025919999997;99.90025919999997;99.95081599999999;99.96749519999999;99.95012959999998;99.95012959999998;99.95081599999999;99.96749519999999;99.96749519999999;99.96749519999999;
1800.2639240000017;100.0;99.96607439999998;99.96607439999998;99.95081599999999;99.95012959999998;99.95012959999998;99.90025919999997;99.95012959999998;99.95081599999999;99.90025919999997;99.96749519999999;99.90025919999997;99.96751039999998;100.0;100.0;100.0;99.90025919999997;99.90025919999997;99.90025919999997;99.90025919999997;99.90025919999997;99.96749519999999;99.90025919999997;99.90025919999997;99.95012959999998;99.95012959999998;99.95081599999999;99.95012959999998;99.95081599999999;100.0;100.0;100.0;99.96749519999999;100.0;100.0;100.0;99.95012959999998;99.95012959999998;99.95012959999998;99.95012959999998;99.95081599999999;99.95081599999999;99.87005599999995;99.96749519999999;99.85038879999995;99.85038879999995;99.85038879999995;99.85038879999995;99.95012959999998;99.95012959999998;99.90025919999997;99.90025919999997;99.90025919999997;99.95081599999999;99.96749519999999;99.95012959999998;99.95012959999998;99.95081599999999;99.96749519999999;99.96749519999999;99.96749519999999;
1800.2877586666684;100.0;99.96607439999998;99.96607439999998;99.95081599999999;99.95012959999998;99.95012959999998;99.90025919999997;99.95012959999998;99.95081599999999;99.90025919999997;99.96749519999999;99.90025919999997;99.96751039999998;100.0;100.0;100.0;99.90025919999997;99.90025919999997;99.90025919999997;99.90025919999997;99.90025919999997;99.96749519999999;99.90025919999997;99.90025919999997;99.95012959999998;99.95012959999998;99.95081599999999;99.95012959999998;99.95081599999999;100.0;100.0;100.0;99.96749519999999;100.0;100.0;100.0;99.95012959999998;99.95012959999998;99.95012959999998;99.95012959999998;99.95081599999999;99.95081599999999;99.86364959999995;99.96749519999999;99.85038879999995;99.85038879999995;99.85038879999995;99.85038879999995;99.95012959999998;99.95012959999998;99.90025919999997;99.90025919999997;99.90025919999997;99.95081599999999;99.96749519999999;99.95012959999998;99.95012959999998;99.95081599999999;99.96749519999999;99.96749519999999;99.96749519999999;
1800.2877586666684;100.0;99.96607439999998;99.96607439999998;99.95081599999999;99.95012959999998;99.95012959999998;99.90025919999997;99.95012959999998;99.95081599999999;99.90025919999997;99.96749519999999;99.90025919999997;99.96751039999998;100.0;100.0;100.0;99.90025919999997;99.90025919999997;99.90025919999997;99.90025919999997;99.90025919999997;99.96749519999999;99.90025919999997;99.90025919999997;99.95012959999998;99.95012959999998;99.95081599999999;99.95012959999998;99.95081599999999;100.0;100.0;100.0;99.96749519999999;100.0;100.0;100.0;99.95012959999998;99.95012959999998;99.95012959999998;99.95012959999998;99.95081599999999;99.95081599999999;99.85038879999995;99.96749519999999;99.85038879999995;99.85038879999995;99.85038879999995;99.85038879999995;99.95012959999998;99.95012959999998;99.90025919999997;99.90025919999997;99.90025919999997;99.95081599999999;99.96749519999999;99.95012959999998;99.95012959999998;99.95081599999999;99.96749519999999;99.96749519999999;99.96749519999999;
1800.3115933333352;100.0;99.96607439999998;99.96607439999998;99.95081599999999;99.95012959999998;99.95012959999998;99.90025919999997;99.95012959999998;99.95081599999999;99.90025919999997;99.96749519999999;99.90025919999997;99.96751039999998;100.0;100.0;100.0;99.90025919999997;99.90025919999997;99.90025919999997;99.90025919999997;99.90025919999997;99.96749519999999;99.90025919999997;99.90025919999997;99.95012959999998;99.95012959999998;99.95081599999999;99.95012959999998;99.95081599999999;100.0;100.0;100.0;99.96749519999999;100.0;100.0;100.0;99.95012959999998;99.95012959999998;99.95012959999998;99.95012959999998;99.95081599999999;99.95081599999999;99.85038879999995;99.96749519999999;99.85038879999995;99.85038879999995;99.85038879999995;99.85038879999995;99.95012959999998;99.95012959999998;99.90025919999997;99.90025919999997;99.90025919999997;99.95081599999999;99.96749519999999;99.95012959999998;99.95012959999998;99.95081599999999;99.96749519999999;99.96749519999999;99.96749519999999;
2400.000000000002;100.0;99.96607439999998;99.96607439999998;99.95081599999999;99.95012959999998;99.95012959999998;99.90025919999997;99.95012959999998;99.95081599999999;99.90025919999997;99.96749519999999;99.90025919999997;99.96751039999998;100.0;100.0;100.0;99.90025919999997;99.90025919999997;99.90025919999997;99.90025919999997;99.90025919999997;99.96749519999999;99.90025919999997;99.90025919999997;99.95012959999998;99.95012959999998;99.95081599999999;99.95012959999998;99.95081599999999;100.0;100.0;100.0;99.96749519999999;100.0;100.0;100.0;99.95012959999998;99.95012959999998;99.95012959999998;99.95012959999998;99.95081599999999;99.95081599999999;99.85038879999995;99.96749519999999;99.85038879999995;99.85038879999995;99.85038879999995;99.85038879999995;99.95012959999998;99.95012959999998;99.90025919999997;99.90025919999997;99.90025919999997;99.95081599999999;99.96749519999999;99.95012959999998;99.95012959999998;99.95081599999999;99.96749519999999;99.96749519999999;99.96749519999999;
2700.0266666666685;100.0;99.96597439999998;99.96597439999998;99.95081599999999;99.95012959999998;99.95012959999998;99.90025919999997;99.95012959999998;99.95081599999999;99.90025919999997;99.96739519999998;99.90025919999997;99.96751039999998;100.0;100.0;100.0;99.90025919999997;99.90025919999997;99.90025919999997;99.90025919999997;99.90025919999997;99.96739519999998;99.90025919999997;99.90025919999997;99.95012959999998;99.95012959999998;99.95081599999999;99.95012959999998;99.95081599999999;100.0;100.0;100.0;99.96739519999998;100.0;100.0;100.0;99.95012959999998;99.95012959999998;99.95012959999998;99.95012959999998;99.95081599999999;99.95081599999999;99.85038879999995;99.96739519999998;99.85038879999995;99.85038879999995;99.85038879999995;99.85038879999995;99.95012959999998;99.95012959999998;99.90025919999997;99.90025919999997;99.90025919999997;99.95081599999999;99.96739519999998;99.95012959999998;99.95012959999998;99.95081599999999;99.96739519999998;99.96739519999998;99.96739519999998;
2700.0266666666685;100.0;99.96597439999998;99.96597439999998;99.95081599999999;99.95012959999998;99.95012959999998;99.90025919999997;99.95012959999998;99.95081599999999;99.90025919999997;99.95460799999998;99.90025919999997;99.96751039999998;100.0;100.0;100.0;99.90025919999997;99.90025919999997;99.90025919999997;99.90025919999997;99.90025919999997;99.95460799999998;99.90025919999997;99.90025919999997;99.95012959999998;99.95012959999998;99.95081599999999;99.95012959999998;99.95081599999999;100.0;100.0;100.0;99.95460799999998;100.0;100.0;100.0;99.95012959999998;99.95012959999998;99.95012959999998;99.95012959999998;99.95081599999999;99.95081599999999;99.85038879999995;99.95460799999998;99.85038879999995;99.85038879999995;99.85038879999995;99.85038879999995;99.95012959999998;99.95012959999998;99.90025919999997;99.90025919999997;99.90025919999997;99.95081599999999;99.95460799999998;99.95012959999998;99.95012959999998;99.95081599999999;99.95460799999998;99.95460799999998;99.95460799999998;
2700.0266666666685;100.0;99.95271359999998;99.95271359999998;99.95081599999999;99.95012959999998;99.95012959999998;99.90025919999997;99.95012959999998;99.95081599999999;99.90025919999997;99.95460799999998;99.90025919999997;99.96751039999998;100.0;100.0;100.0;99.90025919999997;99.90025919999997;99.90025919999997;99.90025919999997;99.90025919999997;99.95460799999998;99.90025919999997;99.90025919999997;99.95012959999998;99.95012959999998;99.95081599999999;99.95012959999998;99.95081599999999;100.0;100.0;100.0;99.95460799999998;100.0;100.0;100.0;99.95012959999998;99.95012959999998;99.95012959999998;99.95012959999998;99.95081599999999;99.95081599999999;99.85038879999995;99.95460799999998;99.85038879999995;99.85038879999995;99.85038879999995;99.85038879999995;99.95012959999998;99.95012959999998;99.90025919999997;99.90025919999997;99.90025919999997;99.95081599999999;99.95460799999998;99.95012959999998;99.95012959999998;99.95081599999999;99.95460799999998;99.95460799999998;99.95460799999998;
2700.0494120000017;100.0;99.95271359999998;99.95271359999998;99.94463839999999;99.95012959999998;99.95012959999998;99.90025919999997;99.95012959999998;99.94463839999999;99.90025919999997;99.95460799999998;99.90025919999997;99.96751039999998;100.0;100.0;100.0;99.90025919999997;99.90025919999997;99.90025919999997;99.90025919999997;99.90025919999997;99.95460799999998;99.90025919999997;99.90025919999997;99.95012959999998;99.95012959999998;99.94463839999999;99.95012959999998;99.94463839999999;100.0;100.0;100.0;99.95460799999998;100.0;100.0;100.0;99.95012959999998;99.95012959999998;99.95012959999998;99.95012959999998;99.94463839999999;99.94463839999999;99.85038879999995;99.95460799999998;99.85038879999995;99.85038879999995;99.85038879999995;99.85038879999995;99.95012959999998;99.95012959999998;99.90025919999997;99.90025919999997;99.90025919999997;99.94463839999999;99.95460799999998;99.95012959999998;99.95012959999998;99.94463839999999;99.95460799999998;99.95460799999998;99.95460799999998;
2700.0494120000017;100.0;99.95271359999998;99.95271359999998;99.93137759999999;99.95012959999998;99.95012959999998;99.90025919999997;99.95012959999998;99.93137759999999;99.90025919999997;99.95460799999998;99.90025919999997;99.96751039999998;100.0;100.0;100.0;99.90025919999997;99.90025919999997;99.90025919999997;99.90025919999997;99.90025919999997;99.95460799999998;99.90025919999997;99.90025919999997;99.95012959999998;99.95012959999998;99.93137759999999;99.95012959999998;99.93137759999999;100.0;100.0;100.0;99.95460799999998;100.0;100.0;100.0;99.95012959999998;99.95012959999998;99.95012959999998;99.95012959999998;99.93137759999999;99.93137759999999;99.85038879999995;99.95460799999998;99.85038879999995;99.85038879999995;99.85038879999995;99.85038879999995;99.95012959999998;99.95012959999998;99.90025919999997;99.90025919999997;99.90025919999997;99.93137759999999;99.95460799999998;99.95012959999998;99.95012959999998;99.93137759999999;99.95460799999998;99.95460799999998;99.95460799999998;
2700.050501333335;100.0;99.95271359999998;99.95271359999998;99.93137759999999;99.95012959999998;99.95012959999998;99.90025919999997;99.95012959999998;99.93137759999999;99.90025919999997;99.95460799999998;99.90025919999997;99.96751039999998;100.0;100.0;100.0;99.90025919999997;99.90025919999997;99.90025919999997;99.90025919999997;99.90025919999997;99.95460799999998;99.90025919999997;99.90025919999997;99.95012959999998;99.95012959999998;99.93137759999999;99.95012959999998;99.93137759999999;100.0;100.0;100.0;99.95460799999998;100.0;100.0;100.0;99.95012959999998;99.94372319999998;99.95012959999998;99.95012959999998;99.93137759999999;99.93137759999999;99.85038879999995;99.95460799999998;99.85038879999995;99.85038879999995;99.85038879999995;99.85038879999995;99.95012959999998;99.94372319999998;99.90025919999997;99.90025919999997;99.90025919999997;99.93137759999999;99.95460799999998;99.95012959999998;99.95012959999998;99.93137759999999;99.95460799999998;99.95460799999998;99.95460799999998;
2700.050501333335;100.0;99.95271359999998;99.95271359999998;99.93137759999999;99.95012959999998;99.95012959999998;99.90025919999997;99.95012959999998;99.93137759999999;99.90025919999997;99.95460799999998;99.90025919999997;99.96751039999998;100.0;100.0;100.0;99.90025919999997;99.90025919999997;99.90025919999997;99.90025919999997;99.90025919999997;99.95460799999998;99.90025919999997;99.90025919999997;99.95012959999998;99.95012959999998;99.93137759999999;99.95012959999998;99.93137759999999;100.0;100.0;100.0;99.95460799999998;100.0;100.0;100.0;99.95012959999998;99.93046239999998;99.95012959999998;99.95012959999998;99.93137759999999;99.93137759999999;99.85038879999995;99.95460799999998;99.85038879999995;99.85038879999995;99.85038879999995;99.85038879999995;99.95012959999998;99.93046239999998;99.90025919999997;99.90025919999997;99.90025919999997;99.93137759999999;99.95460799999998;99.95012959999998;99.95012959999998;99.93137759999999;99.95460799999998;99.95460799999998;99.95460799999998;
2700.0594120000014;100.0;99.95271359999998;99.95271359999998;99.93137759999999;99.95012959999998;99.95012959999998;99.90025919999997;99.95012959999998;99.93137759999999;99.90025919999997;99.95460799999998;99.90025919999997;99.96751039999998;100.0;100.0;100.0;99.90025919999997;99.90025919999997;99.90025919999997;99.90025919999997;99.90025919999997;99.95460799999998;99.90025919999997;99.90025919999997;99.95012959999998;99.95012959999998;99.93137759999999;99.95012959999998;99.93137759999999;100.0;100.0;100.0;99.95460799999998;100.0;100.0;100.0;99.95012959999998;99.93046239999998;99.95012959999998;99.95012959999998;99.93137759999999;99.93137759999999;99.85038879999995;99.95460799999998;99.85038879999995;99.85038879999995;99.85038879999995;99.85038879999995;99.95012959999998;99.93046239999998;99.90025919999997;99.90025919999997;99.90025919999997;99.93137759999999;99.95460799999998;99.95012959999998;99.95012959999998;99.93137759999999;99.95460799999998;99.95460799999998;99.95460799999998;
2700.073246666668;100.0;99.95271359999998;99.95271359999998;99.93137759999999;99.94372319999998;99.95012959999998;99.90025919999997;99.94372319999998;99.93137759999999;99.90025919999997;99.95460799999998;99.90025919999997;99.96751039999998;100.0;100.0;100.0;99.90025919999997;99.90025919999997;99.90025919999997;99.90025919999997;99.90025919999997;99.95460799999998;99.90025919999997;99.90025919999997;99.95012959999998;99.94372319999998;99.93137759999999;99.94372319999998;99.93137759999999;100.0;100.0;100.0;99.95460799999998;100.0;100.0;100.0;99.95012959999998;99.93046239999998;99.95012959999998;99.94372319999998;99.93137759999999;99.93137759999999;99.85038879999995;99.95460799999998;99.85038879999995;99.85038879999995;99.85038879999995;99.85038879999995;99.95012959999998;99.93046239999998;99.90025919999997;99.90025919999997;99.89385279999996;99.93137759999999;99.95460799999998;99.95012959999998;99.94372319999998;99.93137759999999;99.95460799999998;99.95460799999998;99.95460799999998;
2700.073246666668;100.0;99.95271359999998;99.95271359999998;99.93137759999999;99.93046239999998;99.95012959999998;99.90025919999997;99.93046239999998;99.93137759999999;99.90025919999997;99.95460799999998;99.90025919999997;99.96751039999998;100.0;100.0;100.0;99.90025919999997;99.90025919999997;99.90025919999997;99.90025919999997;99.90025919999997;99.95460799999998;99.90025919999997;99.90025919999997;99.95012959999998;99.93046239999998;99.93137759999999;99.93046239999998;99.93137759999999;100.0;100.0;100.0;99.95460799999998;100.0;100.0;100.0;99.95012959999998;99.93046239999998;99.95012959999998;99.93046239999998;99.93137759999999;99.93137759999999;99.85038879999995;99.95460799999998;99.85038879999995;99.85038879999995;99.85038879999995;99.85038879999995;99.95012959999998;99.93046239999998;99.90025919999997;99.90025919999997;99.88059199999996;99.93137759999999;99.95460799999998;99.95012959999998;99.93046239999998;99.93137759999999;99.95460799999998;99.95460799999998;99.95460799999998;
2700.0743360000015;100.0;99.95271359999998;99.95271359999998;99.93137759999999;99.93046239999998;99.95012959999998;99.90025919999997;99.93046239999998;99.93137759999999;99.90025919999997;99.95460799999998;99.90025919999997;99.96751039999998;100.0;100.0;100.0;99.90025919999997;99.90025919999997;99.90025919999997;99.90025919999997;99.90025919999997;99.95460799999998;99.90025919999997;99.90025919999997;99.95012959999998;99.93046239999998;99.93137759999999;99.93046239999998;99.93137759999999;100.0;100.0;100.0;99.95460799999998;100.0;100.0;100.0;99.94372319999998;99.93046239999998;99.95012959999998;99.93046239999998;99.93137759999999;99.93137759999999;99.85038879999995;99.95460799999998;99.85038879999995;99.85038879999995;99.85038879999995;99.85038879999995;99.94372319999998;99.93046239999998;99.90025919999997;99.90025919999997;99.88059199999996;99.93137759999999;99.95460799999998;99.95012959999998;99.93046239999998;99.93137759999999;99.95460799999998;99.95460799999998;99.95460799999998;
2700.0743360000015;100.0;99.95271359999998;99.95271359999998;99.93137759999999;99.93046239999998;99.95012959999998;99.90025919999997;99.93046239999998;99.93137759999999;99.90025919999997;99.95460799999998;99.90025919999997;99.96751039999998;100.0;100.0;100.0;99.90025919999997;99.90025919999997;99.90025919999997;99.90025919999997;99.90025919999997;99.95460799999998;99.90025919999997;99.90025919999997;99.95012959999998;99.93046239999998;99.93137759999999;99.93046239999998;99.93137759999999;100.0;100.0;100.0;99.95460799999998;100.0;100.0;100.0;99.93046239999998;99.93046239999998;99.95012959999998;99.93046239999998;99.93137759999999;99.93137759999999;99.85038879999995;99.95460799999998;99.85038879999995;99.85038879999995;99.85038879999995;99.85038879999995;99.93046239999998;99.93046239999998;99.90025919999997;99.90025919999997;99.88059199999996;99.93137759999999;99.95460799999998;99.95012959999998;99.93046239999998;99.93137759999999;99.95460799999998;99.95460799999998;99.95460799999998;
2700.0843360000017;100.0;99.95271359999998;99.95271359999998;99.93137759999999;99.93046239999998;99.95012959999998;99.90025919999997;99.93046239999998;99.93137759999999;99.90025919999997;99.95460799999998;99.90025919999997;99.96751039999998;100.0;100.0;100.0;99.90025919999997;99.90025919999997;99.90025919999997;99.90025919999997;99.90025919999997;99.95460799999998;99.90025919999997;99.90025919999997;99.95012959999998;99.93046239999998;99.93137759999999;99.93046239999998;99.93137759999999;100.0;100.0;100.0;99.95460799999998;100.0;100.0;100.0;99.93046239999998;99.93046239999998;99.95012959999998;99.93046239999998;99.93137759999999;99.93137759999999;99.85038879999995;99.95460799999998;99.85038879999995;99.85038879999995;99.85038879999995;99.85038879999995;99.93046239999998;99.93046239999998;99.90025919999997;99.90025919999997;99.88059199999996;99.93137759999999;99.95460799999998;99.95012959999998;99.93046239999998;99.93137759999999;99.95460799999998;99.95460799999998;99.95460799999998;
2700.097081333335;100.0;99.95271359999998;99.95271359999998;99.93137759999999;99.93046239999998;99.94372319999998;99.89385279999996;99.93046239999998;99.93137759999999;99.90025919999997;99.95460799999998;99.90025919999997;99.96751039999998;100.0;100.0;100.0;99.90025919999997;99.90025919999997;99.90025919999997;99.90025919999997;99.90025919999997;99.95460799999998;99.90025919999997;99.89385279999996;99.94372319999998;99.93046239999998;99.93137759999999;99.93046239999998;99.93137759999999;100.0;100.0;100.0;99.95460799999998;100.0;100.0;100.0;99.93046239999998;99.93046239999998;99.94372319999998;99.93046239999998;99.93137759999999;99.93137759999999;99.85038879999995;99.95460799999998;99.85038879999995;99.85038879999995;99.85038879999995;99.85038879999995;99.93046239999998;99.93046239999998;99.90025919999997;99.89385279999996;99.88059199999996;99.93137759999999;99.95460799999998;99.94372319999998;99.93046239999998;99.93137759999999;99.95460799999998;99.95460799999998;99.95460799999998;
2700.097081333335;100.0;99.95271359999998;99.95271359999998;99.93137759999999;99.93046239999998;99.93046239999998;99.88059199999996;99.93046239999998;99.93137759999999;99.90025919999997;99.95460799999998;99.90025919999997;99.96751039999998;100.0;100.0;100.0;99.90025919999997;99.90025919999997;99.90025919999997;99.90025919999997;99.90025919999997;99.95460799999998;99.90025919999997;99.88059199999996;99.93046239999998;99.93046239999998;99.93137759999999;99.93046239999998;99.93137759999999;100.0;100.0;100.0;99.95460799999998;100.0;100.0;100.0;99.93046239999998;99.93046239999998;99.93046239999998;99.93046239999998;99.93137759999999;99.93137759999999;99.85038879999995;99.95460799999998;99.85038879999995;99.85038879999995;99.85038879999995;99.85038879999995;99.93046239999998;99.93046239999998;99.90025919999997;99.88059199999996;99.88059199999996;99.93137759999999;99.95460799999998;99.93046239999998;99.93046239999998;99.93137759999999;99.95460799999998;99.95460799999998;99.95460799999998;
2700.0981706666685;100.0;99.95271359999998;99.95271359999998;99.93137759999999;99.93046239999998;99.93046239999998;99.88059199999996;99.93046239999998;99.93137759999999;99.90025919999997;99.95460799999998;99.90025919999997;99.96751039999998;100.0;100.0;100.0;99.90025919999997;99.90025919999997;99.90025919999997;99.90025919999997;99.90025919999997;99.95460799999998;99.90025919999997;99.88059199999996;99.93046239999998;99.93046239999998;99.93137759999999;99.93046239999998;99.93137759999999;100.0;100.0;100.0;99.95460799999998;100.0;100.0;100.0;99.93046239999998;99.93046239999998;99.93046239999998;99.93046239999998;99.93137759999999;99.93137759999999;99.85038879999995;99.95460799999998;99.85038879999995;99.85038879999995;99.85038879999995;99.84398239999994;99.93046239999998;99.93046239999998;99.90025919999997;99.88059199999996;99.88059199999996;99.93137759999999;99.95460799999998;99.93046239999998;99.93046239999998;99.93137759999999;99.95460799999998;99.95460799999998;99.95460799999998;
2700.0981706666685;100.0;99.95271359999998;99.95271359999998;99.93137759999999;99.93046239999998;99.93046239999998;99.88059199999996;99.93046239999998;99.93137759999999;99.90025919999997;99.95460799999998;99.90025919999997;99.96751039999998;100.0;100.0;100.0;99.90025919999997;99.90025919999997;99.90025919999997;99.90025919999997;99.90025919999997;99.95460799999998;99.90025919999997;99.88059199999996;99.93046239999998;99.93046239999998;99.93137759999999;99.93046239999998;99.93137759999999;100.0;100.0;100.0;99.95460799999998;100.0;100.0;100.0;99.93046239999998;99.93046239999998;99.93046239999998;99.93046239999998;99.93137759999999;99.93137759999999;99.85038879999995;99.95460799999998;99.85038879999995;99.85038879999995;99.85038879999995;99.83072159999995;99.93046239999998;99.93046239999998;99.90025919999997;99.88059199999996;99.88059199999996;99.93137759999999;99.95460799999998;99.93046239999998;99.93046239999998;99.93137759999999;99.95460799999998;99.95460799999998;99.95460799999998;
2700.107081333335;100.0;99.95271359999998;99.95271359999998;99.93137759999999;99.93046239999998;99.93046239999998;99.88059199999996;99.93046239999998;99.93137759999999;99.90025919999997;99.95460799999998;99.90025919999997;99.96751039999998;100.0;100.0;100.0;99.90025919999997;99.90025919999997;99.90025919999997;99.90025919999997;99.90025919999997;99.95460799999998;99.90025919999997;99.88059199999996;99.93046239999998;99.93046239999998;99.93137759999999;99.93046239999998;99.93137759999999;100.0;100.0;100.0;99.95460799999998;100.0;100.0;100.0;99.93046239999998;99.93046239999998;99.93046239999998;99.93046239999998;99.93137759999999;99.93137759999999;99.85038879999995;99.95460799999998;99.85038879999995;99.85038879999995;99.85038879999995;99.83072159999995;99.93046239999998;99.93046239999998;99.90025919999997;99.88059199999996;99.88059199999996;99.93137759999999;99.95460799999998;99.93046239999998;99.93046239999998;99.93137759999999;99.95460799999998;99.95460799999998;99.95460799999998;
2700.1081706666682;100.0;99.95271359999998;99.95271359999998;99.93137759999999;99.93046239999998;99.93046239999998;99.88059199999996;99.93046239999998;99.93137759999999;99.90025919999997;99.95460799999998;99.90025919999997;99.96751039999998;100.0;100.0;100.0;99.90025919999997;99.90025919999997;99.90025919999997;99.90025919999997;99.90025919999997;99.95460799999998;99.90025919999997;99.88059199999996;99.93046239999998;99.93046239999998;99.93137759999999;99.93046239999998;99.93137759999999;100.0;100.0;100.0;99.95460799999998;100.0;100.0;100.0;99.93046239999998;99.93046239999998;99.93046239999998;99.93046239999998;99.93137759999999;99.93137759999999;99.85038879999995;99.95460799999998;99.85038879999995;99.85038879999995;99.85038879999995;99.83072159999995;99.93046239999998;99.93046239999998;99.90025919999997;99.88059199999996;99.88059199999996;99.93137759999999;99.95460799999998;99.93046239999998;99.93046239999998;99.93137759999999;99.95460799999998;99.95460799999998;99.95460799999998;
2700.1209160000017;100.0;99.95271359999998;99.95271359999998;99.93137759999999;99.93046239999998;99.93046239999998;99.87418559999996;99.93046239999998;99.93137759999999;99.89385279999996;99.95460799999998;99.90025919999997;99.96751039999998;100.0;100.0;100.0;99.90025919999997;99.90025919999997;99.90025919999997;99.90025919999997;99.90025919999997;99.95460799999998;99.89385279999996;99.87418559999996;99.93046239999998;99.93046239999998;99.93137759999999;99.93046239999998;99.93137759999999;100.0;100.0;100.0;99.95460799999998;100.0;100.0;100.0;99.93046239999998;99.93046239999998;99.93046239999998;99.93046239999998;99.93137759999999;99.93137759999999;99.85038879999995;99.95460799999998;99.85038879999995;99.85038879999995;99.85038879999995;99.83072159999995;99.93046239999998;99.93046239999998;99.89385279999996;99.88059199999996;99.87418559999996;99.93137759999999;99.95460799999998;99.93046239999998;99.93046239999998;99.93137759999999;99.95460799999998;99.95460799999998;99.95460799999998;
2700.1209160000017;100.0;99.95271359999998;99.95271359999998;99.93137759999999;99.93046239999998;99.93046239999998;99.86092479999996;99.93046239999998;99.93137759999999;99.88059199999996;99.95460799999998;99.90025919999997;99.96751039999998;100.0;100.0;100.0;99.90025919999997;99.90025919999997;99.90025919999997;99.90025919999997;99.90025919999997;99.95460799999998;99.88059199999996;99.86092479999996;99.93046239999998;99.93046239999998;99.93137759999999;99.93046239999998;99.93137759999999;100.0;100.0;100.0;99.95460799999998;100.0;100.0;100.0;99.93046239999998;99.93046239999998;99.93046239999998;99.93046239999998;99.93137759999999;99.93137759999999;99.85038879999995;99.95460799999998;99.85038879999995;99.85038879999995;99.85038879999995;99.83072159999995;99.93046239999998;99.93046239999998;99.88059199999996;99.88059199999996;99.86092479999996;99.93137759999999;99.95460799999998;99.93046239999998;99.93046239999998;99.93137759999999;99.95460799999998;99.95460799999998;99.95460799999998;
2700.122005333335;100.0;99.95271359999998;99.95271359999998;99.93137759999999;99.93046239999998;99.93046239999998;99.86092479999996;99.93046239999998;99.93137759999999;99.88059199999996;99.95460799999998;99.90025919999997;99.96751039999998;100.0;100.0;100.0;99.90025919999997;99.90025919999997;99.90025919999997;99.90025919999997;99.90025919999997;99.95460799999998;99.88059199999996;99.86092479999996;99.93046239999998;99.93046239999998;99.93137759999999;99.93046239999998;99.93137759999999;100.0;100.0;100.0;99.95460799999998;100.0;100.0;100.0;99.93046239999998;99.93046239999998;99.93046239999998;99.93046239999998;99.93137759999999;99.93137759999999;99.85038879999995;99.95460799999998;99.85038879999995;99.85038879999995;99.84398239999994;99.83072159999995;99.93046239999998;99.93046239999998;99.88059199999996;99.88059199999996;99.86092479999996;99.93137759999999;99.95460799999998;99.93046239999998;99.93046239999998;99.93137759999999;99.95460799999998;99.95460799999998;99.95460799999998;
2700.122005333335;100.0;99.95271359999998;99.95271359999998;99.93137759999999;99.93046239999998;99.93046239999998;99.86092479999996;99.93046239999998;99.93137759999999;99.88059199999996;99.95460799999998;99.90025919999997;99.96751039999998;100.0;100.0;100.0;99.90025919999997;99.90025919999997;99.90025919999997;99.90025919999997;99.90025919999997;99.95460799999998;99.88059199999996;99.86092479999996;99.93046239999998;99.93046239999998;99.93137759999999;99.93046239999998;99.93137759999999;100.0;100.0;100.0;99.95460799999998;100.0;100.0;100.0;99.93046239999998;99.93046239999998;99.93046239999998;99.93046239999998;99.93137759999999;99.93137759999999;99.85038879999995;99.95460799999998;99.85038879999995;99.85038879999995;99.83072159999995;99.83072159999995;99.93046239999998;99.93046239999998;99.88059199999996;99.88059199999996;99.86092479999996;99.93137759999999;99.95460799999998;99.93046239999998;99.93046239999998;99.93137759999999;99.95460799999998;99.95460799999998;99.95460799999998;
2700.1309160000014;100.0;99.95271359999998;99.95271359999998;99.93137759999999;99.93046239999998;99.93046239999998;99.86092479999996;99.93046239999998;99.93137759999999;99.88059199999996;99.95460799999998;99.90025919999997;99.96751039999998;100.0;100.0;100.0;99.90025919999997;99.90025919999997;99.90025919999997;99.90025919999997;99.90025919999997;99.95460799999998;99.88059199999996;99.86092479999996;99.93046239999998;99.93046239999998;99.93137759999999;99.93046239999998;99.93137759999999;100.0;100.0;100.0;99.95460799999998;100.0;100.0;100.0;99.93046239999998;99.93046239999998;99.93046239999998;99.93046239999998;99.93137759999999;99.93137759999999;99.85038879999995;99.95460799999998;99.85038879999995;99.85038879999995;99.83072159999995;99.83072159999995;99.93046239999998;99.93046239999998;99.88059199999996;99.88059199999996;99.86092479999996;99.93137759999999;99.95460799999998;99.93046239999998;99.93046239999998;99.93137759999999;99.95460799999998;99.95460799999998;99.95460799999998;
2700.144750666668;100.0;99.95271359999998;99.95271359999998;99.93137759999999;99.93046239999998;99.93046239999998;99.86092479999996;99.93046239999998;99.93137759999999;99.87418559999996;99.95460799999998;99.89385279999996;99.96751039999998;100.0;100.0;100.0;99.90025919999997;99.90025919999997;99.90025919999997;99.90025919999997;99.89385279999996;99.95460799999998;99.87418559999996;99.86092479999996;99.93046239999998;99.93046239999998;99.93137759999999;99.93046239999998;99.93137759999999;100.0;100.0;100.0;99.95460799999998;100.0;100.0;100.0;99.93046239999998;99.93046239999998;99.93046239999998;99.93046239999998;99.93137759999999;99.93137759999999;99.85038879999995;99.95460799999998;99.85038879999995;99.85038879999995;99.83072159999995;99.82431519999994;99.93046239999998;99.93046239999998;99.88059199999996;99.87418559999996;99.86092479999996;99.93137759999999;99.95460799999998;99.93046239999998;99.93046239999998;99.93137759999999;99.95460799999998;99.95460799999998;99.95460799999998;
2700.144750666668;100.0;99.95271359999998;99.95271359999998;99.93137759999999;99.93046239999998;99.93046239999998;99.86092479999996;99.93046239999998;99.93137759999999;99.86092479999996;99.95460799999998;99.88059199999996;99.96751039999998;100.0;100.0;100.0;99.90025919999997;99.90025919999997;99.90025919999997;99.90025919999997;99.88059199999996;99.95460799999998;99.86092479999996;99.86092479999996;99.93046239999998;99.93046239999998;99.93137759999999;99.93046239999998;99.93137759999999;100.0;100.0;100.0;99.95460799999998;100.0;100.0;100.0;99.93046239999998;99.93046239999998;99.93046239999998;99.93046239999998;99.93137759999999;99.93137759999999;99.85038879999995;99.95460799999998;99.85038879999995;99.85038879999995;99.83072159999995;99.81105439999995;99.93046239999998;99.93046239999998;99.88059199999996;99.86092479999996;99.86092479999996;99.93137759999999;99.95460799999998;99.93046239999998;99.93046239999998;99.93137759999999;99.95460799999998;99.95460799999998;99.95460799999998;
2700.1458400000015;100.0;99.95271359999998;99.95271359999998;99.93137759999999;99.93046239999998;99.93046239999998;99.86092479999996;99.93046239999998;99.93137759999999;99.86092479999996;99.95460799999998;99.88059199999996;99.96751039999998;100.0;100.0;100.0;99.90025919999997;99.90025919999997;99.90025919999997;99.90025919999997;99.88059199999996;99.95460799999998;99.86092479999996;99.86092479999996;99.93046239999998;99.93046239999998;99.93137759999999;99.93046239999998;99.93137759999999;100.0;100.0;100.0;99.95460799999998;100.0;100.0;100.0;99.93046239999998;99.93046239999998;99.93046239999998;99.93046239999998;99.93137759999999;99.93137759999999;99.85038879999995;99.95460799999998;99.85038879999995;99.84398239999994;99.83072159999995;99.81105439999995;99.93046239999998;99.93046239999998;99.88059199999996;99.86092479999996;99.86092479999996;99.93137759999999;99.95460799999998;99.93046239999998;99.93046239999998;99.93137759999999;99.95460799999998;99.95460799999998;99.95460799999998;
2700.1458400000015;100.0;99.95271359999998;99.95271359999998;99.93137759999999;99.93046239999998;99.93046239999998;99.86092479999996;99.93046239999998;99.93137759999999;99.86092479999996;99.95460799999998;99.88059199999996;99.96751039999998;100.0;100.0;100.0;99.90025919999997;99.90025919999997;99.90025919999997;99.90025919999997;99.88059199999996;99.95460799999998;99.86092479999996;99.86092479999996;99.93046239999998;99.93046239999998;99.93137759999999;99.93046239999998;99.93137759999999;100.0;100.0;100.0;99.95460799999998;100.0;100.0;100.0;99.93046239999998;99.93046239999998;99.93046239999998;99.93046239999998;99.93137759999999;99.93137759999999;99.85038879999995;99.95460799999998;99.85038879999995;99.83072159999995;99.83072159999995;99.81105439999995;99.93046239999998;99.93046239999998;99.88059199999996;99.86092479999996;99.86092479999996;99.93137759999999;99.95460799999998;99.93046239999998;99.93046239999998;99.93137759999999;99.95460799999998;99.95460799999998;99.95460799999998;
2700.154750666668;100.0;99.95271359999998;99.95271359999998;99.93137759999999;99.93046239999998;99.93046239999998;99.86092479999996;99.93046239999998;99.93137759999999;99.86092479999996;99.95460799999998;99.88059199999996;99.96751039999998;100.0;100.0;100.0;99.90025919999997;99.90025919999997;99.90025919999997;99.90025919999997;99.88059199999996;99.95460799999998;99.86092479999996;99.86092479999996;99.93046239999998;99.93046239999998;99.93137759999999;99.93046239999998;99.93137759999999;100.0;100.0;100.0;99.95460799999998;100.0;100.0;100.0;99.93046239999998;99.93046239999998;99.93046239999998;99.93046239999998;99.93137759999999;99.93137759999999;99.85038879999995;99.95460799999998;99.85038879999995;99.83072159999995;99.83072159999995;99.81105439999995;99.93046239999998;99.93046239999998;99.88059199999996;99.86092479999996;99.86092479999996;99.93137759999999;99.95460799999998;99.93046239999998;99.93046239999998;99.93137759999999;99.95460799999998;99.95460799999998;99.95460799999998;
2700.1685853333347;100.0;99.95271359999998;99.95271359999998;99.93137759999999;99.93046239999998;99.93046239999998;99.86092479999996;99.93046239999998;99.93137759999999;99.86092479999996;99.95460799999998;99.87418559999996;99.96110399999998;100.0;100.0;100.0;99.90025919999997;99.90025919999997;99.90025919999997;99.89385279999996;99.87418559999996;99.95460799999998;99.86092479999996;99.86092479999996;99.93046239999998;99.93046239999998;99.93137759999999;99.93046239999998;99.93137759999999;100.0;100.0;100.0;99.95460799999998;100.0;100.0;100.0;99.93046239999998;99.93046239999998;99.93046239999998;99.93046239999998;99.93137759999999;99.93137759999999;99.85038879999995;99.95460799999998;99.85038879999995;99.83072159999995;99.82431519999994;99.81105439999995;99.93046239999998;99.93046239999998;99.87418559999996;99.86092479999996;99.86092479999996;99.93137759999999;99.95460799999998;99.93046239999998;99.93046239999998;99.93137759999999;99.95460799999998;99.95460799999998;99.95460799999998;
2700.1685853333347;100.0;99.95271359999998;99.95271359999998;99.93137759999999;99.93046239999998;99.93046239999998;99.86092479999996;99.93046239999998;99.93137759999999;99.86092479999996;99.95460799999998;99.86092479999996;99.96110399999998;100.0;100.0;100.0;99.90025919999997;99.90025919999997;99.90025919999997;99.88059199999996;99.86092479999996;99.95460799999998;99.86092479999996;99.86092479999996;99.93046239999998;99.93046239999998;99.93137759999999;99.93046239999998;99.93137759999999;100.0;100.0;100.0;99.95460799999998;100.0;100.0;100.0;99.93046239999998;99.93046239999998;99.93046239999998;99.93046239999998;99.93137759999999;99.93137759999999;99.85038879999995;99.95460799999998;99.85038879999995;99.83072159999995;99.81105439999995;99.81105439999995;99.93046239999998;99.93046239999998;99.86092479999996;99.86092479999996;99.86092479999996;99.93137759999999;99.95460799999998;99.93046239999998;99.93046239999998;99.93137759999999;99.95460799999998;99.95460799999998;99.95460799999998;
2700.169674666668;100.0;99.95271359999998;99.95271359999998;99.93137759999999;99.93046239999998;99.93046239999998;99.86092479999996;99.93046239999998;99.93137759999999;99.86092479999996;99.95460799999998;99.86092479999996;99.96110399999998;100.0;100.0;100.0;99.90025919999997;99.90025919999997;99.90025919999997;99.88059199999996;99.86092479999996;99.95460799999998;99.86092479999996;99.86092479999996;99.93046239999998;99.93046239999998;99.93137759999999;99.93046239999998;99.93137759999999;100.0;100.0;100.0;99.95460799999998;100.0;100.0;100.0;99.93046239999998;99.93046239999998;99.93046239999998;99.93046239999998;99.93137759999999;99.93137759999999;99.85038879999995;99.95460799999998;99.84398239999994;99.83072159999995;99.81105439999995;99.81105439999995;99.93046239999998;99.93046239999998;99.86092479999996;99.86092479999996;99.86092479999996;99.93137759999999;99.95460799999998;99.93046239999998;99.93046239999998;99.93137759999999;99.95460799999998;99.95460799999998;99.95460799999998;
2700.169674666668;100.0;99.95271359999998;99.95271359999998;99.93137759999999;99.93046239999998;99.93046239999998;99.86092479999996;99.93046239999998;99.93137759999999;99.86092479999996;99.95460799999998;99.86092479999996;99.96110399999998;100.0;100.0;100.0;99.90025919999997;99.90025919999997;99.90025919999997;99.88059199999996;99.86092479999996;99.95460799999998;99.86092479999996;99.86092479999996;99.93046239999998;99.93046239999998;99.93137759999999;99.93046239999998;99.93137759999999;100.0;100.0;100.0;99.95460799999998;100.0;100.0;100.0;99.93046239999998;99.93046239999998;99.93046239999998;99.93046239999998;99.93137759999999;99.93137759999999;99.85038879999995;99.95460799999998;99.83072159999995;99.83072159999995;99.81105439999995;99.81105439999995;99.93046239999998;99.93046239999998;99.86092479999996;99.86092479999996;99.86092479999996;99.93137759999999;99.95460799999998;99.93046239999998;99.93046239999998;99.93137759999999;99.95460799999998;99.95460799999998;99.95460799999998;
2700.192420000001;100.0;99.95271359999998;99.95271359999998;99.93137759999999;99.93046239999998;99.93046239999998;99.86092479999996;99.93046239999998;99.93137759999999;99.86092479999996;99.95460799999998;99.86092479999996;99.95469759999997;100.0;100.0;100.0;99.90025919999997;99.90025919999997;99.89385279999996;99.87418559999996;99.86092479999996;99.95460799999998;99.86092479999996;99.86092479999996;99.93046239999998;99.93046239999998;99.93137759999999;99.93046239999998;99.93137759999999;100.0;100.0;100.0;99.95460799999998;100.0;100.0;100.0;99.93046239999998;99.93046239999998;99.93046239999998;99.93046239999998;99.93137759999999;99.93137759999999;99.85038879999995;99.95460799999998;99.83072159999995;99.82431519999994;99.81105439999995;99.80464799999994;99.93046239999998;99.93046239999998;99.86092479999996;99.86092479999996;99.86092479999996;99.93137759999999;99.95460799999998;99.93046239999998;99.93046239999998;99.93137759999999;99.95460799999998;99.95460799999998;99.95460799999998;
2700.192420000001;100.0;99.95271359999998;99.95271359999998;99.93137759999999;99.93046239999998;99.93046239999998;99.86092479999996;99.93046239999998;99.93137759999999;99.86092479999996;99.95460799999998;99.86092479999996;99.95469759999997;100.0;100.0;100.0;99.90025919999997;99.90025919999997;99.88059199999996;99.86092479999996;99.86092479999996;99.95460799999998;99.86092479999996;99.86092479999996;99.93046239999998;99.93046239999998;99.93137759999999;99.93046239999998;99.93137759999999;100.0;100.0;100.0;99.95460799999998;100.0;100.0;100.0;99.93046239999998;99.93046239999998;99.93046239999998;99.93046239999998;99.93137759999999;99.93137759999999;99.85038879999995;99.95460799999998;99.83072159999995;99.81105439999995;99.81105439999995;99.79138719999995;99.93046239999998;99.93046239999998;99.86092479999996;99.86092479999996;99.86092479999996;99.93137759999999;99.95460799999998;99.93046239999998;99.93046239999998;99.93137759999999;99.95460799999998;99.95460799999998;99.95460799999998;
2700.1935093333345;100.0;99.95271359999998;99.95271359999998;99.93137759999999;99.93046239999998;99.93046239999998;99.86092479999996;99.93046239999998;99.93137759999999;99.86092479999996;99.95460799999998;99.86092479999996;99.95469759999997;100.0;100.0;100.0;99.90025919999997;99.90025919999997;99.88059199999996;99.86092479999996;99.86092479999996;99.95460799999998;99.86092479999996;99.86092479999996;99.93046239999998;99.93046239999998;99.93137759999999;99.93046239999998;99.93137759999999;100.0;100.0;100.0;99.95460799999998;100.0;100.0;100.0;99.93046239999998;99.93046239999998;99.93046239999998;99.93046239999998;99.93137759999999;99.93137759999999;99.84398239999994;99.95460799999998;99.83072159999995;99.81105439999995;99.81105439999995;99.79138719999995;99.93046239999998;99.93046239999998;99.86092479999996;99.86092479999996;99.86092479999996;99.93137759999999;99.95460799999998;99.93046239999998;99.93046239999998;99.93137759999999;99.95460799999998;99.95460799999998;99.95460799999998;
2700.1935093333345;100.0;99.95271359999998;99.95271359999998;99.93137759999999;99.93046239999998;99.93046239999998;99.86092479999996;99.93046239999998;99.93137759999999;99.86092479999996;99.95460799999998;99.86092479999996;99.95469759999997;100.0;100.0;100.0;99.90025919999997;99.90025919999997;99.88059199999996;99.86092479999996;99.86092479999996;99.95460799999998;99.86092479999996;99.86092479999996;99.93046239999998;99.93046239999998;99.93137759999999;99.93046239999998;99.93137759999999;100.0;100.0;100.0;99.95460799999998;100.0;100.0;100.0;99.93046239999998;99.93046239999998;99.93046239999998;99.93046239999998;99.93137759999999;99.93137759999999;99.83072159999995;99.95460799999998;99.83072159999995;99.81105439999995;99.81105439999995;99.79138719999995;99.93046239999998;99.93046239999998;99.86092479999996;99.86092479999996;99.86092479999996;99.93137759999999;99.95460799999998;99.93046239999998;99.93046239999998;99.93137759999999;99.95460799999998;99.95460799999998;99.95460799999998;
2700.202420000001;100.0;99.95271359999998;99.95271359999998;99.93137759999999;99.93046239999998;99.93046239999998;99.86092479999996;99.93046239999998;99.93137759999999;99.86092479999996;99.95460799999998;99.86092479999996;99.95469759999997;100.0;100.0;100.0;99.90025919999997;99.90025919999997;99.88059199999996;99.86092479999996;99.86092479999996;99.95460799999998;99.86092479999996;99.86092479999996;99.93046239999998;99.93046239999998;99.93137759999999;99.93046239999998;99.93137759999999;100.0;100.0;100.0;99.95460799999998;100.0;100.0;100.0;99.93046239999998;99.93046239999998;99.93046239999998;99.93046239999998;99.93137759999999;99.93137759999999;99.83072159999995;99.95460799999998;99.83072159999995;99.81105439999995;99.81105439999995;99.79138719999995;99.93046239999998;99.93046239999998;99.86092479999996;99.86092479999996;99.86092479999996;99.93137759999999;99.95460799999998;99.93046239999998;99.93046239999998;99.93137759999999;99.95460799999998;99.95460799999998;99.95460799999998;
2700.2162546666677;100.0;99.95271359999998;99.95271359999998;99.93137759999999;99.93046239999998;99.93046239999998;99.86092479999996;99.93046239999998;99.93137759999999;99.86092479999996;99.95460799999998;99.86092479999996;99.95469759999997;100.0;100.0;100.0;99.90025919999997;99.89385279999996;99.87418559999996;99.86092479999996;99.86092479999996;99.95460799999998;99.86092479999996;99.86092479999996;99.93046239999998;99.93046239999998;99.93137759999999;99.93046239999998;99.93137759999999;100.0;100.0;100.0;99.95460799999998;100.0;100.0;100.0;99.93046239999998;99.93046239999998;99.93046239999998;99.93046239999998;99.93137759999999;99.93137759999999;99.83072159999995;99.95460799999998;99.82431519999994;99.81105439999995;99.80464799999994;99.79138719999995;99.93046239999998;99.93046239999998;99.86092479999996;99.86092479999996;99.86092479999996;99.93137759999999;99.95460799999998;99.93046239999998;99.93046239999998;99.93137759999999;99.95460799999998;99.95460799999998;99.95460799999998;
2700.2162546666677;100.0;99.95271359999998;99.95271359999998;99.93137759999999;99.93046239999998;99.93046239999998;99.86092479999996;99.93046239999998;99.93137759999999;99.86092479999996;99.95460799999998;99.86092479999996;99.95469759999997;100.0;100.0;100.0;99.90025919999997;99.88059199999996;99.86092479999996;99.86092479999996;99.86092479999996;99.95460799999998;99.86092479999996;99.86092479999996;99.93046239999998;99.93046239999998;99.93137759999999;99.93046239999998;99.93137759999999;100.0;100.0;100.0;99.95460799999998;100.0;100.0;100.0;99.93046239999998;99.93046239999998;99.93046239999998;99.93046239999998;99.93137759999999;99.93137759999999;99.83072159999995;99.95460799999998;99.81105439999995;99.81105439999995;99.79138719999995;99.79138719999995;99.93046239999998;99.93046239999998;99.86092479999996;99.86092479999996;99.86092479999996;99.93137759999999;99.95460799999998;99.93046239999998;99.93046239999998;99.93137759999999;99.95460799999998;99.95460799999998;99.95460799999998;
2700.217344000001;100.0;99.95271359999998;99.95271359999998;99.93137759999999;99.93046239999998;99.93046239999998;99.86092479999996;99.93046239999998;99.93137759999999;99.86092479999996;99.95460799999998;99.86092479999996;99.95469759999997;100.0;100.0;100.0;99.90025919999997;99.88059199999996;99.86092479999996;99.86092479999996;99.86092479999996;99.95460799999998;99.86092479999996;99.86092479999996;99.93046239999998;99.93046239999998;99.93137759999999;99.93046239999998;99.93137759999999;100.0;100.0;100.0;99.95460799999998;100.0;100.0;100.0;99.93046239999998;99.93046239999998;99.93046239999998;99.93046239999998;99.93137759999999;99.93137759999999;99.83072159999995;99.95460799999998;99.81105439999995;99.81105439999995;99.79138719999995;99.79138719999995;99.93046239999998;99.93046239999998;99.86092479999996;99.86092479999996;99.86092479999996;99.93137759999999;99.95460799999998;99.93046239999998;99.93046239999998;99.93137759999999;99.95460799999998;99.95460799999998;99.95460799999998;
2700.2400893333343;100.0;99.95271359999998;99.95271359999998;99.93137759999999;99.93046239999998;99.93046239999998;99.86092479999996;99.93046239999998;99.93137759999999;99.86092479999996;99.95460799999998;99.86092479999996;99.95469759999997;100.0;100.0;100.0;99.89385279999996;99.87418559999996;99.86092479999996;99.86092479999996;99.86092479999996;99.95460799999998;99.86092479999996;99.86092479999996;99.93046239999998;99.93046239999998;99.93137759999999;99.93046239999998;99.93137759999999;100.0;100.0;100.0;99.95460799999998;100.0;100.0;100.0;99.93046239999998;99.93046239999998;99.93046239999998;99.93046239999998;99.93137759999999;99.93137759999999;99.82431519999994;99.95460799999998;99.81105439999995;99.80464799999994;99.79138719999995;99.79138719999995;99.93046239999998;99.93046239999998;99.86092479999996;99.86092479999996;99.86092479999996;99.93137759999999;99.95460799999998;99.93046239999998;99.93046239999998;99.93137759999999;99.95460799999998;99.95460799999998;99.95460799999998;
2700.2400893333343;100.0;99.95271359999998;99.95271359999998;99.93137759999999;99.93046239999998;99.93046239999998;99.86092479999996;99.93046239999998;99.93137759999999;99.86092479999996;99.95460799999998;99.86092479999996;99.95469759999997;100.0;100.0;100.0;99.88059199999996;99.86092479999996;99.86092479999996;99.86092479999996;99.86092479999996;99.95460799999998;99.86092479999996;99.86092479999996;99.93046239999998;99.93046239999998;99.93137759999999;99.93046239999998;99.93137759999999;100.0;100.0;100.0;99.95460799999998;100.0;100.0;100.0;99.93046239999998;99.93046239999998;99.93046239999998;99.93046239999998;99.93137759999999;99.93137759999999;99.81105439999995;99.95460799999998;99.81105439999995;99.79138719999995;99.79138719999995;99.79138719999995;99.93046239999998;99.93046239999998;99.86092479999996;99.86092479999996;99.86092479999996;99.93137759999999;99.95460799999998;99.93046239999998;99.93046239999998;99.93137759999999;99.95460799999998;99.95460799999998;99.95460799999998;
2700.2639240000008;100.0;99.95271359999998;99.95271359999998;99.93137759999999;99.93046239999998;99.93046239999998;99.86092479999996;99.93046239999998;99.93137759999999;99.86092479999996;99.95460799999998;99.86092479999996;99.95469759999997;100.0;100.0;100.0;99.87418559999996;99.86092479999996;99.86092479999996;99.86092479999996;99.86092479999996;99.95460799999998;99.86092479999996;99.86092479999996;99.93046239999998;99.93046239999998;99.93137759999999;99.93046239999998;99.93137759999999;100.0;100.0;100.0;99.95460799999998;100.0;100.0;100.0;99.93046239999998;99.93046239999998;99.93046239999998;99.93046239999998;99.93137759999999;99.93137759999999;99.81105439999995;99.95460799999998;99.80464799999994;99.79138719999995;99.79138719999995;99.79138719999995;99.93046239999998;99.93046239999998;99.86092479999996;99.86092479999996;99.86092479999996;99.93137759999999;99.95460799999998;99.93046239999998;99.93046239999998;99.93137759999999;99.95460799999998;99.95460799999998;99.95460799999998;
2700.2639240000008;100.0;99.95271359999998;99.95271359999998;99.93137759999999;99.93046239999998;99.93046239999998;99.86092479999996;99.93046239999998;99.93137759999999;99.86092479999996;99.95460799999998;99.86092479999996;99.95469759999997;100.0;100.0;100.0;99.86092479999996;99.86092479999996;99.86092479999996;99.86092479999996;99.86092479999996;99.95460799999998;99.86092479999996;99.86092479999996;99.93046239999998;99.93046239999998;99.93137759999999;99.93046239999998;99.93137759999999;100.0;100.0;100.0;99.95460799999998;100.0;100.0;100.0;99.93046239999998;99.93046239999998;99.93046239999998;99.93046239999998;99.93137759999999;99.93137759999999;99.81105439999995;99.95460799999998;99.79138719999995;99.79138719999995;99.79138719999995;99.79138719999995;99.93046239999998;99.93046239999998;99.86092479999996;99.86092479999996;99.86092479999996;99.93137759999999;99.95460799999998;99.93046239999998;99.93046239999998;99.93137759999999;99.95460799999998;99.95460799999998;99.95460799999998;
2700.2877586666673;100.0;99.95271359999998;99.95271359999998;99.93137759999999;99.93046239999998;99.93046239999998;99.86092479999996;99.93046239999998;99.93137759999999;99.86092479999996;99.95460799999998;99.86092479999996;99.95469759999997;100.0;100.0;100.0;99.86092479999996;99.86092479999996;99.86092479999996;99.86092479999996;99.86092479999996;99.95460799999998;99.86092479999996;99.86092479999996;99.93046239999998;99.93046239999998;99.93137759999999;99.93046239999998;99.93137759999999;100.0;100.0;100.0;99.95460799999998;100.0;100.0;100.0;99.93046239999998;99.93046239999998;99.93046239999998;99.93046239999998;99.93137759999999;99.93137759999999;99.80464799999994;99.95460799999998;99.79138719999995;99.79138719999995;99.79138719999995;99.79138719999995;99.93046239999998;99.93046239999998;99.86092479999996;99.86092479999996;99.86092479999996;99.93137759999999;99.95460799999998;99.93046239999998;99.93046239999998;99.93137759999999;99.95460799999998;99.95460799999998;99.95460799999998;
2700.2877586666673;100.0;99.95271359999998;99.95271359999998;99.93137759999999;99.93046239999998;99.93046239999998;99.86092479999996;99.93046239999998;99.93137759999999;99.86092479999996;99.95460799999998;99.86092479999996;99.95469759999997;100.0;100.0;100.0;99.86092479999996;99.86092479999996;99.86092479999996;99.86092479999996;99.86092479999996;99.95460799999998;99.86092479999996;99.86092479999996;99.93046239999998;99.93046239999998;99.93137759999999;99.93046239999998;99.93137759999999;100.0;100.0;100.0;99.95460799999998;100.0;100.0;100.0;99.93046239999998;99.93046239999998;99.93046239999998;99.93046239999998;99.93137759999999;99.93137759999999;99.79138719999995;99.95460799999998;99.79138719999995;99.79138719999995;99.79138719999995;99.79138719999995;99.93046239999998;99.93046239999998;99.86092479999996;99.86092479999996;99.86092479999996;99.93137759999999;99.95460799999998;99.93046239999998;99.93046239999998;99.93137759999999;99.95460799999998;99.95460799999998;99.95460799999998;
2700.311593333334;100.0;99.95271359999998;99.95271359999998;99.93137759999999;99.93046239999998;99.93046239999998;99.86092479999996;99.93046239999998;99.93137759999999;99.86092479999996;99.95460799999998;99.86092479999996;99.95469759999997;100.0;100.0;100.0;99.86092479999996;99.86092479999996;99.86092479999996;99.86092479999996;99.86092479999996;99.95460799999998;99.86092479999996;99.86092479999996;99.93046239999998;99.93046239999998;99.93137759999999;99.93046239999998;99.93137759999999;100.0;100.0;100.0;99.95460799999998;100.0;100.0;100.0;99.93046239999998;99.93046239999998;99.93046239999998;99.93046239999998;99.93137759999999;99.93137759999999;99.79138719999995;99.95460799999998;99.79138719999995;99.79138719999995;99.79138719999995;99.79138719999995;99.93046239999998;99.93046239999998;99.86092479999996;99.86092479999996;99.86092479999996;99.93137759999999;99.95460799999998;99.93046239999998;99.93046239999998;99.93137759999999;99.95460799999998;99.95460799999998;99.95460799999998;
3000.0000000000005;100.0;99.95271359999998;99.95271359999998;99.93137759999999;99.93046239999998;99.93046239999998;99.86092479999996;99.93046239999998;99.93137759999999;99.86092479999996;99.95460799999998;99.86092479999996;99.95469759999997;100.0;100.0;100.0;99.86092479999996;99.86092479999996;99.86092479999996;99.86092479999996;99.86092479999996;99.95460799999998;99.86092479999996;99.86092479999996;99.93046239999998;99.93046239999998;99.93137759999999;99.93046239999998;99.93137759999999;100.0;100.0;100.0;99.95460799999998;100.0;100.0;100.0;99.93046239999998;99.93046239999998;99.93046239999998;99.93046239999998;99.93137759999999;99.93137759999999;99.79138719999995;99.95460799999998;99.79138719999995;99.79138719999995;99.79138719999995;99.79138719999995;99.93046239999998;99.93046239999998;99.86092479999996;99.86092479999996;99.86092479999996;99.93137759999999;99.95460799999998;99.93046239999998;99.93046239999998;99.93137759999999;99.95460799999998;99.95460799999998;99.95460799999998;
3600.0000000000005;100.0;99.95271359999998;99.95271359999998;99.93137759999999;99.93046239999998;99.93046239999998;99.86092479999996;99.93046239999998;99.93137759999999;99.86092479999996;99.95460799999998;99.86092479999996;99.95469759999997;100.0;100.0;100.0;99.86092479999996;99.86092479999996;99.86092479999996;99.86092479999996;99.86092479999996;99.95460799999998;99.86092479999996;99.86092479999996;99.93046239999998;99.93046239999998;99.93137759999999;99.93046239999998;99.93137759999999;100.0;100.0;100.0;99.95460799999998;100.0;100.0;100.0;99.93046239999998;99.93046239999998;99.93046239999998;99.93046239999998;99.93137759999999;99.93137759999999;99.79138719999995;99.95460799999998;99.79138719999995;99.79138719999995;99.79138719999995;99.79138719999995;99.93046239999998;99.93046239999998;99.86092479999996;99.86092479999996;99.86092479999996;99.93137759999999;99.95460799999998;99.93046239999998;99.93046239999998;99.93137759999999;99.95460799999998;99.95460799999998;99.95460799999998;
3600.0266666666676;100.0;99.95261359999998;99.95261359999998;99.93137759999999;99.93046239999998;99.93046239999998;99.86092479999996;99.93046239999998;99.93137759999999;99.86092479999996;99.95450799999998;99.86092479999996;99.95469759999997;100.0;100.0;100.0;99.86092479999996;99.86092479999996;99.86092479999996;99.86092479999996;99.86092479999996;99.95450799999998;99.86092479999996;99.86092479999996;99.93046239999998;99.93046239999998;99.93137759999999;99.93046239999998;99.93137759999999;100.0;100.0;100.0;99.95450799999998;100.0;100.0;100.0;99.93046239999998;99.93046239999998;99.93046239999998;99.93046239999998;99.93137759999999;99.93137759999999;99.79138719999995;99.95450799999998;99.79138719999995;99.79138719999995;99.79138719999995;99.79138719999995;99.93046239999998;99.93046239999998;99.86092479999996;99.86092479999996;99.86092479999996;99.93137759999999;99.95450799999998;99.93046239999998;99.93046239999998;99.93137759999999;99.95450799999998;99.95450799999998;99.95450799999998;
3600.0266666666676;100.0;99.95261359999998;99.95261359999998;99.93137759999999;99.93046239999998;99.93046239999998;99.86092479999996;99.93046239999998;99.93137759999999;99.86092479999996;99.94172079999997;99.86092479999996;99.95469759999997;100.0;100.0;100.0;99.86092479999996;99.86092479999996;99.86092479999996;99.86092479999996;99.86092479999996;99.94172079999997;99.86092479999996;99.86092479999996;99.93046239999998;99.93046239999998;99.93137759999999;99.93046239999998;99.93137759999999;100.0;100.0;100.0;99.94172079999997;100.0;100.0;100.0;99.93046239999998;99.93046239999998;99.93046239999998;99.93046239999998;99.93137759999999;99.93137759999999;99.79138719999995;99.94172079999997;99.79138719999995;99.79138719999995;99.79138719999995;99.79138719999995;99.93046239999998;99.93046239999998;99.86092479999996;99.86092479999996;99.86092479999996;99.93137759999999;99.94172079999997;99.93046239999998;99.93046239999998;99.93137759999999;99.94172079999997;99.94172079999997;99.94172079999997;
3600.0266666666676;100.0;99.93935279999998;99.93935279999998;99.93137759999999;99.93046239999998;99.93046239999998;99.86092479999996;99.93046239999998;99.93137759999999;99.86092479999996;99.94172079999997;99.86092479999996;99.95469759999997;100.0;100.0;100.0;99.86092479999996;99.86092479999996;99.86092479999996;99.86092479999996;99.86092479999996;99.94172079999997;99.86092479999996;99.86092479999996;99.93046239999998;99.93046239999998;99.93137759999999;99.93046239999998;99.93137759999999;100.0;100.0;100.0;99.94172079999997;100.0;100.0;100.0;99.93046239999998;99.93046239999998;99.93046239999998;99.93046239999998;99.93137759999999;99.93137759999999;99.79138719999995;99.94172079999997;99.79138719999995;99.79138719999995;99.79138719999995;99.79138719999995;99.93046239999998;99.93046239999998;99.86092479999996;99.86092479999996;99.86092479999996;99.93137759999999;99.94172079999997;99.93046239999998;99.93046239999998;99.93137759999999;99.94172079999997;99.94172079999997;99.94172079999997;
3600.0494120000008;100.0;99.93935279999998;99.93935279999998;99.92519999999999;99.93046239999998;99.93046239999998;99.86092479999996;99.93046239999998;99.92519999999999;99.86092479999996;99.94172079999997;99.86092479999996;99.95469759999997;100.0;100.0;100.0;99.86092479999996;99.86092479999996;99.86092479999996;99.86092479999996;99.86092479999996;99.94172079999997;99.86092479999996;99.86092479999996;99.93046239999998;99.93046239999998;99.92519999999999;99.93046239999998;99.92519999999999;100.0;100.0;100.0;99.94172079999997;100.0;100.0;100.0;99.93046239999998;99.93046239999998;99.93046239999998;99.93046239999998;99.92519999999999;99.92519999999999;99.79138719999995;99.94172079999997;99.79138719999995;99.79138719999995;99.79138719999995;99.79138719999995;99.93046239999998;99.93046239999998;99.86092479999996;99.86092479999996;99.86092479999996;99.92519999999999;99.94172079999997;99.93046239999998;99.93046239999998;99.92519999999999;99.94172079999997;99.94172079999997;99.94172079999997;
3600.0494120000008;100.0;99.93935279999998;99.93935279999998;99.91193919999999;99.93046239999998;99.93046239999998;99.86092479999996;99.93046239999998;99.91193919999999;99.86092479999996;99.94172079999997;99.86092479999996;99.95469759999997;100.0;100.0;100.0;99.86092479999996;99.86092479999996;99.86092479999996;99.86092479999996;99.86092479999996;99.94172079999997;99.86092479999996;99.86092479999996;99.93046239999998;99.93046239999998;99.91193919999999;99.93046239999998;99.91193919999999;100.0;100.0;100.0;99.94172079999997;100.0;100.0;100.0;99.93046239999998;99.93046239999998;99.93046239999998;99.93046239999998;99.91193919999999;99.91193919999999;99.79138719999995;99.94172079999997;99.79138719999995;99.79138719999995;99.79138719999995;99.79138719999995;99.93046239999998;99.93046239999998;99.86092479999996;99.86092479999996;99.86092479999996;99.91193919999999;99.94172079999997;99.93046239999998;99.93046239999998;99.91193919999999;99.94172079999997;99.94172079999997;99.94172079999997;
3600.050501333334;100.0;99.93935279999998;99.93935279999998;99.91193919999999;99.93046239999998;99.93046239999998;99.86092479999996;99.93046239999998;99.91193919999999;99.86092479999996;99.94172079999997;99.86092479999996;99.95469759999997;100.0;100.0;100.0;99.86092479999996;99.86092479999996;99.86092479999996;99.86092479999996;99.86092479999996;99.94172079999997;99.86092479999996;99.86092479999996;99.93046239999998;99.93046239999998;99.91193919999999;99.93046239999998;99.91193919999999;100.0;100.0;100.0;99.94172079999997;100.0;100.0;100.0;99.93046239999998;99.92405599999998;99.93046239999998;99.93046239999998;99.91193919999999;99.91193919999999;99.79138719999995;99.94172079999997;99.79138719999995;99.79138719999995;99.79138719999995;99.79138719999995;99.93046239999998;99.92405599999998;99.86092479999996;99.86092479999996;99.86092479999996;99.91193919999999;99.94172079999997;99.93046239999998;99.93046239999998;99.91193919999999;99.94172079999997;99.94172079999997;99.94172079999997;
3600.050501333334;100.0;99.93935279999998;99.93935279999998;99.91193919999999;99.93046239999998;99.93046239999998;99.86092479999996;99.93046239999998;99.91193919999999;99.86092479999996;99.94172079999997;99.86092479999996;99.95469759999997;100.0;100.0;100.0;99.86092479999996;99.86092479999996;99.86092479999996;99.86092479999996;99.86092479999996;99.94172079999997;99.86092479999996;99.86092479999996;99.93046239999998;99.93046239999998;99.91193919999999;99.93046239999998;99.91193919999999;100.0;100.0;100.0;99.94172079999997;100.0;100.0;100.0;99.93046239999998;99.91079519999998;99.93046239999998;99.93046239999998;99.91193919999999;99.91193919999999;99.79138719999995;99.94172079999997;99.79138719999995;99.79138719999995;99.79138719999995;99.79138719999995;99.93046239999998;99.91079519999998;99.86092479999996;99.86092479999996;99.86092479999996;99.91193919999999;99.94172079999997;99.93046239999998;99.93046239999998;99.91193919999999;99.94172079999997;99.94172079999997;99.94172079999997;
3600.0594120000005;100.0;99.93935279999998;99.93935279999998;99.91193919999999;99.93046239999998;99.93046239999998;99.86092479999996;99.93046239999998;99.91193919999999;99.86092479999996;99.94172079999997;99.86092479999996;99.95469759999997;100.0;100.0;100.0;99.86092479999996;99.86092479999996;99.86092479999996;99.86092479999996;99.86092479999996;99.94172079999997;99.86092479999996;99.86092479999996;99.93046239999998;99.93046239999998;99.91193919999999;99.93046239999998;99.91193919999999;100.0;100.0;100.0;99.94172079999997;100.0;100.0;100.0;99.93046239999998;99.91079519999998;99.93046239999998;99.93046239999998;99.91193919999999;99.91193919999999;99.79138719999995;99.94172079999997;99.79138719999995;99.79138719999995;99.79138719999995;99.79138719999995;99.93046239999998;99.91079519999998;99.86092479999996;99.86092479999996;99.86092479999996;99.91193919999999;99.94172079999997;99.93046239999998;99.93046239999998;99.91193919999999;99.94172079999997;99.94172079999997;99.94172079999997;
3600.0732466666673;100.0;99.93935279999998;99.93935279999998;99.91193919999999;99.92405599999998;99.93046239999998;99.86092479999996;99.92405599999998;99.91193919999999;99.86092479999996;99.94172079999997;99.86092479999996;99.95469759999997;100.0;100.0;100.0;99.86092479999996;99.86092479999996;99.86092479999996;99.86092479999996;99.86092479999996;99.94172079999997;99.86092479999996;99.86092479999996;99.93046239999998;99.92405599999998;99.91193919999999;99.92405599999998;99.91193919999999;100.0;100.0;100.0;99.94172079999997;100.0;100.0;100.0;99.93046239999998;99.91079519999998;99.93046239999998;99.92405599999998;99.91193919999999;99.91193919999999;99.79138719999995;99.94172079999997;99.79138719999995;99.79138719999995;99.79138719999995;99.79138719999995;99.93046239999998;99.91079519999998;99.86092479999996;99.86092479999996;99.85451839999996;99.91193919999999;99.94172079999997;99.93046239999998;99.92405599999998;99.91193919999999;99.94172079999997;99.94172079999997;99.94172079999997;
3600.0732466666673;100.0;99.93935279999998;99.93935279999998;99.91193919999999;99.91079519999998;99.93046239999998;99.86092479999996;99.91079519999998;99.91193919999999;99.86092479999996;99.94172079999997;99.86092479999996;99.95469759999997;100.0;100.0;100.0;99.86092479999996;99.86092479999996;99.86092479999996;99.86092479999996;99.86092479999996;99.94172079999997;99.86092479999996;99.86092479999996;99.93046239999998;99.91079519999998;99.91193919999999;99.91079519999998;99.91193919999999;100.0;100.0;100.0;99.94172079999997;100.0;100.0;100.0;99.93046239999998;99.91079519999998;99.93046239999998;99.91079519999998;99.91193919999999;99.91193919999999;99.79138719999995;99.94172079999997;99.79138719999995;99.79138719999995;99.79138719999995;99.79138719999995;99.93046239999998;99.91079519999998;99.86092479999996;99.86092479999996;99.84125759999996;99.91193919999999;99.94172079999997;99.93046239999998;99.91079519999998;99.91193919999999;99.94172079999997;99.94172079999997;99.94172079999997;
3600.0743360000006;100.0;99.93935279999998;99.93935279999998;99.91193919999999;99.91079519999998;99.93046239999998;99.86092479999996;99.91079519999998;99.91193919999999;99.86092479999996;99.94172079999997;99.86092479999996;99.95469759999997;100.0;100.0;100.0;99.86092479999996;99.86092479999996;99.86092479999996;99.86092479999996;99.86092479999996;99.94172079999997;99.86092479999996;99.86092479999996;99.93046239999998;99.91079519999998;99.91193919999999;99.91079519999998;99.91193919999999;100.0;100.0;100.0;99.94172079999997;100.0;100.0;100.0;99.92405599999998;99.91079519999998;99.93046239999998;99.91079519999998;99.91193919999999;99.91193919999999;99.79138719999995;99.94172079999997;99.79138719999995;99.79138719999995;99.79138719999995;99.79138719999995;99.92405599999998;99.91079519999998;99.86092479999996;99.86092479999996;99.84125759999996;99.91193919999999;99.94172079999997;99.93046239999998;99.91079519999998;99.91193919999999;99.94172079999997;99.94172079999997;99.94172079999997;
3600.0743360000006;100.0;99.93935279999998;99.93935279999998;99.91193919999999;99.91079519999998;99.93046239999998;99.86092479999996;99.91079519999998;99.91193919999999;99.86092479999996;99.94172079999997;99.86092479999996;99.95469759999997;100.0;100.0;100.0;99.86092479999996;99.86092479999996;99.86092479999996;99.86092479999996;99.86092479999996;99.94172079999997;99.86092479999996;99.86092479999996;99.93046239999998;99.91079519999998;99.91193919999999;99.91079519999998;99.91193919999999;100.0;100.0;100.0;99.94172079999997;100.0;100.0;100.0;99.91079519999998;99.91079519999998;99.93046239999998;99.91079519999998;99.91193919999999;99.91193919999999;99.79138719999995;99.94172079999997;99.79138719999995;99.79138719999995;99.79138719999995;99.79138719999995;99.91079519999998;99.91079519999998;99.86092479999996;99.86092479999996;99.84125759999996;99.91193919999999;99.94172079999997;99.93046239999998;99.91079519999998;99.91193919999999;99.94172079999997;99.94172079999997;99.94172079999997;
3600.084336000001;100.0;99.93935279999998;99.93935279999998;99.91193919999999;99.91079519999998;99.93046239999998;99.86092479999996;99.91079519999998;99.91193919999999;99.86092479999996;99.94172079999997;99.86092479999996;99.95469759999997;100.0;100.0;100.0;99.86092479999996;99.86092479999996;99.86092479999996;99.86092479999996;99.86092479999996;99.94172079999997;99.86092479999996;99.86092479999996;99.93046239999998;99.91079519999998;99.91193919999999;99.91079519999998;99.91193919999999;100.0;100.0;100.0;99.94172079999997;100.0;100.0;100.0;99.91079519999998;99.91079519999998;99.93046239999998;99.91079519999998;99.91193919999999;99.91193919999999;99.79138719999995;99.94172079999997;99.79138719999995;99.79138719999995;99.79138719999995;99.79138719999995;99.91079519999998;99.91079519999998;99.86092479999996;99.86092479999996;99.84125759999996;99.91193919999999;99.94172079999997;99.93046239999998;99.91079519999998;99.91193919999999;99.94172079999997;99.94172079999997;99.94172079999997;
3600.0970813333342;100.0;99.93935279999998;99.93935279999998;99.91193919999999;99.91079519999998;99.92405599999998;99.85451839999996;99.91079519999998;99.91193919999999;99.86092479999996;99.94172079999997;99.86092479999996;99.95469759999997;100.0;100.0;100.0;99.86092479999996;99.86092479999996;99.86092479999996;99.86092479999996;99.86092479999996;99.94172079999997;99.86092479999996;99.85451839999996;99.92405599999998;99.91079519999998;99.91193919999999;99.91079519999998;99.91193919999999;100.0;100.0;100.0;99.94172079999997;100.0;100.0;100.0;99.91079519999998;99.91079519999998;99.92405599999998;99.91079519999998;99.91193919999999;99.91193919999999;99.79138719999995;99.94172079999997;99.79138719999995;99.79138719999995;99.79138719999995;99.79138719999995;99.91079519999998;99.91079519999998;99.86092479999996;99.85451839999996;99.84125759999996;99.91193919999999;99.94172079999997;99.92405599999998;99.91079519999998;99.91193919999999;99.94172079999997;99.94172079999997;99.94172079999997;
3600.0970813333342;100.0;99.93935279999998;99.93935279999998;99.91193919999999;99.91079519999998;99.91079519999998;99.84125759999996;99.91079519999998;99.91193919999999;99.86092479999996;99.94172079999997;99.86092479999996;99.95469759999997;100.0;100.0;100.0;99.86092479999996;99.86092479999996;99.86092479999996;99.86092479999996;99.86092479999996;99.94172079999997;99.86092479999996;99.84125759999996;99.91079519999998;99.91079519999998;99.91193919999999;99.91079519999998;99.91193919999999;100.0;100.0;100.0;99.94172079999997;100.0;100.0;100.0;99.91079519999998;99.91079519999998;99.91079519999998;99.91079519999998;99.91193919999999;99.91193919999999;99.79138719999995;99.94172079999997;99.79138719999995;99.79138719999995;99.79138719999995;99.79138719999995;99.91079519999998;99.91079519999998;99.86092479999996;99.84125759999996;99.84125759999996;99.91193919999999;99.94172079999997;99.91079519999998;99.91079519999998;99.91193919999999;99.94172079999997;99.94172079999997;99.94172079999997;
3600.0981706666676;100.0;99.93935279999998;99.93935279999998;99.91193919999999;99.91079519999998;99.91079519999998;99.84125759999996;99.91079519999998;99.91193919999999;99.86092479999996;99.94172079999997;99.86092479999996;99.95469759999997;100.0;100.0;100.0;99.86092479999996;99.86092479999996;99.86092479999996;99.86092479999996;99.86092479999996;99.94172079999997;99.86092479999996;99.84125759999996;99.91079519999998;99.91079519999998;99.91193919999999;99.91079519999998;99.91193919999999;100.0;100.0;100.0;99.94172079999997;100.0;100.0;100.0;99.91079519999998;99.91079519999998;99.91079519999998;99.91079519999998;99.91193919999999;99.91193919999999;99.79138719999995;99.94172079999997;99.79138719999995;99.79138719999995;99.79138719999995;99.78498079999994;99.91079519999998;99.91079519999998;99.86092479999996;99.84125759999996;99.84125759999996;99.91193919999999;99.94172079999997;99.91079519999998;99.91079519999998;99.91193919999999;99.94172079999997;99.94172079999997;99.94172079999997;
3600.0981706666676;100.0;99.93935279999998;99.93935279999998;99.91193919999999;99.91079519999998;99.91079519999998;99.84125759999996;99.91079519999998;99.91193919999999;99.86092479999996;99.94172079999997;99.86092479999996;99.95469759999997;100.0;100.0;100.0;99.86092479999996;99.86092479999996;99.86092479999996;99.86092479999996;99.86092479999996;99.94172079999997;99.86092479999996;99.84125759999996;99.91079519999998;99.91079519999998;99.91193919999999;99.91079519999998;99.91193919999999;100.0;100.0;100.0;99.94172079999997;100.0;100.0;100.0;99.91079519999998;99.91079519999998;99.91079519999998;99.91079519999998;99.91193919999999;99.91193919999999;99.79138719999995;99.94172079999997;99.79138719999995;99.79138719999995;99.79138719999995;99.77171999999995;99.91079519999998;99.91079519999998;99.86092479999996;99.84125759999996;99.84125759999996;99.91193919999999;99.94172079999997;99.91079519999998;99.91079519999998;99.91193919999999;99.94172079999997;99.94172079999997;99.94172079999997;
3600.107081333334;100.0;99.93935279999998;99.93935279999998;99.91193919999999;99.91079519999998;99.91079519999998;99.84125759999996;99.91079519999998;99.91193919999999;99.86092479999996;99.94172079999997;99.86092479999996;99.95469759999997;100.0;100.0;100.0;99.86092479999996;99.86092479999996;99.86092479999996;99.86092479999996;99.86092479999996;99.94172079999997;99.86092479999996;99.84125759999996;99.91079519999998;99.91079519999998;99.91193919999999;99.91079519999998;99.91193919999999;100.0;100.0;100.0;99.94172079999997;100.0;100.0;100.0;99.91079519999998;99.91079519999998;99.91079519999998;99.91079519999998;99.91193919999999;99.91193919999999;99.79138719999995;99.94172079999997;99.79138719999995;99.79138719999995;99.79138719999995;99.77171999999995;99.91079519999998;99.91079519999998;99.86092479999996;99.84125759999996;99.84125759999996;99.91193919999999;99.94172079999997;99.91079519999998;99.91079519999998;99.91193919999999;99.94172079999997;99.94172079999997;99.94172079999997;
3600.1081706666673;100.0;99.93935279999998;99.93935279999998;99.91193919999999;99.91079519999998;99.91079519999998;99.84125759999996;99.91079519999998;99.91193919999999;99.86092479999996;99.94172079999997;99.86092479999996;99.95469759999997;100.0;100.0;100.0;99.86092479999996;99.86092479999996;99.86092479999996;99.86092479999996;99.86092479999996;99.94172079999997;99.86092479999996;99.84125759999996;99.91079519999998;99.91079519999998;99.91193919999999;99.91079519999998;99.91193919999999;100.0;100.0;100.0;99.94172079999997;100.0;100.0;100.0;99.91079519999998;99.91079519999998;99.91079519999998;99.91079519999998;99.91193919999999;99.91193919999999;99.79138719999995;99.94172079999997;99.79138719999995;99.79138719999995;99.79138719999995;99.77171999999995;99.91079519999998;99.91079519999998;99.86092479999996;99.84125759999996;99.84125759999996;99.91193919999999;99.94172079999997;99.91079519999998;99.91079519999998;99.91193919999999;99.94172079999997;99.94172079999997;99.94172079999997;
3600.1209160000008;100.0;99.93935279999998;99.93935279999998;99.91193919999999;99.91079519999998;99.91079519999998;99.83485119999996;99.91079519999998;99.91193919999999;99.85451839999996;99.94172079999997;99.86092479999996;99.95469759999997;100.0;100.0;100.0;99.86092479999996;99.86092479999996;99.86092479999996;99.86092479999996;99.86092479999996;99.94172079999997;99.85451839999996;99.83485119999996;99.91079519999998;99.91079519999998;99.91193919999999;99.91079519999998;99.91193919999999;100.0;100.0;100.0;99.94172079999997;100.0;100.0;100.0;99.91079519999998;99.91079519999998;99.91079519999998;99.91079519999998;99.91193919999999;99.91193919999999;99.79138719999995;99.94172079999997;99.79138719999995;99.79138719999995;99.79138719999995;99.77171999999995;99.91079519999998;99.91079519999998;99.85451839999996;99.84125759999996;99.83485119999996;99.91193919999999;99.94172079999997;99.91079519999998;99.91079519999998;99.91193919999999;99.94172079999997;99.94172079999997;99.94172079999997;
3600.1209160000008;100.0;99.93935279999998;99.93935279999998;99.91193919999999;99.91079519999998;99.91079519999998;99.82159039999996;99.91079519999998;99.91193919999999;99.84125759999996;99.94172079999997;99.86092479999996;99.95469759999997;100.0;100.0;100.0;99.86092479999996;99.86092479999996;99.86092479999996;99.86092479999996;99.86092479999996;99.94172079999997;99.84125759999996;99.82159039999996;99.91079519999998;99.91079519999998;99.91193919999999;99.91079519999998;99.91193919999999;100.0;100.0;100.0;99.94172079999997;100.0;100.0;100.0;99.91079519999998;99.91079519999998;99.91079519999998;99.91079519999998;99.91193919999999;99.91193919999999;99.79138719999995;99.94172079999997;99.79138719999995;99.79138719999995;99.79138719999995;99.77171999999995;99.91079519999998;99.91079519999998;99.84125759999996;99.84125759999996;99.82159039999996;99.91193919999999;99.94172079999997;99.91079519999998;99.91079519999998;99.91193919999999;99.94172079999997;99.94172079999997;99.94172079999997;
3600.122005333334;100.0;99.93935279999998;99.93935279999998;99.91193919999999;99.91079519999998;99.91079519999998;99.82159039999996;99.91079519999998;99.91193919999999;99.84125759999996;99.94172079999997;99.86092479999996;99.95469759999997;100.0;100.0;100.0;99.86092479999996;99.86092479999996;99.86092479999996;99.86092479999996;99.86092479999996;99.94172079999997;99.84125759999996;99.82159039999996;99.91079519999998;99.91079519999998;99.91193919999999;99.91079519999998;99.91193919999999;100.0;100.0;100.0;99.94172079999997;100.0;100.0;100.0;99.91079519999998;99.91079519999998;99.91079519999998;99.91079519999998;99.91193919999999;99.91193919999999;99.79138719999995;99.94172079999997;99.79138719999995;99.79138719999995;99.78498079999994;99.77171999999995;99.91079519999998;99.91079519999998;99.84125759999996;99.84125759999996;99.82159039999996;99.91193919999999;99.94172079999997;99.91079519999998;99.91079519999998;99.91193919999999;99.94172079999997;99.94172079999997;99.94172079999997;
3600.122005333334;100.0;99.93935279999998;99.93935279999998;99.91193919999999;99.91079519999998;99.91079519999998;99.82159039999996;99.91079519999998;99.91193919999999;99.84125759999996;99.94172079999997;99.86092479999996;99.95469759999997;100.0;100.0;100.0;99.86092479999996;99.86092479999996;99.86092479999996;99.86092479999996;99.86092479999996;99.94172079999997;99.84125759999996;99.82159039999996;99.91079519999998;99.91079519999998;99.91193919999999;99.91079519999998;99.91193919999999;100.0;100.0;100.0;99.94172079999997;100.0;100.0;100.0;99.91079519999998;99.91079519999998;99.91079519999998;99.91079519999998;99.91193919999999;99.91193919999999;99.79138719999995;99.94172079999997;99.79138719999995;99.79138719999995;99.77171999999995;99.77171999999995;99.91079519999998;99.91079519999998;99.84125759999996;99.84125759999996;99.82159039999996;99.91193919999999;99.94172079999997;99.91079519999998;99.91079519999998;99.91193919999999;99.94172079999997;99.94172079999997;99.94172079999997;
3600.1309160000005;100.0;99.93935279999998;99.93935279999998;99.91193919999999;99.91079519999998;99.91079519999998;99.82159039999996;99.91079519999998;99.91193919999999;99.84125759999996;99.94172079999997;99.86092479999996;99.95469759999997;100.0;100.0;100.0;99.86092479999996;99.86092479999996;99.86092479999996;99.86092479999996;99.86092479999996;99.94172079999997;99.84125759999996;99.82159039999996;99.91079519999998;99.91079519999998;99.91193919999999;99.91079519999998;99.91193919999999;100.0;100.0;100.0;99.94172079999997;100.0;100.0;100.0;99.91079519999998;99.91079519999998;99.91079519999998;99.91079519999998;99.91193919999999;99.91193919999999;99.79138719999995;99.94172079999997;99.79138719999995;99.79138719999995;99.77171999999995;99.77171999999995;99.91079519999998;99.91079519999998;99.84125759999996;99.84125759999996;99.82159039999996;99.91193919999999;99.94172079999997;99.91079519999998;99.91079519999998;99.91193919999999;99.94172079999997;99.94172079999997;99.94172079999997;
3600.1447506666673;100.0;99.93935279999998;99.93935279999998;99.91193919999999;99.91079519999998;99.91079519999998;99.82159039999996;99.91079519999998;99.91193919999999;99.83485119999996;99.94172079999997;99.85451839999996;99.95469759999997;100.0;100.0;100.0;99.86092479999996;99.86092479999996;99.86092479999996;99.86092479999996;99.85451839999996;99.94172079999997;99.83485119999996;99.82159039999996;99.91079519999998;99.91079519999998;99.91193919999999;99.91079519999998;99.91193919999999;100.0;100.0;100.0;99.94172079999997;100.0;100.0;100.0;99.91079519999998;99.91079519999998;99.91079519999998;99.91079519999998;99.91193919999999;99.91193919999999;99.79138719999995;99.94172079999997;99.79138719999995;99.79138719999995;99.77171999999995;99.76531359999994;99.91079519999998;99.91079519999998;99.84125759999996;99.83485119999996;99.82159039999996;99.91193919999999;99.94172079999997;99.91079519999998;99.91079519999998;99.91193919999999;99.94172079999997;99.94172079999997;99.94172079999997;
3600.1447506666673;100.0;99.93935279999998;99.93935279999998;99.91193919999999;99.91079519999998;99.91079519999998;99.82159039999996;99.91079519999998;99.91193919999999;99.82159039999996;99.94172079999997;99.84125759999996;99.95469759999997;100.0;100.0;100.0;99.86092479999996;99.86092479999996;99.86092479999996;99.86092479999996;99.84125759999996;99.94172079999997;99.82159039999996;99.82159039999996;99.91079519999998;99.91079519999998;99.91193919999999;99.91079519999998;99.91193919999999;100.0;100.0;100.0;99.94172079999997;100.0;100.0;100.0;99.91079519999998;99.91079519999998;99.91079519999998;99.91079519999998;99.91193919999999;99.91193919999999;99.79138719999995;99.94172079999997;99.79138719999995;99.79138719999995;99.77171999999995;99.75205279999994;99.91079519999998;99.91079519999998;99.84125759999996;99.82159039999996;99.82159039999996;99.91193919999999;99.94172079999997;99.91079519999998;99.91079519999998;99.91193919999999;99.94172079999997;99.94172079999997;99.94172079999997;
3600.1458400000006;100.0;99.93935279999998;99.93935279999998;99.91193919999999;99.91079519999998;99.91079519999998;99.82159039999996;99.91079519999998;99.91193919999999;99.82159039999996;99.94172079999997;99.84125759999996;99.95469759999997;100.0;100.0;100.0;99.86092479999996;99.86092479999996;99.86092479999996;99.86092479999996;99.84125759999996;99.94172079999997;99.82159039999996;99.82159039999996;99.91079519999998;99.91079519999998;99.91193919999999;99.91079519999998;99.91193919999999;100.0;100.0;100.0;99.94172079999997;100.0;100.0;100.0;99.91079519999998;99.91079519999998;99.91079519999998;99.91079519999998;99.91193919999999;99.91193919999999;99.79138719999995;99.94172079999997;99.79138719999995;99.78498079999994;99.77171999999995;99.75205279999994;99.91079519999998;99.91079519999998;99.84125759999996;99.82159039999996;99.82159039999996;99.91193919999999;99.94172079999997;99.91079519999998;99.91079519999998;99.91193919999999;99.94172079999997;99.94172079999997;99.94172079999997;
3600.1458400000006;100.0;99.93935279999998;99.93935279999998;99.91193919999999;99.91079519999998;99.91079519999998;99.82159039999996;99.91079519999998;99.91193919999999;99.82159039999996;99.94172079999997;99.84125759999996;99.95469759999997;100.0;100.0;100.0;99.86092479999996;99.86092479999996;99.86092479999996;99.86092479999996;99.84125759999996;99.94172079999997;99.82159039999996;99.82159039999996;99.91079519999998;99.91079519999998;99.91193919999999;99.91079519999998;99.91193919999999;100.0;100.0;100.0;99.94172079999997;100.0;100.0;100.0;99.91079519999998;99.91079519999998;99.91079519999998;99.91079519999998;99.91193919999999;99.91193919999999;99.79138719999995;99.94172079999997;99.79138719999995;99.77171999999995;99.77171999999995;99.75205279999994;99.91079519999998;99.91079519999998;99.84125759999996;99.82159039999996;99.82159039999996;99.91193919999999;99.94172079999997;99.91079519999998;99.91079519999998;99.91193919999999;99.94172079999997;99.94172079999997;99.94172079999997;
3600.154750666667;100.0;99.93935279999998;99.93935279999998;99.91193919999999;99.91079519999998;99.91079519999998;99.82159039999996;99.91079519999998;99.91193919999999;99.82159039999996;99.94172079999997;99.84125759999996;99.95469759999997;100.0;100.0;100.0;99.86092479999996;99.86092479999996;99.86092479999996;99.86092479999996;99.84125759999996;99.94172079999997;99.82159039999996;99.82159039999996;99.91079519999998;99.91079519999998;99.91193919999999;99.91079519999998;99.91193919999999;100.0;100.0;100.0;99.94172079999997;100.0;100.0;100.0;99.91079519999998;99.91079519999998;99.91079519999998;99.91079519999998;99.91193919999999;99.91193919999999;99.79138719999995;99.94172079999997;99.79138719999995;99.77171999999995;99.77171999999995;99.75205279999994;99.91079519999998;99.91079519999998;99.84125759999996;99.82159039999996;99.82159039999996;99.91193919999999;99.94172079999997;99.91079519999998;99.91079519999998;99.91193919999999;99.94172079999997;99.94172079999997;99.94172079999997;
3600.168585333334;100.0;99.93935279999998;99.93935279999998;99.91193919999999;99.91079519999998;99.91079519999998;99.82159039999996;99.91079519999998;99.91193919999999;99.82159039999996;99.94172079999997;99.83485119999996;99.94829119999997;100.0;100.0;100.0;99.86092479999996;99.86092479999996;99.86092479999996;99.85451839999996;99.83485119999996;99.94172079999997;99.82159039999996;99.82159039999996;99.91079519999998;99.91079519999998;99.91193919999999;99.91079519999998;99.91193919999999;100.0;100.0;100.0;99.94172079999997;100.0;100.0;100.0;99.91079519999998;99.91079519999998;99.91079519999998;99.91079519999998;99.91193919999999;99.91193919999999;99.79138719999995;99.94172079999997;99.79138719999995;99.77171999999995;99.76531359999994;99.75205279999994;99.91079519999998;99.91079519999998;99.83485119999996;99.82159039999996;99.82159039999996;99.91193919999999;99.94172079999997;99.91079519999998;99.91079519999998;99.91193919999999;99.94172079999997;99.94172079999997;99.94172079999997;
3600.168585333334;100.0;99.93935279999998;99.93935279999998;99.91193919999999;99.91079519999998;99.91079519999998;99.82159039999996;99.91079519999998;99.91193919999999;99.82159039999996;99.94172079999997;99.82159039999996;99.94829119999997;100.0;100.0;100.0;99.86092479999996;99.86092479999996;99.86092479999996;99.84125759999996;99.82159039999996;99.94172079999997;99.82159039999996;99.82159039999996;99.91079519999998;99.91079519999998;99.91193919999999;99.91079519999998;99.91193919999999;100.0;100.0;100.0;99.94172079999997;100.0;100.0;100.0;99.91079519999998;99.91079519999998;99.91079519999998;99.91079519999998;99.91193919999999;99.91193919999999;99.79138719999995;99.94172079999997;99.79138719999995;99.77171999999995;99.75205279999994;99.75205279999994;99.91079519999998;99.91079519999998;99.82159039999996;99.82159039999996;99.82159039999996;99.91193919999999;99.94172079999997;99.91079519999998;99.91079519999998;99.91193919999999;99.94172079999997;99.94172079999997;99.94172079999997;
3600.169674666667;100.0;99.93935279999998;99.93935279999998;99.91193919999999;99.91079519999998;99.91079519999998;99.82159039999996;99.91079519999998;99.91193919999999;99.82159039999996;99.94172079999997;99.82159039999996;99.94829119999997;100.0;100.0;100.0;99.86092479999996;99.86092479999996;99.86092479999996;99.84125759999996;99.82159039999996;99.94172079999997;99.82159039999996;99.82159039999996;99.91079519999998;99.91079519999998;99.91193919999999;99.91079519999998;99.91193919999999;100.0;100.0;100.0;99.94172079999997;100.0;100.0;100.0;99.91079519999998;99.91079519999998;99.91079519999998;99.91079519999998;99.91193919999999;99.91193919999999;99.79138719999995;99.94172079999997;99.78498079999994;99.77171999999995;99.75205279999994;99.75205279999994;99.91079519999998;99.91079519999998;99.82159039999996;99.82159039999996;99.82159039999996;99.91193919999999;99.94172079999997;99.91079519999998;99.91079519999998;99.91193919999999;99.94172079999997;99.94172079999997;99.94172079999997;
3600.169674666667;100.0;99.93935279999998;99.93935279999998;99.91193919999999;99.91079519999998;99.91079519999998;99.82159039999996;99.91079519999998;99.91193919999999;99.82159039999996;99.94172079999997;99.82159039999996;99.94829119999997;100.0;100.0;100.0;99.86092479999996;99.86092479999996;99.86092479999996;99.84125759999996;99.82159039999996;99.94172079999997;99.82159039999996;99.82159039999996;99.91079519999998;99.91079519999998;99.91193919999999;99.91079519999998;99.91193919999999;100.0;100.0;100.0;99.94172079999997;100.0;100.0;100.0;99.91079519999998;99.91079519999998;99.91079519999998;99.91079519999998;99.91193919999999;99.91193919999999;99.79138719999995;99.94172079999997;99.77171999999995;99.77171999999995;99.75205279999994;99.75205279999994;99.91079519999998;99.91079519999998;99.82159039999996;99.82159039999996;99.82159039999996;99.91193919999999;99.94172079999997;99.91079519999998;99.91079519999998;99.91193919999999;99.94172079999997;99.94172079999997;99.94172079999997;
3600.1924200000003;100.0;99.93935279999998;99.93935279999998;99.91193919999999;99.91079519999998;99.91079519999998;99.82159039999996;99.91079519999998;99.91193919999999;99.82159039999996;99.94172079999997;99.82159039999996;99.94188479999997;100.0;100.0;100.0;99.86092479999996;99.86092479999996;99.85451839999996;99.83485119999996;99.82159039999996;99.94172079999997;99.82159039999996;99.82159039999996;99.91079519999998;99.91079519999998;99.91193919999999;99.91079519999998;99.91193919999999;100.0;100.0;100.0;99.94172079999997;100.0;100.0;100.0;99.91079519999998;99.91079519999998;99.91079519999998;99.91079519999998;99.91193919999999;99.91193919999999;99.79138719999995;99.94172079999997;99.77171999999995;99.76531359999994;99.75205279999994;99.74564639999994;99.91079519999998;99.91079519999998;99.82159039999996;99.82159039999996;99.82159039999996;99.91193919999999;99.94172079999997;99.91079519999998;99.91079519999998;99.91193919999999;99.94172079999997;99.94172079999997;99.94172079999997;
3600.1924200000003;100.0;99.93935279999998;99.93935279999998;99.91193919999999;99.91079519999998;99.91079519999998;99.82159039999996;99.91079519999998;99.91193919999999;99.82159039999996;99.94172079999997;99.82159039999996;99.94188479999997;100.0;100.0;100.0;99.86092479999996;99.86092479999996;99.84125759999996;99.82159039999996;99.82159039999996;99.94172079999997;99.82159039999996;99.82159039999996;99.91079519999998;99.91079519999998;99.91193919999999;99.91079519999998;99.91193919999999;100.0;100.0;100.0;99.94172079999997;100.0;100.0;100.0;99.91079519999998;99.91079519999998;99.91079519999998;99.91079519999998;99.91193919999999;99.91193919999999;99.79138719999995;99.94172079999997;99.77171999999995;99.75205279999994;99.75205279999994;99.73238559999994;99.91079519999998;99.91079519999998;99.82159039999996;99.82159039999996;99.82159039999996;99.91193919999999;99.94172079999997;99.91079519999998;99.91079519999998;99.91193919999999;99.94172079999997;99.94172079999997;99.94172079999997;
3600.1935093333336;100.0;99.93935279999998;99.93935279999998;99.91193919999999;99.91079519999998;99.91079519999998;99.82159039999996;99.91079519999998;99.91193919999999;99.82159039999996;99.94172079999997;99.82159039999996;99.94188479999997;100.0;100.0;100.0;99.86092479999996;99.86092479999996;99.84125759999996;99.82159039999996;99.82159039999996;99.94172079999997;99.82159039999996;99.82159039999996;99.91079519999998;99.91079519999998;99.91193919999999;99.91079519999998;99.91193919999999;100.0;100.0;100.0;99.94172079999997;100.0;100.0;100.0;99.91079519999998;99.91079519999998;99.91079519999998;99.91079519999998;99.91193919999999;99.91193919999999;99.78498079999994;99.94172079999997;99.77171999999995;99.75205279999994;99.75205279999994;99.73238559999994;99.91079519999998;99.91079519999998;99.82159039999996;99.82159039999996;99.82159039999996;99.91193919999999;99.94172079999997;99.91079519999998;99.91079519999998;99.91193919999999;99.94172079999997;99.94172079999997;99.94172079999997;
3600.1935093333336;100.0;99.93935279999998;99.93935279999998;99.91193919999999;99.91079519999998;99.91079519999998;99.82159039999996;99.91079519999998;99.91193919999999;99.82159039999996;99.94172079999997;99.82159039999996;99.94188479999997;100.0;100.0;100.0;99.86092479999996;99.86092479999996;99.84125759999996;99.82159039999996;99.82159039999996;99.94172079999997;99.82159039999996;99.82159039999996;99.91079519999998;99.91079519999998;99.91193919999999;99.91079519999998;99.91193919999999;100.0;100.0;100.0;99.94172079999997;100.0;100.0;100.0;99.91079519999998;99.91079519999998;99.91079519999998;99.91079519999998;99.91193919999999;99.91193919999999;99.77171999999995;99.94172079999997;99.77171999999995;99.75205279999994;99.75205279999994;99.73238559999994;99.91079519999998;99.91079519999998;99.82159039999996;99.82159039999996;99.82159039999996;99.91193919999999;99.94172079999997;99.91079519999998;99.91079519999998;99.91193919999999;99.94172079999997;99.94172079999997;99.94172079999997;
3600.20242;100.0;99.93935279999998;99.93935279999998;99.91193919999999;99.91079519999998;99.91079519999998;99.82159039999996;99.91079519999998;99.91193919999999;99.82159039999996;99.94172079999997;99.82159039999996;99.94188479999997;100.0;100.0;100.0;99.86092479999996;99.86092479999996;99.84125759999996;99.82159039999996;99.82159039999996;99.94172079999997;99.82159039999996;99.82159039999996;99.91079519999998;99.91079519999998;99.91193919999999;99.91079519999998;99.91193919999999;100.0;100.0;100.0;99.94172079999997;100.0;100.0;100.0;99.91079519999998;99.91079519999998;99.91079519999998;99.91079519999998;99.91193919999999;99.91193919999999;99.77171999999995;99.94172079999997;99.77171999999995;99.75205279999994;99.75205279999994;99.73238559999994;99.91079519999998;99.91079519999998;99.82159039999996;99.82159039999996;99.82159039999996;99.91193919999999;99.94172079999997;99.91079519999998;99.91079519999998;99.91193919999999;99.94172079999997;99.94172079999997;99.94172079999997;
3600.216254666667;100.0;99.93935279999998;99.93935279999998;99.91193919999999;99.91079519999998;99.91079519999998;99.82159039999996;99.91079519999998;99.91193919999999;99.82159039999996;99.94172079999997;99.82159039999996;99.94188479999997;100.0;100.0;100.0;99.86092479999996;99.85451839999996;99.83485119999996;99.82159039999996;99.82159039999996;99.94172079999997;99.82159039999996;99.82159039999996;99.91079519999998;99.91079519999998;99.91193919999999;99.91079519999998;99.91193919999999;100.0;100.0;100.0;99.94172079999997;100.0;100.0;100.0;99.91079519999998;99.91079519999998;99.91079519999998;99.91079519999998;99.91193919999999;99.91193919999999;99.77171999999995;99.94172079999997;99.76531359999994;99.75205279999994;99.74564639999994;99.73238559999994;99.91079519999998;99.91079519999998;99.82159039999996;99.82159039999996;99.82159039999996;99.91193919999999;99.94172079999997;99.91079519999998;99.91079519999998;99.91193919999999;99.94172079999997;99.94172079999997;99.94172079999997;
3600.216254666667;100.0;99.93935279999998;99.93935279999998;99.91193919999999;99.91079519999998;99.91079519999998;99.82159039999996;99.91079519999998;99.91193919999999;99.82159039999996;99.94172079999997;99.82159039999996;99.94188479999997;100.0;100.0;100.0;99.86092479999996;99.84125759999996;99.82159039999996;99.82159039999996;99.82159039999996;99.94172079999997;99.82159039999996;99.82159039999996;99.91079519999998;99.91079519999998;99.91193919999999;99.91079519999998;99.91193919999999;100.0;100.0;100.0;99.94172079999997;100.0;100.0;100.0;99.91079519999998;99.91079519999998;99.91079519999998;99.91079519999998;99.91193919999999;99.91193919999999;99.77171999999995;99.94172079999997;99.75205279999994;99.75205279999994;99.73238559999994;99.73238559999994;99.91079519999998;99.91079519999998;99.82159039999996;99.82159039999996;99.82159039999996;99.91193919999999;99.94172079999997;99.91079519999998;99.91079519999998;99.91193919999999;99.94172079999997;99.94172079999997;99.94172079999997;
3600.217344;100.0;99.93935279999998;99.93935279999998;99.91193919999999;99.91079519999998;99.91079519999998;99.82159039999996;99.91079519999998;99.91193919999999;99.82159039999996;99.94172079999997;99.82159039999996;99.94188479999997;100.0;100.0;100.0;99.86092479999996;99.84125759999996;99.82159039999996;99.82159039999996;99.82159039999996;99.94172079999997;99.82159039999996;99.82159039999996;99.91079519999998;99.91079519999998;99.91193919999999;99.91079519999998;99.91193919999999;100.0;100.0;100.0;99.94172079999997;100.0;100.0;100.0;99.91079519999998;99.91079519999998;99.91079519999998;99.91079519999998;99.91193919999999;99.91193919999999;99.77171999999995;99.94172079999997;99.75205279999994;99.75205279999994;99.73238559999994;99.73238559999994;99.91079519999998;99.91079519999998;99.82159039999996;99.82159039999996;99.82159039999996;99.91193919999999;99.94172079999997;99.91079519999998;99.91079519999998;99.91193919999999;99.94172079999997;99.94172079999997;99.94172079999997;
3600.2400893333333;100.0;99.93935279999998;99.93935279999998;99.91193919999999;99.91079519999998;99.91079519999998;99.82159039999996;99.91079519999998;99.91193919999999;99.82159039999996;99.94172079999997;99.82159039999996;99.94188479999997;100.0;100.0;100.0;99.85451839999996;99.83485119999996;99.82159039999996;99.82159039999996;99.82159039999996;99.94172079999997;99.82159039999996;99.82159039999996;99.91079519999998;99.91079519999998;99.91193919999999;99.91079519999998;99.91193919999999;100.0;100.0;100.0;99.94172079999997;100.0;100.0;100.0;99.91079519999998;99.91079519999998;99.91079519999998;99.91079519999998;99.91193919999999;99.91193919999999;99.76531359999994;99.94172079999997;99.75205279999994;99.74564639999994;99.73238559999994;99.73238559999994;99.91079519999998;99.91079519999998;99.82159039999996;99.82159039999996;99.82159039999996;99.91193919999999;99.94172079999997;99.91079519999998;99.91079519999998;99.91193919999999;99.94172079999997;99.94172079999997;99.94172079999997;
3600.2400893333333;100.0;99.93935279999998;99.93935279999998;99.91193919999999;99.91079519999998;99.91079519999998;99.82159039999996;99.91079519999998;99.91193919999999;99.82159039999996;99.94172079999997;99.82159039999996;99.94188479999997;100.0;100.0;100.0;99.84125759999996;99.82159039999996;99.82159039999996;99.82159039999996;99.82159039999996;99.94172079999997;99.82159039999996;99.82159039999996;99.91079519999998;99.91079519999998;99.91193919999999;99.91079519999998;99.91193919999999;100.0;100.0;100.0;99.94172079999997;100.0;100.0;100.0;99.91079519999998;99.91079519999998;99.91079519999998;99.91079519999998;99.91193919999999;99.91193919999999;99.75205279999994;99.94172079999997;99.75205279999994;99.73238559999994;99.73238559999994;99.73238559999994;99.91079519999998;99.91079519999998;99.82159039999996;99.82159039999996;99.82159039999996;99.91193919999999;99.94172079999997;99.91079519999998;99.91079519999998;99.91193919999999;99.94172079999997;99.94172079999997;99.94172079999997;
3600.263924;100.0;99.93935279999998;99.93935279999998;99.91193919999999;99.91079519999998;99.91079519999998;99.82159039999996;99.91079519999998;99.91193919999999;99.82159039999996;99.94172079999997;99.82159039999996;99.94188479999997;100.0;100.0;100.0;99.83485119999996;99.82159039999996;99.82159039999996;99.82159039999996;99.82159039999996;99.94172079999997;99.82159039999996;99.82159039999996;99.91079519999998;99.91079519999998;99.91193919999999;99.91079519999998;99.91193919999999;100.0;100.0;100.0;99.94172079999997;100.0;100.0;100.0;99.91079519999998;99.91079519999998;99.91079519999998;99.91079519999998;99.91193919999999;99.91193919999999;99.75205279999994;99.94172079999997;99.74564639999994;99.73238559999994;99.73238559999994;99.73238559999994;99.91079519999998;99.91079519999998;99.82159039999996;99.82159039999996;99.82159039999996;99.91193919999999;99.94172079999997;99.91079519999998;99.91079519999998;99.91193919999999;99.94172079999997;99.94172079999997;99.94172079999997;
3600.263924;100.0;99.93935279999998;99.93935279999998;99.91193919999999;99.91079519999998;99.91079519999998;99.82159039999996;99.91079519999998;99.91193919999999;99.82159039999996;99.94172079999997;99.82159039999996;99.94188479999997;100.0;100.0;100.0;99.82159039999996;99.82159039999996;99.82159039999996;99.82159039999996;99.82159039999996;99.94172079999997;99.82159039999996;99.82159039999996;99.91079519999998;99.91079519999998;99.91193919999999;99.91079519999998;99.91193919999999;100.0;100.0;100.0;99.94172079999997;100.0;100.0;100.0;99.91079519999998;99.91079519999998;99.91079519999998;99.91079519999998;99.91193919999999;99.91193919999999;99.75205279999994;99.94172079999997;99.73238559999994;99.73238559999994;99.73238559999994;99.73238559999994;99.91079519999998;99.91079519999998;99.82159039999996;99.82159039999996;99.82159039999996;99.91193919999999;99.94172079999997;99.91079519999998;99.91079519999998;99.91193919999999;99.94172079999997;99.94172079999997;99.94172079999997;
3600.2877586666664;100.0;99.93935279999998;99.93935279999998;99.91193919999999;99.91079519999998;99.91079519999998;99.82159039999996;99.91079519999998;99.91193919999999;99.82159039999996;99.94172079999997;99.82159039999996;99.94188479999997;100.0;100.0;100.0;99.82159039999996;99.82159039999996;99.82159039999996;99.82159039999996;99.82159039999996;99.94172079999997;99.82159039999996;99.82159039999996;99.91079519999998;99.91079519999998;99.91193919999999;99.91079519999998;99.91193919999999;100.0;100.0;100.0;99.94172079999997;100.0;100.0;100.0;99.91079519999998;99.91079519999998;99.91079519999998;99.91079519999998;99.91193919999999;99.91193919999999;99.74564639999994;99.94172079999997;99.73238559999994;99.73238559999994;99.73238559999994;99.73238559999994;99.91079519999998;99.91079519999998;99.82159039999996;99.82159039999996;99.82159039999996;99.91193919999999;99.94172079999997;99.91079519999998;99.91079519999998;99.91193919999999;99.94172079999997;99.94172079999997;99.94172079999997;
3600.2877586666664;100.0;99.93935279999998;99.93935279999998;99.91193919999999;99.91079519999998;99.91079519999998;99.82159039999996;99.91079519999998;99.91193919999999;99.82159039999996;99.94172079999997;99.82159039999996;99.94188479999997;100.0;100.0;100.0;99.82159039999996;99.82159039999996;99.82159039999996;99.82159039999996;99.82159039999996;99.94172079999997;99.82159039999996;99.82159039999996;99.91079519999998;99.91079519999998;99.91193919999999;99.91079519999998;99.91193919999999;100.0;100.0;100.0;99.94172079999997;100.0;100.0;100.0;99.91079519999998;99.91079519999998;99.91079519999998;99.91079519999998;99.91193919999999;99.91193919999999;99.73238559999994;99.94172079999997;99.73238559999994;99.73238559999994;99.73238559999994;99.73238559999994;99.91079519999998;99.91079519999998;99.82159039999996;99.82159039999996;99.82159039999996;99.91193919999999;99.94172079999997;99.91079519999998;99.91079519999998;99.91193919999999;99.94172079999997;99.94172079999997;99.94172079999997;
3600.311593333333;100.0;99.93935279999998;99.93935279999998;99.91193919999999;99.91079519999998;99.91079519999998;99.82159039999996;99.91079519999998;99.91193919999999;99.82159039999996;99.94172079999997;99.82159039999996;99.94188479999997;100.0;100.0;100.0;99.82159039999996;99.82159039999996;99.82159039999996;99.82159039999996;99.82159039999996;99.94172079999997;99.82159039999996;99.82159039999996;99.91079519999998;99.91079519999998;99.91193919999999;99.91079519999998;99.91193919999999;100.0;100.0;100.0;99.94172079999997;100.0;100.0;100.0;99.91079519999998;99.91079519999998;99.91079519999998;99.91079519999998;99.91193919999999;99.91193919999999;99.73238559999994;99.94172079999997;99.73238559999994;99.73238559999994;99.73238559999994;99.73238559999994;99.91079519999998;99.91079519999998;99.82159039999996;99.82159039999996;99.82159039999996;99.91193919999999;99.94172079999997;99.91079519999998;99.91079519999998;99.91193919999999;99.94172079999997;99.94172079999997;99.94172079999997;
4200.0;100.0;99.93935279999998;99.93935279999998;99.91193919999999;99.91079519999998;99.91079519999998;99.82159039999996;99.91079519999998;99.91193919999999;99.82159039999996;99.94172079999997;99.82159039999996;99.94188479999997;100.0;100.0;100.0;99.82159039999996;99.82159039999996;99.82159039999996;99.82159039999996;99.82159039999996;99.94172079999997;99.82159039999996;99.82159039999996;99.91079519999998;99.91079519999998;99.91193919999999;99.91079519999998;99.91193919999999;100.0;100.0;100.0;99.94172079999997;100.0;100.0;100.0;99.91079519999998;99.91079519999998;99.91079519999998;99.91079519999998;99.91193919999999;99.91193919999999;99.73238559999994;99.94172079999997;99.73238559999994;99.73238559999994;99.73238559999994;99.73238559999994;99.91079519999998;99.91079519999998;99.82159039999996;99.82159039999996;99.82159039999996;99.91193919999999;99.94172079999997;99.91079519999998;99.91079519999998;99.91193919999999;99.94172079999997;99.94172079999997;99.94172079999997;
4500.026666666667;100.0;99.93925279999998;99.93925279999998;99.91193919999999;99.91079519999998;99.91079519999998;99.82159039999996;99.91079519999998;99.91193919999999;99.82159039999996;99.94162079999997;99.82159039999996;99.94188479999997;100.0;100.0;100.0;99.82159039999996;99.82159039999996;99.82159039999996;99.82159039999996;99.82159039999996;99.94162079999997;99.82159039999996;99.82159039999996;99.91079519999998;99.91079519999998;99.91193919999999;99.91079519999998;99.91193919999999;100.0;100.0;100.0;99.94162079999997;100.0;100.0;100.0;99.91079519999998;99.91079519999998;99.91079519999998;99.91079519999998;99.91193919999999;99.91193919999999;99.73238559999994;99.94162079999997;99.73238559999994;99.73238559999994;99.73238559999994;99.73238559999994;99.91079519999998;99.91079519999998;99.82159039999996;99.82159039999996;99.82159039999996;99.91193919999999;99.94162079999997;99.91079519999998;99.91079519999998;99.91193919999999;99.94162079999997;99.94162079999997;99.94162079999997;
4500.026666666667;100.0;99.93925279999998;99.93925279999998;99.91193919999999;99.91079519999998;99.91079519999998;99.82159039999996;99.91079519999998;99.91193919999999;99.82159039999996;99.92835999999997;99.82159039999996;99.94188479999997;100.0;100.0;100.0;99.82159039999996;99.82159039999996;99.82159039999996;99.82159039999996;99.82159039999996;99.92835999999997;99.82159039999996;99.82159039999996;99.91079519999998;99.91079519999998;99.91193919999999;99.91079519999998;99.91193919999999;100.0;100.0;100.0;99.92835999999997;100.0;100.0;100.0;99.91079519999998;99.91079519999998;99.91079519999998;99.91079519999998;99.91193919999999;99.91193919999999;99.73238559999994;99.92835999999997;99.73238559999994;99.73238559999994;99.73238559999994;99.73238559999994;99.91079519999998;99.91079519999998;99.82159039999996;99.82159039999996;99.82159039999996;99.91193919999999;99.92835999999997;99.91079519999998;99.91079519999998;99.91193919999999;99.92835999999997;99.92835999999997;99.92835999999997;
4500.026666666667;100.0;99.92551839999997;99.92551839999997;99.91193919999999;99.91079519999998;99.91079519999998;99.82159039999996;99.91079519999998;99.91193919999999;99.82159039999996;99.92835999999997;99.82159039999996;99.94188479999997;100.0;100.0;100.0;99.82159039999996;99.82159039999996;99.82159039999996;99.82159039999996;99.82159039999996;99.92835999999997;99.82159039999996;99.82159039999996;99.91079519999998;99.91079519999998;99.91193919999999;99.91079519999998;99.91193919999999;100.0;100.0;100.0;99.92835999999997;100.0;100.0;100.0;99.91079519999998;99.91079519999998;99.91079519999998;99.91079519999998;99.91193919999999;99.91193919999999;99.73238559999994;99.92835999999997;99.73238559999994;99.73238559999994;99.73238559999994;99.73238559999994;99.91079519999998;99.91079519999998;99.82159039999996;99.82159039999996;99.82159039999996;99.91193919999999;99.92835999999997;99.91079519999998;99.91079519999998;99.91193919999999;99.92835999999997;99.92835999999997;99.92835999999997;
4500.050501333333;100.0;99.92551839999997;99.92551839999997;99.90553279999999;99.91079519999998;99.91079519999998;99.82159039999996;99.91079519999998;99.90553279999999;99.82159039999996;99.92835999999997;99.82159039999996;99.94188479999997;100.0;100.0;100.0;99.82159039999996;99.82159039999996;99.82159039999996;99.82159039999996;99.82159039999996;99.92835999999997;99.82159039999996;99.82159039999996;99.91079519999998;99.91079519999998;99.90553279999999;99.91079519999998;99.90553279999999;100.0;100.0;100.0;99.92835999999997;100.0;100.0;100.0;99.91079519999998;99.91079519999998;99.91079519999998;99.91079519999998;99.90553279999999;99.90553279999999;99.73238559999994;99.92835999999997;99.73238559999994;99.73238559999994;99.73238559999994;99.73238559999994;99.91079519999998;99.91079519999998;99.82159039999996;99.82159039999996;99.82159039999996;99.90553279999999;99.92835999999997;99.91079519999998;99.91079519999998;99.90553279999999;99.92835999999997;99.92835999999997;99.92835999999997;
4500.050501333333;100.0;99.92551839999997;99.92551839999997;99.89179839999998;99.91079519999998;99.91079519999998;99.82159039999996;99.91079519999998;99.89179839999998;99.82159039999996;99.92835999999997;99.82159039999996;99.94188479999997;100.0;100.0;100.0;99.82159039999996;99.82159039999996;99.82159039999996;99.82159039999996;99.82159039999996;99.92835999999997;99.82159039999996;99.82159039999996;99.91079519999998;99.91079519999998;99.89179839999998;99.91079519999998;99.89179839999998;100.0;100.0;100.0;99.92835999999997;100.0;100.0;100.0;99.91079519999998;99.91079519999998;99.91079519999998;99.91079519999998;99.89179839999998;99.89179839999998;99.73238559999994;99.92835999999997;99.73238559999994;99.73238559999994;99.73238559999994;99.73238559999994;99.91079519999998;99.91079519999998;99.82159039999996;99.82159039999996;99.82159039999996;99.89179839999998;99.92835999999997;99.91079519999998;99.91079519999998;99.89179839999998;99.92835999999997;99.92835999999997;99.92835999999997;
4500.051590666667;100.0;99.92551839999997;99.92551839999997;99.89179839999998;99.91079519999998;99.91079519999998;99.82159039999996;99.91079519999998;99.89179839999998;99.82159039999996;99.92835999999997;99.82159039999996;99.94188479999997;100.0;100.0;100.0;99.82159039999996;99.82159039999996;99.82159039999996;99.82159039999996;99.82159039999996;99.92835999999997;99.82159039999996;99.82159039999996;99.91079519999998;99.91079519999998;99.89179839999998;99.91079519999998;99.89179839999998;100.0;100.0;100.0;99.92835999999997;100.0;100.0;100.0;99.91079519999998;99.90415999999998;99.91079519999998;99.91079519999998;99.89179839999998;99.89179839999998;99.73238559999994;99.92835999999997;99.73238559999994;99.73238559999994;99.73238559999994;99.73238559999994;99.91079519999998;99.90415999999998;99.82159039999996;99.82159039999996;99.82159039999996;99.89179839999998;99.92835999999997;99.91079519999998;99.91079519999998;99.89179839999998;99.92835999999997;99.92835999999997;99.92835999999997;
4500.051590666667;100.0;99.92551839999997;99.92551839999997;99.89179839999998;99.91079519999998;99.91079519999998;99.82159039999996;99.91079519999998;99.89179839999998;99.82159039999996;99.92835999999997;99.82159039999996;99.94188479999997;100.0;100.0;100.0;99.82159039999996;99.82159039999996;99.82159039999996;99.82159039999996;99.82159039999996;99.92835999999997;99.82159039999996;99.82159039999996;99.91079519999998;99.91079519999998;99.89179839999998;99.91079519999998;99.89179839999998;100.0;100.0;100.0;99.92835999999997;100.0;100.0;100.0;99.91079519999998;99.89042559999997;99.91079519999998;99.91079519999998;99.89179839999998;99.89179839999998;99.73238559999994;99.92835999999997;99.73238559999994;99.73238559999994;99.73238559999994;99.73238559999994;99.91079519999998;99.89042559999997;99.82159039999996;99.82159039999996;99.82159039999996;99.89179839999998;99.92835999999997;99.91079519999998;99.91079519999998;99.89179839999998;99.92835999999997;99.92835999999997;99.92835999999997;
4500.060501333333;100.0;99.92551839999997;99.92551839999997;99.89179839999998;99.91079519999998;99.91079519999998;99.82159039999996;99.91079519999998;99.89179839999998;99.82159039999996;99.92835999999997;99.82159039999996;99.94188479999997;100.0;100.0;100.0;99.82159039999996;99.82159039999996;99.82159039999996;99.82159039999996;99.82159039999996;99.92835999999997;99.82159039999996;99.82159039999996;99.91079519999998;99.91079519999998;99.89179839999998;99.91079519999998;99.89179839999998;100.0;100.0;100.0;99.92835999999997;100.0;100.0;100.0;99.91079519999998;99.89042559999997;99.91079519999998;99.91079519999998;99.89179839999998;99.89179839999998;99.73238559999994;99.92835999999997;99.73238559999994;99.73238559999994;99.73238559999994;99.73238559999994;99.91079519999998;99.89042559999997;99.82159039999996;99.82159039999996;99.82159039999996;99.89179839999998;99.92835999999997;99.91079519999998;99.91079519999998;99.89179839999998;99.92835999999997;99.92835999999997;99.92835999999997;
4500.075425333333;100.0;99.92551839999997;99.92551839999997;99.89179839999998;99.90415999999998;99.91079519999998;99.82159039999996;99.90415999999998;99.89179839999998;99.82159039999996;99.92835999999997;99.82159039999996;99.94188479999997;100.0;100.0;100.0;99.82159039999996;99.82159039999996;99.82159039999996;99.82159039999996;99.82159039999996;99.92835999999997;99.82159039999996;99.82159039999996;99.91079519999998;99.90415999999998;99.89179839999998;99.90415999999998;99.89179839999998;100.0;100.0;100.0;99.92835999999997;100.0;100.0;100.0;99.91079519999998;99.89042559999997;99.91079519999998;99.90415999999998;99.89179839999998;99.89179839999998;99.73238559999994;99.92835999999997;99.73238559999994;99.73238559999994;99.73238559999994;99.73238559999994;99.91079519999998;99.89042559999997;99.82159039999996;99.82159039999996;99.81495519999996;99.89179839999998;99.92835999999997;99.91079519999998;99.90415999999998;99.89179839999998;99.92835999999997;99.92835999999997;99.92835999999997;
4500.075425333333;100.0;99.92551839999997;99.92551839999997;99.89179839999998;99.89042559999997;99.91079519999998;99.82159039999996;99.89042559999997;99.89179839999998;99.82159039999996;99.92835999999997;99.82159039999996;99.94188479999997;100.0;100.0;100.0;99.82159039999996;99.82159039999996;99.82159039999996;99.82159039999996;99.82159039999996;99.92835999999997;99.82159039999996;99.82159039999996;99.91079519999998;99.89042559999997;99.89179839999998;99.89042559999997;99.89179839999998;100.0;100.0;100.0;99.92835999999997;100.0;100.0;100.0;99.91079519999998;99.89042559999997;99.91079519999998;99.89042559999997;99.89179839999998;99.89179839999998;99.73238559999994;99.92835999999997;99.73238559999994;99.73238559999994;99.73238559999994;99.73238559999994;99.91079519999998;99.89042559999997;99.82159039999996;99.82159039999996;99.80122079999995;99.89179839999998;99.92835999999997;99.91079519999998;99.89042559999997;99.89179839999998;99.92835999999997;99.92835999999997;99.92835999999997;
4500.076514666667;100.0;99.92551839999997;99.92551839999997;99.89179839999998;99.89042559999997;99.91079519999998;99.82159039999996;99.89042559999997;99.89179839999998;99.82159039999996;99.92835999999997;99.82159039999996;99.94188479999997;100.0;100.0;100.0;99.82159039999996;99.82159039999996;99.82159039999996;99.82159039999996;99.82159039999996;99.92835999999997;99.82159039999996;99.82159039999996;99.91079519999998;99.89042559999997;99.89179839999998;99.89042559999997;99.89179839999998;100.0;100.0;100.0;99.92835999999997;100.0;100.0;100.0;99.90415999999998;99.89042559999997;99.91079519999998;99.89042559999997;99.89179839999998;99.89179839999998;99.73238559999994;99.92835999999997;99.73238559999994;99.73238559999994;99.73238559999994;99.73238559999994;99.90415999999998;99.89042559999997;99.82159039999996;99.82159039999996;99.80122079999995;99.89179839999998;99.92835999999997;99.91079519999998;99.89042559999997;99.89179839999998;99.92835999999997;99.92835999999997;99.92835999999997;
4500.076514666667;100.0;99.92551839999997;99.92551839999997;99.89179839999998;99.89042559999997;99.91079519999998;99.82159039999996;99.89042559999997;99.89179839999998;99.82159039999996;99.92835999999997;99.82159039999996;99.94188479999997;100.0;100.0;100.0;99.82159039999996;99.82159039999996;99.82159039999996;99.82159039999996;99.82159039999996;99.92835999999997;99.82159039999996;99.82159039999996;99.91079519999998;99.89042559999997;99.89179839999998;99.89042559999997;99.89179839999998;100.0;100.0;100.0;99.92835999999997;100.0;100.0;100.0;99.89042559999997;99.89042559999997;99.91079519999998;99.89042559999997;99.89179839999998;99.89179839999998;99.73238559999994;99.92835999999997;99.73238559999994;99.73238559999994;99.73238559999994;99.73238559999994;99.89042559999997;99.89042559999997;99.82159039999996;99.82159039999996;99.80122079999995;99.89179839999998;99.92835999999997;99.91079519999998;99.89042559999997;99.89179839999998;99.92835999999997;99.92835999999997;99.92835999999997;
4500.086514666667;100.0;99.92551839999997;99.92551839999997;99.89179839999998;99.89042559999997;99.91079519999998;99.82159039999996;99.89042559999997;99.89179839999998;99.82159039999996;99.92835999999997;99.82159039999996;99.94188479999997;100.0;100.0;100.0;99.82159039999996;99.82159039999996;99.82159039999996;99.82159039999996;99.82159039999996;99.92835999999997;99.82159039999996;99.82159039999996;99.91079519999998;99.89042559999997;99.89179839999998;99.89042559999997;99.89179839999998;100.0;100.0;100.0;99.92835999999997;100.0;100.0;100.0;99.89042559999997;99.89042559999997;99.91079519999998;99.89042559999997;99.89179839999998;99.89179839999998;99.73238559999994;99.92835999999997;99.73238559999994;99.73238559999994;99.73238559999994;99.73238559999994;99.89042559999997;99.89042559999997;99.82159039999996;99.82159039999996;99.80122079999995;99.89179839999998;99.92835999999997;99.91079519999998;99.89042559999997;99.89179839999998;99.92835999999997;99.92835999999997;99.92835999999997;
4500.100349333334;100.0;99.92551839999997;99.92551839999997;99.89179839999998;99.89042559999997;99.90415999999998;99.81495519999996;99.89042559999997;99.89179839999998;99.82159039999996;99.92835999999997;99.82159039999996;99.94188479999997;100.0;100.0;100.0;99.82159039999996;99.82159039999996;99.82159039999996;99.82159039999996;99.82159039999996;99.92835999999997;99.82159039999996;99.81495519999996;99.90415999999998;99.89042559999997;99.89179839999998;99.89042559999997;99.89179839999998;100.0;100.0;100.0;99.92835999999997;100.0;100.0;100.0;99.89042559999997;99.89042559999997;99.90415999999998;99.89042559999997;99.89179839999998;99.89179839999998;99.73238559999994;99.92835999999997;99.73238559999994;99.73238559999994;99.73238559999994;99.73238559999994;99.89042559999997;99.89042559999997;99.82159039999996;99.81495519999996;99.80122079999995;99.89179839999998;99.92835999999997;99.90415999999998;99.89042559999997;99.89179839999998;99.92835999999997;99.92835999999997;99.92835999999997;
4500.100349333334;100.0;99.92551839999997;99.92551839999997;99.89179839999998;99.89042559999997;99.89042559999997;99.80122079999995;99.89042559999997;99.89179839999998;99.82159039999996;99.92835999999997;99.82159039999996;99.94188479999997;100.0;100.0;100.0;99.82159039999996;99.82159039999996;99.82159039999996;99.82159039999996;99.82159039999996;99.92835999999997;99.82159039999996;99.80122079999995;99.89042559999997;99.89042559999997;99.89179839999998;99.89042559999997;99.89179839999998;100.0;100.0;100.0;99.92835999999997;100.0;100.0;100.0;99.89042559999997;99.89042559999997;99.89042559999997;99.89042559999997;99.89179839999998;99.89179839999998;99.73238559999994;99.92835999999997;99.73238559999994;99.73238559999994;99.73238559999994;99.73238559999994;99.89042559999997;99.89042559999997;99.82159039999996;99.80122079999995;99.80122079999995;99.89179839999998;99.92835999999997;99.89042559999997;99.89042559999997;99.89179839999998;99.92835999999997;99.92835999999997;99.92835999999997;
4500.1014386666675;100.0;99.92551839999997;99.92551839999997;99.89179839999998;99.89042559999997;99.89042559999997;99.80122079999995;99.89042559999997;99.89179839999998;99.82159039999996;99.92835999999997;99.82159039999996;99.94188479999997;100.0;100.0;100.0;99.82159039999996;99.82159039999996;99.82159039999996;99.82159039999996;99.82159039999996;99.92835999999997;99.82159039999996;99.80122079999995;99.89042559999997;99.89042559999997;99.89179839999998;99.89042559999997;99.89179839999998;100.0;100.0;100.0;99.92835999999997;100.0;100.0;100.0;99.89042559999997;99.89042559999997;99.89042559999997;99.89042559999997;99.89179839999998;99.89179839999998;99.73238559999994;99.92835999999997;99.73238559999994;99.73238559999994;99.73238559999994;99.72575039999994;99.89042559999997;99.89042559999997;99.82159039999996;99.80122079999995;99.80122079999995;99.89179839999998;99.92835999999997;99.89042559999997;99.89042559999997;99.89179839999998;99.92835999999997;99.92835999999997;99.92835999999997;
4500.1014386666675;100.0;99.92551839999997;99.92551839999997;99.89179839999998;99.89042559999997;99.89042559999997;99.80122079999995;99.89042559999997;99.89179839999998;99.82159039999996;99.92835999999997;99.82159039999996;99.94188479999997;100.0;100.0;100.0;99.82159039999996;99.82159039999996;99.82159039999996;99.82159039999996;99.82159039999996;99.92835999999997;99.82159039999996;99.80122079999995;99.89042559999997;99.89042559999997;99.89179839999998;99.89042559999997;99.89179839999998;100.0;100.0;100.0;99.92835999999997;100.0;100.0;100.0;99.89042559999997;99.89042559999997;99.89042559999997;99.89042559999997;99.89179839999998;99.89179839999998;99.73238559999994;99.92835999999997;99.73238559999994;99.73238559999994;99.73238559999994;99.71201599999993;99.89042559999997;99.89042559999997;99.82159039999996;99.80122079999995;99.80122079999995;99.89179839999998;99.92835999999997;99.89042559999997;99.89042559999997;99.89179839999998;99.92835999999997;99.92835999999997;99.92835999999997;
4500.110349333334;100.0;99.92551839999997;99.92551839999997;99.89179839999998;99.89042559999997;99.89042559999997;99.80122079999995;99.89042559999997;99.89179839999998;99.82159039999996;99.92835999999997;99.82159039999996;99.94188479999997;100.0;100.0;100.0;99.82159039999996;99.82159039999996;99.82159039999996;99.82159039999996;99.82159039999996;99.92835999999997;99.82159039999996;99.80122079999995;99.89042559999997;99.89042559999997;99.89179839999998;99.89042559999997;99.89179839999998;100.0;100.0;100.0;99.92835999999997;100.0;100.0;100.0;99.89042559999997;99.89042559999997;99.89042559999997;99.89042559999997;99.89179839999998;99.89179839999998;99.73238559999994;99.92835999999997;99.73238559999994;99.73238559999994;99.73238559999994;99.71201599999993;99.89042559999997;99.89042559999997;99.82159039999996;99.80122079999995;99.80122079999995;99.89179839999998;99.92835999999997;99.89042559999997;99.89042559999997;99.89179839999998;99.92835999999997;99.92835999999997;99.92835999999997;
4500.111438666668;100.0;99.92551839999997;99.92551839999997;99.89179839999998;99.89042559999997;99.89042559999997;99.80122079999995;99.89042559999997;99.89179839999998;99.82159039999996;99.92835999999997;99.82159039999996;99.94188479999997;100.0;100.0;100.0;99.82159039999996;99.82159039999996;99.82159039999996;99.82159039999996;99.82159039999996;99.92835999999997;99.82159039999996;99.80122079999995;99.89042559999997;99.89042559999997;99.89179839999998;99.89042559999997;99.89179839999998;100.0;100.0;100.0;99.92835999999997;100.0;100.0;100.0;99.89042559999997;99.89042559999997;99.89042559999997;99.89042559999997;99.89179839999998;99.89179839999998;99.73238559999994;99.92835999999997;99.73238559999994;99.73238559999994;99.73238559999994;99.71201599999993;99.89042559999997;99.89042559999997;99.82159039999996;99.80122079999995;99.80122079999995;99.89179839999998;99.92835999999997;99.89042559999997;99.89042559999997;99.89179839999998;99.92835999999997;99.92835999999997;99.92835999999997;
4500.125273333334;100.0;99.92551839999997;99.92551839999997;99.89179839999998;99.89042559999997;99.89042559999997;99.79458559999995;99.89042559999997;99.89179839999998;99.81495519999996;99.92835999999997;99.82159039999996;99.94188479999997;100.0;100.0;100.0;99.82159039999996;99.82159039999996;99.82159039999996;99.82159039999996;99.82159039999996;99.92835999999997;99.81495519999996;99.79458559999995;99.89042559999997;99.89042559999997;99.89179839999998;99.89042559999997;99.89179839999998;100.0;100.0;100.0;99.92835999999997;100.0;100.0;100.0;99.89042559999997;99.89042559999997;99.89042559999997;99.89042559999997;99.89179839999998;99.89179839999998;99.73238559999994;99.92835999999997;99.73238559999994;99.73238559999994;99.73238559999994;99.71201599999993;99.89042559999997;99.89042559999997;99.81495519999996;99.80122079999995;99.79458559999995;99.89179839999998;99.92835999999997;99.89042559999997;99.89042559999997;99.89179839999998;99.92835999999997;99.92835999999997;99.92835999999997;
4500.125273333334;100.0;99.92551839999997;99.92551839999997;99.89179839999998;99.89042559999997;99.89042559999997;99.78085119999994;99.89042559999997;99.89179839999998;99.80122079999995;99.92835999999997;99.82159039999996;99.94188479999997;100.0;100.0;100.0;99.82159039999996;99.82159039999996;99.82159039999996;99.82159039999996;99.82159039999996;99.92835999999997;99.80122079999995;99.78085119999994;99.89042559999997;99.89042559999997;99.89179839999998;99.89042559999997;99.89179839999998;100.0;100.0;100.0;99.92835999999997;100.0;100.0;100.0;99.89042559999997;99.89042559999997;99.89042559999997;99.89042559999997;99.89179839999998;99.89179839999998;99.73238559999994;99.92835999999997;99.73238559999994;99.73238559999994;99.73238559999994;99.71201599999993;99.89042559999997;99.89042559999997;99.80122079999995;99.80122079999995;99.78085119999994;99.89179839999998;99.92835999999997;99.89042559999997;99.89042559999997;99.89179839999998;99.92835999999997;99.92835999999997;99.92835999999997;
4500.126362666668;100.0;99.92551839999997;99.92551839999997;99.89179839999998;99.89042559999997;99.89042559999997;99.78085119999994;99.89042559999997;99.89179839999998;99.80122079999995;99.92835999999997;99.82159039999996;99.94188479999997;100.0;100.0;100.0;99.82159039999996;99.82159039999996;99.82159039999996;99.82159039999996;99.82159039999996;99.92835999999997;99.80122079999995;99.78085119999994;99.89042559999997;99.89042559999997;99.89179839999998;99.89042559999997;99.89179839999998;100.0;100.0;100.0;99.92835999999997;100.0;100.0;100.0;99.89042559999997;99.89042559999997;99.89042559999997;99.89042559999997;99.89179839999998;99.89179839999998;99.73238559999994;99.92835999999997;99.73238559999994;99.73238559999994;99.72575039999994;99.71201599999993;99.89042559999997;99.89042559999997;99.80122079999995;99.80122079999995;99.78085119999994;99.89179839999998;99.92835999999997;99.89042559999997;99.89042559999997;99.89179839999998;99.92835999999997;99.92835999999997;99.92835999999997;
4500.126362666668;100.0;99.92551839999997;99.92551839999997;99.89179839999998;99.89042559999997;99.89042559999997;99.78085119999994;99.89042559999997;99.89179839999998;99.80122079999995;99.92835999999997;99.82159039999996;99.94188479999997;100.0;100.0;100.0;99.82159039999996;99.82159039999996;99.82159039999996;99.82159039999996;99.82159039999996;99.92835999999997;99.80122079999995;99.78085119999994;99.89042559999997;99.89042559999997;99.89179839999998;99.89042559999997;99.89179839999998;100.0;100.0;100.0;99.92835999999997;100.0;100.0;100.0;99.89042559999997;99.89042559999997;99.89042559999997;99.89042559999997;99.89179839999998;99.89179839999998;99.73238559999994;99.92835999999997;99.73238559999994;99.73238559999994;99.71201599999993;99.71201599999993;99.89042559999997;99.89042559999997;99.80122079999995;99.80122079999995;99.78085119999994;99.89179839999998;99.92835999999997;99.89042559999997;99.89042559999997;99.89179839999998;99.92835999999997;99.92835999999997;99.92835999999997;
4500.135273333334;100.0;99.92551839999997;99.92551839999997;99.89179839999998;99.89042559999997;99.89042559999997;99.78085119999994;99.89042559999997;99.89179839999998;99.80122079999995;99.92835999999997;99.82159039999996;99.94188479999997;100.0;100.0;100.0;99.82159039999996;99.82159039999996;99.82159039999996;99.82159039999996;99.82159039999996;99.92835999999997;99.80122079999995;99.78085119999994;99.89042559999997;99.89042559999997;99.89179839999998;99.89042559999997;99.89179839999998;100.0;100.0;100.0;99.92835999999997;100.0;100.0;100.0;99.89042559999997;99.89042559999997;99.89042559999997;99.89042559999997;99.89179839999998;99.89179839999998;99.73238559999994;99.92835999999997;99.73238559999994;99.73238559999994;99.71201599999993;99.71201599999993;99.89042559999997;99.89042559999997;99.80122079999995;99.80122079999995;99.78085119999994;99.89179839999998;99.92835999999997;99.89042559999997;99.89042559999997;99.89179839999998;99.92835999999997;99.92835999999997;99.92835999999997;
4500.150197333334;100.0;99.92551839999997;99.92551839999997;99.89179839999998;99.89042559999997;99.89042559999997;99.78085119999994;99.89042559999997;99.89179839999998;99.79458559999995;99.92835999999997;99.81495519999996;99.94188479999997;100.0;100.0;100.0;99.82159039999996;99.82159039999996;99.82159039999996;99.82159039999996;99.81495519999996;99.92835999999997;99.79458559999995;99.78085119999994;99.89042559999997;99.89042559999997;99.89179839999998;99.89042559999997;99.89179839999998;100.0;100.0;100.0;99.92835999999997;100.0;100.0;100.0;99.89042559999997;99.89042559999997;99.89042559999997;99.89042559999997;99.89179839999998;99.89179839999998;99.73238559999994;99.92835999999997;99.73238559999994;99.73238559999994;99.71201599999993;99.70538079999993;99.89042559999997;99.89042559999997;99.80122079999995;99.79458559999995;99.78085119999994;99.89179839999998;99.92835999999997;99.89042559999997;99.89042559999997;99.89179839999998;99.92835999999997;99.92835999999997;99.92835999999997;
4500.150197333334;100.0;99.92551839999997;99.92551839999997;99.89179839999998;99.89042559999997;99.89042559999997;99.78085119999994;99.89042559999997;99.89179839999998;99.78085119999994;99.92835999999997;99.80122079999995;99.94188479999997;100.0;100.0;100.0;99.82159039999996;99.82159039999996;99.82159039999996;99.82159039999996;99.80122079999995;99.92835999999997;99.78085119999994;99.78085119999994;99.89042559999997;99.89042559999997;99.89179839999998;99.89042559999997;99.89179839999998;100.0;100.0;100.0;99.92835999999997;100.0;100.0;100.0;99.89042559999997;99.89042559999997;99.89042559999997;99.89042559999997;99.89179839999998;99.89179839999998;99.73238559999994;99.92835999999997;99.73238559999994;99.73238559999994;99.71201599999993;99.69164639999993;99.89042559999997;99.89042559999997;99.80122079999995;99.78085119999994;99.78085119999994;99.89179839999998;99.92835999999997;99.89042559999997;99.89042559999997;99.89179839999998;99.92835999999997;99.92835999999997;99.92835999999997;
4500.151286666668;100.0;99.92551839999997;99.92551839999997;99.89179839999998;99.89042559999997;99.89042559999997;99.78085119999994;99.89042559999997;99.89179839999998;99.78085119999994;99.92835999999997;99.80122079999995;99.94188479999997;100.0;100.0;100.0;99.82159039999996;99.82159039999996;99.82159039999996;99.82159039999996;99.80122079999995;99.92835999999997;99.78085119999994;99.78085119999994;99.89042559999997;99.89042559999997;99.89179839999998;99.89042559999997;99.89179839999998;100.0;100.0;100.0;99.92835999999997;100.0;100.0;100.0;99.89042559999997;99.89042559999997;99.89042559999997;99.89042559999997;99.89179839999998;99.89179839999998;99.73238559999994;99.92835999999997;99.73238559999994;99.72575039999994;99.71201599999993;99.69164639999993;99.89042559999997;99.89042559999997;99.80122079999995;99.78085119999994;99.78085119999994;99.89179839999998;99.92835999999997;99.89042559999997;99.89042559999997;99.89179839999998;99.92835999999997;99.92835999999997;99.92835999999997;
4500.151286666668;100.0;99.92551839999997;99.92551839999997;99.89179839999998;99.89042559999997;99.89042559999997;99.78085119999994;99.89042559999997;99.89179839999998;99.78085119999994;99.92835999999997;99.80122079999995;99.94188479999997;100.0;100.0;100.0;99.82159039999996;99.82159039999996;99.82159039999996;99.82159039999996;99.80122079999995;99.92835999999997;99.78085119999994;99.78085119999994;99.89042559999997;99.89042559999997;99.89179839999998;99.89042559999997;99.89179839999998;100.0;100.0;100.0;99.92835999999997;100.0;100.0;100.0;99.89042559999997;99.89042559999997;99.89042559999997;99.89042559999997;99.89179839999998;99.89179839999998;99.73238559999994;99.92835999999997;99.73238559999994;99.71201599999993;99.71201599999993;99.69164639999993;99.89042559999997;99.89042559999997;99.80122079999995;99.78085119999994;99.78085119999994;99.89179839999998;99.92835999999997;99.89042559999997;99.89042559999997;99.89179839999998;99.92835999999997;99.92835999999997;99.92835999999997;
4500.1601973333345;100.0;99.92551839999997;99.92551839999997;99.89179839999998;99.89042559999997;99.89042559999997;99.78085119999994;99.89042559999997;99.89179839999998;99.78085119999994;99.92835999999997;99.80122079999995;99.94188479999997;100.0;100.0;100.0;99.82159039999996;99.82159039999996;99.82159039999996;99.82159039999996;99.80122079999995;99.92835999999997;99.78085119999994;99.78085119999994;99.89042559999997;99.89042559999997;99.89179839999998;99.89042559999997;99.89179839999998;100.0;100.0;100.0;99.92835999999997;100.0;100.0;100.0;99.89042559999997;99.89042559999997;99.89042559999997;99.89042559999997;99.89179839999998;99.89179839999998;99.73238559999994;99.92835999999997;99.73238559999994;99.71201599999993;99.71201599999993;99.69164639999993;99.89042559999997;99.89042559999997;99.80122079999995;99.78085119999994;99.78085119999994;99.89179839999998;99.92835999999997;99.89042559999997;99.89042559999997;99.89179839999998;99.92835999999997;99.92835999999997;99.92835999999997;
4500.175121333335;100.0;99.92551839999997;99.92551839999997;99.89179839999998;99.89042559999997;99.89042559999997;99.78085119999994;99.89042559999997;99.89179839999998;99.78085119999994;99.92835999999997;99.79458559999995;99.93524959999996;100.0;100.0;100.0;99.82159039999996;99.82159039999996;99.82159039999996;99.81495519999996;99.79458559999995;99.92835999999997;99.78085119999994;99.78085119999994;99.89042559999997;99.89042559999997;99.89179839999998;99.89042559999997;99.89179839999998;100.0;100.0;100.0;99.92835999999997;100.0;100.0;100.0;99.89042559999997;99.89042559999997;99.89042559999997;99.89042559999997;99.89179839999998;99.89179839999998;99.73238559999994;99.92835999999997;99.73238559999994;99.71201599999993;99.70538079999993;99.69164639999993;99.89042559999997;99.89042559999997;99.79458559999995;99.78085119999994;99.78085119999994;99.89179839999998;99.92835999999997;99.89042559999997;99.89042559999997;99.89179839999998;99.92835999999997;99.92835999999997;99.92835999999997;
4500.175121333335;100.0;99.92551839999997;99.92551839999997;99.89179839999998;99.89042559999997;99.89042559999997;99.78085119999994;99.89042559999997;99.89179839999998;99.78085119999994;99.92835999999997;99.78085119999994;99.93524959999996;100.0;100.0;100.0;99.82159039999996;99.82159039999996;99.82159039999996;99.80122079999995;99.78085119999994;99.92835999999997;99.78085119999994;99.78085119999994;99.89042559999997;99.89042559999997;99.89179839999998;99.89042559999997;99.89179839999998;100.0;100.0;100.0;99.92835999999997;100.0;100.0;100.0;99.89042559999997;99.89042559999997;99.89042559999997;99.89042559999997;99.89179839999998;99.89179839999998;99.73238559999994;99.92835999999997;99.73238559999994;99.71201599999993;99.69164639999993;99.69164639999993;99.89042559999997;99.89042559999997;99.78085119999994;99.78085119999994;99.78085119999994;99.89179839999998;99.92835999999997;99.89042559999997;99.89042559999997;99.89179839999998;99.92835999999997;99.92835999999997;99.92835999999997;
4500.176210666668;100.0;99.92551839999997;99.92551839999997;99.89179839999998;99.89042559999997;99.89042559999997;99.78085119999994;99.89042559999997;99.89179839999998;99.78085119999994;99.92835999999997;99.78085119999994;99.93524959999996;100.0;100.0;100.0;99.82159039999996;99.82159039999996;99.82159039999996;99.80122079999995;99.78085119999994;99.92835999999997;99.78085119999994;99.78085119999994;99.89042559999997;99.89042559999997;99.89179839999998;99.89042559999997;99.89179839999998;100.0;100.0;100.0;99.92835999999997;100.0;100.0;100.0;99.89042559999997;99.89042559999997;99.89042559999997;99.89042559999997;99.89179839999998;99.89179839999998;99.73238559999994;99.92835999999997;99.72575039999994;99.71201599999993;99.69164639999993;99.69164639999993;99.89042559999997;99.89042559999997;99.78085119999994;99.78085119999994;99.78085119999994;99.89179839999998;99.92835999999997;99.89042559999997;99.89042559999997;99.89179839999998;99.92835999999997;99.92835999999997;99.92835999999997;
4500.176210666668;100.0;99.92551839999997;99.92551839999997;99.89179839999998;99.89042559999997;99.89042559999997;99.78085119999994;99.89042559999997;99.89179839999998;99.78085119999994;99.92835999999997;99.78085119999994;99.93524959999996;100.0;100.0;100.0;99.82159039999996;99.82159039999996;99.82159039999996;99.80122079999995;99.78085119999994;99.92835999999997;99.78085119999994;99.78085119999994;99.89042559999997;99.89042559999997;99.89179839999998;99.89042559999997;99.89179839999998;100.0;100.0;100.0;99.92835999999997;100.0;100.0;100.0;99.89042559999997;99.89042559999997;99.89042559999997;99.89042559999997;99.89179839999998;99.89179839999998;99.73238559999994;99.92835999999997;99.71201599999993;99.71201599999993;99.69164639999993;99.69164639999993;99.89042559999997;99.89042559999997;99.78085119999994;99.78085119999994;99.78085119999994;99.89179839999998;99.92835999999997;99.89042559999997;99.89042559999997;99.89179839999998;99.92835999999997;99.92835999999997;99.92835999999997;
4500.200045333335;100.0;99.92551839999997;99.92551839999997;99.89179839999998;99.89042559999997;99.89042559999997;99.78085119999994;99.89042559999997;99.89179839999998;99.78085119999994;99.92835999999997;99.78085119999994;99.92861439999996;100.0;100.0;100.0;99.82159039999996;99.82159039999996;99.81495519999996;99.79458559999995;99.78085119999994;99.92835999999997;99.78085119999994;99.78085119999994;99.89042559999997;99.89042559999997;99.89179839999998;99.89042559999997;99.89179839999998;100.0;100.0;100.0;99.92835999999997;100.0;100.0;100.0;99.89042559999997;99.89042559999997;99.89042559999997;99.89042559999997;99.89179839999998;99.89179839999998;99.73238559999994;99.92835999999997;99.71201599999993;99.70538079999993;99.69164639999993;99.68501119999992;99.89042559999997;99.89042559999997;99.78085119999994;99.78085119999994;99.78085119999994;99.89179839999998;99.92835999999997;99.89042559999997;99.89042559999997;99.89179839999998;99.92835999999997;99.92835999999997;99.92835999999997;
4500.200045333335;100.0;99.92551839999997;99.92551839999997;99.89179839999998;99.89042559999997;99.89042559999997;99.78085119999994;99.89042559999997;99.89179839999998;99.78085119999994;99.92835999999997;99.78085119999994;99.92861439999996;100.0;100.0;100.0;99.82159039999996;99.82159039999996;99.80122079999995;99.78085119999994;99.78085119999994;99.92835999999997;99.78085119999994;99.78085119999994;99.89042559999997;99.89042559999997;99.89179839999998;99.89042559999997;99.89179839999998;100.0;100.0;100.0;99.92835999999997;100.0;100.0;100.0;99.89042559999997;99.89042559999997;99.89042559999997;99.89042559999997;99.89179839999998;99.89179839999998;99.73238559999994;99.92835999999997;99.71201599999993;99.69164639999993;99.69164639999993;99.67127679999992;99.89042559999997;99.89042559999997;99.78085119999994;99.78085119999994;99.78085119999994;99.89179839999998;99.92835999999997;99.89042559999997;99.89042559999997;99.89179839999998;99.92835999999997;99.92835999999997;99.92835999999997;
4500.201134666669;100.0;99.92551839999997;99.92551839999997;99.89179839999998;99.89042559999997;99.89042559999997;99.78085119999994;99.89042559999997;99.89179839999998;99.78085119999994;99.92835999999997;99.78085119999994;99.92861439999996;100.0;100.0;100.0;99.82159039999996;99.82159039999996;99.80122079999995;99.78085119999994;99.78085119999994;99.92835999999997;99.78085119999994;99.78085119999994;99.89042559999997;99.89042559999997;99.89179839999998;99.89042559999997;99.89179839999998;100.0;100.0;100.0;99.92835999999997;100.0;100.0;100.0;99.89042559999997;99.89042559999997;99.89042559999997;99.89042559999997;99.89179839999998;99.89179839999998;99.72575039999994;99.92835999999997;99.71201599999993;99.69164639999993;99.69164639999993;99.67127679999992;99.89042559999997;99.89042559999997;99.78085119999994;99.78085119999994;99.78085119999994;99.89179839999998;99.92835999999997;99.89042559999997;99.89042559999997;99.89179839999998;99.92835999999997;99.92835999999997;99.92835999999997;
4500.201134666669;100.0;99.92551839999997;99.92551839999997;99.89179839999998;99.89042559999997;99.89042559999997;99.78085119999994;99.89042559999997;99.89179839999998;99.78085119999994;99.92835999999997;99.78085119999994;99.92861439999996;100.0;100.0;100.0;99.82159039999996;99.82159039999996;99.80122079999995;99.78085119999994;99.78085119999994;99.92835999999997;99.78085119999994;99.78085119999994;99.89042559999997;99.89042559999997;99.89179839999998;99.89042559999997;99.89179839999998;100.0;100.0;100.0;99.92835999999997;100.0;100.0;100.0;99.89042559999997;99.89042559999997;99.89042559999997;99.89042559999997;99.89179839999998;99.89179839999998;99.71201599999993;99.92835999999997;99.71201599999993;99.69164639999993;99.69164639999993;99.67127679999992;99.89042559999997;99.89042559999997;99.78085119999994;99.78085119999994;99.78085119999994;99.89179839999998;99.92835999999997;99.89042559999997;99.89042559999997;99.89179839999998;99.92835999999997;99.92835999999997;99.92835999999997;
4500.210045333335;100.0;99.92551839999997;99.92551839999997;99.89179839999998;99.89042559999997;99.89042559999997;99.78085119999994;99.89042559999997;99.89179839999998;99.78085119999994;99.92835999999997;99.78085119999994;99.92861439999996;100.0;100.0;100.0;99.82159039999996;99.82159039999996;99.80122079999995;99.78085119999994;99.78085119999994;99.92835999999997;99.78085119999994;99.78085119999994;99.89042559999997;99.89042559999997;99.89179839999998;99.89042559999997;99.89179839999998;100.0;100.0;100.0;99.92835999999997;100.0;100.0;100.0;99.89042559999997;99.89042559999997;99.89042559999997;99.89042559999997;99.89179839999998;99.89179839999998;99.71201599999993;99.92835999999997;99.71201599999993;99.69164639999993;99.69164639999993;99.67127679999992;99.89042559999997;99.89042559999997;99.78085119999994;99.78085119999994;99.78085119999994;99.89179839999998;99.92835999999997;99.89042559999997;99.89042559999997;99.89179839999998;99.92835999999997;99.92835999999997;99.92835999999997;
4500.224969333335;100.0;99.92551839999997;99.92551839999997;99.89179839999998;99.89042559999997;99.89042559999997;99.78085119999994;99.89042559999997;99.89179839999998;99.78085119999994;99.92835999999997;99.78085119999994;99.92861439999996;100.0;100.0;100.0;99.82159039999996;99.81495519999996;99.79458559999995;99.78085119999994;99.78085119999994;99.92835999999997;99.78085119999994;99.78085119999994;99.89042559999997;99.89042559999997;99.89179839999998;99.89042559999997;99.89179839999998;100.0;100.0;100.0;99.92835999999997;100.0;100.0;100.0;99.89042559999997;99.89042559999997;99.89042559999997;99.89042559999997;99.89179839999998;99.89179839999998;99.71201599999993;99.92835999999997;99.70538079999993;99.69164639999993;99.68501119999992;99.67127679999992;99.89042559999997;99.89042559999997;99.78085119999994;99.78085119999994;99.78085119999994;99.89179839999998;99.92835999999997;99.89042559999997;99.89042559999997;99.89179839999998;99.92835999999997;99.92835999999997;99.92835999999997;
4500.224969333335;100.0;99.92551839999997;99.92551839999997;99.89179839999998;99.89042559999997;99.89042559999997;99.78085119999994;99.89042559999997;99.89179839999998;99.78085119999994;99.92835999999997;99.78085119999994;99.92861439999996;100.0;100.0;100.0;99.82159039999996;99.80122079999995;99.78085119999994;99.78085119999994;99.78085119999994;99.92835999999997;99.78085119999994;99.78085119999994;99.89042559999997;99.89042559999997;99.89179839999998;99.89042559999997;99.89179839999998;100.0;100.0;100.0;99.92835999999997;100.0;100.0;100.0;99.89042559999997;99.89042559999997;99.89042559999997;99.89042559999997;99.89179839999998;99.89179839999998;99.71201599999993;99.92835999999997;99.69164639999993;99.69164639999993;99.67127679999992;99.67127679999992;99.89042559999997;99.89042559999997;99.78085119999994;99.78085119999994;99.78085119999994;99.89179839999998;99.92835999999997;99.89042559999997;99.89042559999997;99.89179839999998;99.92835999999997;99.92835999999997;99.92835999999997;
4500.226058666669;100.0;99.92551839999997;99.92551839999997;99.89179839999998;99.89042559999997;99.89042559999997;99.78085119999994;99.89042559999997;99.89179839999998;99.78085119999994;99.92835999999997;99.78085119999994;99.92861439999996;100.0;100.0;100.0;99.82159039999996;99.80122079999995;99.78085119999994;99.78085119999994;99.78085119999994;99.92835999999997;99.78085119999994;99.78085119999994;99.89042559999997;99.89042559999997;99.89179839999998;99.89042559999997;99.89179839999998;100.0;100.0;100.0;99.92835999999997;100.0;100.0;100.0;99.89042559999997;99.89042559999997;99.89042559999997;99.89042559999997;99.89179839999998;99.89179839999998;99.71201599999993;99.92835999999997;99.69164639999993;99.69164639999993;99.67127679999992;99.67127679999992;99.89042559999997;99.89042559999997;99.78085119999994;99.78085119999994;99.78085119999994;99.89179839999998;99.92835999999997;99.89042559999997;99.89042559999997;99.89179839999998;99.92835999999997;99.92835999999997;99.92835999999997;
4500.249893333335;100.0;99.92551839999997;99.92551839999997;99.89179839999998;99.89042559999997;99.89042559999997;99.78085119999994;99.89042559999997;99.89179839999998;99.78085119999994;99.92835999999997;99.78085119999994;99.92861439999996;100.0;100.0;100.0;99.81495519999996;99.79458559999995;99.78085119999994;99.78085119999994;99.78085119999994;99.92835999999997;99.78085119999994;99.78085119999994;99.89042559999997;99.89042559999997;99.89179839999998;99.89042559999997;99.89179839999998;100.0;100.0;100.0;99.92835999999997;100.0;100.0;100.0;99.89042559999997;99.89042559999997;99.89042559999997;99.89042559999997;99.89179839999998;99.89179839999998;99.70538079999993;99.92835999999997;99.69164639999993;99.68501119999992;99.67127679999992;99.67127679999992;99.89042559999997;99.89042559999997;99.78085119999994;99.78085119999994;99.78085119999994;99.89179839999998;99.92835999999997;99.89042559999997;99.89042559999997;99.89179839999998;99.92835999999997;99.92835999999997;99.92835999999997;
4500.249893333335;100.0;99.92551839999997;99.92551839999997;99.89179839999998;99.89042559999997;99.89042559999997;99.78085119999994;99.89042559999997;99.89179839999998;99.78085119999994;99.92835999999997;99.78085119999994;99.92861439999996;100.0;100.0;100.0;99.80122079999995;99.78085119999994;99.78085119999994;99.78085119999994;99.78085119999994;99.92835999999997;99.78085119999994;99.78085119999994;99.89042559999997;99.89042559999997;99.89179839999998;99.89042559999997;99.89179839999998;100.0;100.0;100.0;99.92835999999997;100.0;100.0;100.0;99.89042559999997;99.89042559999997;99.89042559999997;99.89042559999997;99.89179839999998;99.89179839999998;99.69164639999993;99.92835999999997;99.69164639999993;99.67127679999992;99.67127679999992;99.67127679999992;99.89042559999997;99.89042559999997;99.78085119999994;99.78085119999994;99.78085119999994;99.89179839999998;99.92835999999997;99.89042559999997;99.89042559999997;99.89179839999998;99.92835999999997;99.92835999999997;99.92835999999997;
4500.274817333336;100.0;99.92551839999997;99.92551839999997;99.89179839999998;99.89042559999997;99.89042559999997;99.78085119999994;99.89042559999997;99.89179839999998;99.78085119999994;99.92835999999997;99.78085119999994;99.92861439999996;100.0;100.0;100.0;99.79458559999995;99.78085119999994;99.78085119999994;99.78085119999994;99.78085119999994;99.92835999999997;99.78085119999994;99.78085119999994;99.89042559999997;99.89042559999997;99.89179839999998;99.89042559999997;99.89179839999998;100.0;100.0;100.0;99.92835999999997;100.0;100.0;100.0;99.89042559999997;99.89042559999997;99.89042559999997;99.89042559999997;99.89179839999998;99.89179839999998;99.69164639999993;99.92835999999997;99.68501119999992;99.67127679999992;99.67127679999992;99.67127679999992;99.89042559999997;99.89042559999997;99.78085119999994;99.78085119999994;99.78085119999994;99.89179839999998;99.92835999999997;99.89042559999997;99.89042559999997;99.89179839999998;99.92835999999997;99.92835999999997;99.92835999999997;
4500.274817333336;100.0;99.92551839999997;99.92551839999997;99.89179839999998;99.89042559999997;99.89042559999997;99.78085119999994;99.89042559999997;99.89179839999998;99.78085119999994;99.92835999999997;99.78085119999994;99.92861439999996;100.0;100.0;100.0;99.78085119999994;99.78085119999994;99.78085119999994;99.78085119999994;99.78085119999994;99.92835999999997;99.78085119999994;99.78085119999994;99.89042559999997;99.89042559999997;99.89179839999998;99.89042559999997;99.89179839999998;100.0;100.0;100.0;99.92835999999997;100.0;100.0;100.0;99.89042559999997;99.89042559999997;99.89042559999997;99.89042559999997;99.89179839999998;99.89179839999998;99.69164639999993;99.92835999999997;99.67127679999992;99.67127679999992;99.67127679999992;99.67127679999992;99.89042559999997;99.89042559999997;99.78085119999994;99.78085119999994;99.78085119999994;99.89179839999998;99.92835999999997;99.89042559999997;99.89042559999997;99.89179839999998;99.92835999999997;99.92835999999997;99.92835999999997;
4500.299741333336;100.0;99.92551839999997;99.92551839999997;99.89179839999998;99.89042559999997;99.89042559999997;99.78085119999994;99.89042559999997;99.89179839999998;99.78085119999994;99.92835999999997;99.78085119999994;99.92861439999996;100.0;100.0;100.0;99.78085119999994;99.78085119999994;99.78085119999994;99.78085119999994;99.78085119999994;99.92835999999997;99.78085119999994;99.78085119999994;99.89042559999997;99.89042559999997;99.89179839999998;99.89042559999997;99.89179839999998;100.0;100.0;100.0;99.92835999999997;100.0;100.0;100.0;99.89042559999997;99.89042559999997;99.89042559999997;99.89042559999997;99.89179839999998;99.89179839999998;99.68501119999992;99.92835999999997;99.67127679999992;99.67127679999992;99.67127679999992;99.67127679999992;99.89042559999997;99.89042559999997;99.78085119999994;99.78085119999994;99.78085119999994;99.89179839999998;99.92835999999997;99.89042559999997;99.89042559999997;99.89179839999998;99.92835999999997;99.92835999999997;99.92835999999997;
4500.299741333336;100.0;99.92551839999997;99.92551839999997;99.89179839999998;99.89042559999997;99.89042559999997;99.78085119999994;99.89042559999997;99.89179839999998;99.78085119999994;99.92835999999997;99.78085119999994;99.92861439999996;100.0;100.0;100.0;99.78085119999994;99.78085119999994;99.78085119999994;99.78085119999994;99.78085119999994;99.92835999999997;99.78085119999994;99.78085119999994;99.89042559999997;99.89042559999997;99.89179839999998;99.89042559999997;99.89179839999998;100.0;100.0;100.0;99.92835999999997;100.0;100.0;100.0;99.89042559999997;99.89042559999997;99.89042559999997;99.89042559999997;99.89179839999998;99.89179839999998;99.67127679999992;99.92835999999997;99.67127679999992;99.67127679999992;99.67127679999992;99.67127679999992;99.89042559999997;99.89042559999997;99.78085119999994;99.78085119999994;99.78085119999994;99.89179839999998;99.92835999999997;99.89042559999997;99.89042559999997;99.89179839999998;99.92835999999997;99.92835999999997;99.92835999999997;
4500.324665333336;100.0;99.92551839999997;99.92551839999997;99.89179839999998;99.89042559999997;99.89042559999997;99.78085119999994;99.89042559999997;99.89179839999998;99.78085119999994;99.92835999999997;99.78085119999994;99.92861439999996;100.0;100.0;100.0;99.78085119999994;99.78085119999994;99.78085119999994;99.78085119999994;99.78085119999994;99.92835999999997;99.78085119999994;99.78085119999994;99.89042559999997;99.89042559999997;99.89179839999998;99.89042559999997;99.89179839999998;100.0;100.0;100.0;99.92835999999997;100.0;100.0;100.0;99.89042559999997;99.89042559999997;99.89042559999997;99.89042559999997;99.89179839999998;99.89179839999998;99.67127679999992;99.92835999999997;99.67127679999992;99.67127679999992;99.67127679999992;99.67127679999992;99.89042559999997;99.89042559999997;99.78085119999994;99.78085119999994;99.78085119999994;99.89179839999998;99.92835999999997;99.89042559999997;99.89042559999997;99.89179839999998;99.92835999999997;99.92835999999997;99.92835999999997;
4800.000000000003;100.0;99.92551839999997;99.92551839999997;99.89179839999998;99.89042559999997;99.89042559999997;99.78085119999994;99.89042559999997;99.89179839999998;99.78085119999994;99.92835999999997;99.78085119999994;99.92861439999996;100.0;100.0;100.0;99.78085119999994;99.78085119999994;99.78085119999994;99.78085119999994;99.78085119999994;99.92835999999997;99.78085119999994;99.78085119999994;99.89042559999997;99.89042559999997;99.89179839999998;99.89042559999997;99.89179839999998;100.0;100.0;100.0;99.92835999999997;100.0;100.0;100.0;99.89042559999997;99.89042559999997;99.89042559999997;99.89042559999997;99.89179839999998;99.89179839999998;99.67127679999992;99.92835999999997;99.67127679999992;99.67127679999992;99.67127679999992;99.67127679999992;99.89042559999997;99.89042559999997;99.78085119999994;99.78085119999994;99.78085119999994;99.89179839999998;99.92835999999997;99.89042559999997;99.89042559999997;99.89179839999998;99.92835999999997;99.92835999999997;99.92835999999997;
5400.000000000003;100.0;99.92551839999997;99.92551839999997;99.89179839999998;99.89042559999997;99.89042559999997;99.78085119999994;99.89042559999997;99.89179839999998;99.78085119999994;99.92835999999997;99.78085119999994;99.92861439999996;100.0;100.0;100.0;99.78085119999994;99.78085119999994;99.78085119999994;99.78085119999994;99.78085119999994;99.92835999999997;99.78085119999994;99.78085119999994;99.89042559999997;99.89042559999997;99.89179839999998;99.89042559999997;99.89179839999998;100.0;100.0;100.0;99.92835999999997;100.0;100.0;100.0;99.89042559999997;99.89042559999997;99.89042559999997;99.89042559999997;99.89179839999998;99.89179839999998;99.67127679999992;99.92835999999997;99.67127679999992;99.67127679999992;99.67127679999992;99.67127679999992;99.89042559999997;99.89042559999997;99.78085119999994;99.78085119999994;99.78085119999994;99.89179839999998;99.92835999999997;99.89042559999997;99.89042559999997;99.89179839999998;99.92835999999997;99.92835999999997;99.92835999999997;
5400.02666666667;100.0;99.92541839999997;99.92541839999997;99.89179839999998;99.89042559999997;99.89042559999997;99.78085119999994;99.89042559999997;99.89179839999998;99.78085119999994;99.92825999999997;99.78085119999994;99.92861439999996;100.0;100.0;100.0;99.78085119999994;99.78085119999994;99.78085119999994;99.78085119999994;99.78085119999994;99.92825999999997;99.78085119999994;99.78085119999994;99.89042559999997;99.89042559999997;99.89179839999998;99.89042559999997;99.89179839999998;100.0;100.0;100.0;99.92825999999997;100.0;100.0;100.0;99.89042559999997;99.89042559999997;99.89042559999997;99.89042559999997;99.89179839999998;99.89179839999998;99.67127679999992;99.92825999999997;99.67127679999992;99.67127679999992;99.67127679999992;99.67127679999992;99.89042559999997;99.89042559999997;99.78085119999994;99.78085119999994;99.78085119999994;99.89179839999998;99.92825999999997;99.89042559999997;99.89042559999997;99.89179839999998;99.92825999999997;99.92825999999997;99.92825999999997;
5400.02666666667;100.0;99.92541839999997;99.92541839999997;99.89179839999998;99.89042559999997;99.89042559999997;99.78085119999994;99.89042559999997;99.89179839999998;99.78085119999994;99.91594639999997;99.78085119999994;99.92861439999996;100.0;100.0;100.0;99.78085119999994;99.78085119999994;99.78085119999994;99.78085119999994;99.78085119999994;99.91594639999997;99.78085119999994;99.78085119999994;99.89042559999997;99.89042559999997;99.89179839999998;99.89042559999997;99.89179839999998;100.0;100.0;100.0;99.91594639999997;100.0;100.0;100.0;99.89042559999997;99.89042559999997;99.89042559999997;99.89042559999997;99.89179839999998;99.89179839999998;99.67127679999992;99.91594639999997;99.67127679999992;99.67127679999992;99.67127679999992;99.67127679999992;99.89042559999997;99.89042559999997;99.78085119999994;99.78085119999994;99.78085119999994;99.89179839999998;99.91594639999997;99.89042559999997;99.89042559999997;99.89179839999998;99.91594639999997;99.91594639999997;99.91594639999997;
5400.02666666667;100.0;99.91263119999996;99.91263119999996;99.89179839999998;99.89042559999997;99.89042559999997;99.78085119999994;99.89042559999997;99.89179839999998;99.78085119999994;99.91594639999997;99.78085119999994;99.92861439999996;100.0;100.0;100.0;99.78085119999994;99.78085119999994;99.78085119999994;99.78085119999994;99.78085119999994;99.91594639999997;99.78085119999994;99.78085119999994;99.89042559999997;99.89042559999997;99.89179839999998;99.89042559999997;99.89179839999998;100.0;100.0;100.0;99.91594639999997;100.0;100.0;100.0;99.89042559999997;99.89042559999997;99.89042559999997;99.89042559999997;99.89179839999998;99.89179839999998;99.67127679999992;99.91594639999997;99.67127679999992;99.67127679999992;99.67127679999992;99.67127679999992;99.89042559999997;99.89042559999997;99.78085119999994;99.78085119999994;99.78085119999994;99.89179839999998;99.91594639999997;99.89042559999997;99.89042559999997;99.89179839999998;99.91594639999997;99.91594639999997;99.91594639999997;
5400.04832266667;100.0;99.91263119999996;99.91263119999996;99.88584959999999;99.89042559999997;99.89042559999997;99.78085119999994;99.89042559999997;99.88584959999999;99.78085119999994;99.91594639999997;99.78085119999994;99.92861439999996;100.0;100.0;100.0;99.78085119999994;99.78085119999994;99.78085119999994;99.78085119999994;99.78085119999994;99.91594639999997;99.78085119999994;99.78085119999994;99.89042559999997;99.89042559999997;99.88584959999999;99.89042559999997;99.88584959999999;100.0;100.0;100.0;99.91594639999997;100.0;100.0;100.0;99.89042559999997;99.89042559999997;99.89042559999997;99.89042559999997;99.88584959999999;99.88584959999999;99.67127679999992;99.91594639999997;99.67127679999992;99.67127679999992;99.67127679999992;99.67127679999992;99.89042559999997;99.89042559999997;99.78085119999994;99.78085119999994;99.78085119999994;99.88584959999999;99.91594639999997;99.89042559999997;99.89042559999997;99.88584959999999;99.91594639999997;99.91594639999997;99.91594639999997;
5400.04832266667;100.0;99.91263119999996;99.91263119999996;99.87306239999998;99.89042559999997;99.89042559999997;99.78085119999994;99.89042559999997;99.87306239999998;99.78085119999994;99.91594639999997;99.78085119999994;99.92861439999996;100.0;100.0;100.0;99.78085119999994;99.78085119999994;99.78085119999994;99.78085119999994;99.78085119999994;99.91594639999997;99.78085119999994;99.78085119999994;99.89042559999997;99.89042559999997;99.87306239999998;99.89042559999997;99.87306239999998;100.0;100.0;100.0;99.91594639999997;100.0;100.0;100.0;99.89042559999997;99.89042559999997;99.89042559999997;99.89042559999997;99.87306239999998;99.87306239999998;99.67127679999992;99.91594639999997;99.67127679999992;99.67127679999992;99.67127679999992;99.67127679999992;99.89042559999997;99.89042559999997;99.78085119999994;99.78085119999994;99.78085119999994;99.87306239999998;99.91594639999997;99.89042559999997;99.89042559999997;99.87306239999998;99.91594639999997;99.91594639999997;99.91594639999997;
5400.049412000004;100.0;99.91263119999996;99.91263119999996;99.87306239999998;99.89042559999997;99.89042559999997;99.78085119999994;99.89042559999997;99.87306239999998;99.78085119999994;99.91594639999997;99.78085119999994;99.92861439999996;100.0;100.0;100.0;99.78085119999994;99.78085119999994;99.78085119999994;99.78085119999994;99.78085119999994;99.91594639999997;99.78085119999994;99.78085119999994;99.89042559999997;99.89042559999997;99.87306239999998;99.89042559999997;99.87306239999998;100.0;100.0;100.0;99.91594639999997;100.0;100.0;100.0;99.89042559999997;99.88424799999997;99.89042559999997;99.89042559999997;99.87306239999998;99.87306239999998;99.67127679999992;99.91594639999997;99.67127679999992;99.67127679999992;99.67127679999992;99.67127679999992;99.89042559999997;99.88424799999997;99.78085119999994;99.78085119999994;99.78085119999994;99.87306239999998;99.91594639999997;99.89042559999997;99.89042559999997;99.87306239999998;99.91594639999997;99.91594639999997;99.91594639999997;
5400.049412000004;100.0;99.91263119999996;99.91263119999996;99.87306239999998;99.89042559999997;99.89042559999997;99.78085119999994;99.89042559999997;99.87306239999998;99.78085119999994;99.91594639999997;99.78085119999994;99.92861439999996;100.0;100.0;100.0;99.78085119999994;99.78085119999994;99.78085119999994;99.78085119999994;99.78085119999994;99.91594639999997;99.78085119999994;99.78085119999994;99.89042559999997;99.89042559999997;99.87306239999998;99.89042559999997;99.87306239999998;100.0;100.0;100.0;99.91594639999997;100.0;100.0;100.0;99.89042559999997;99.87146079999997;99.89042559999997;99.89042559999997;99.87306239999998;99.87306239999998;99.67127679999992;99.91594639999997;99.67127679999992;99.67127679999992;99.67127679999992;99.67127679999992;99.89042559999997;99.87146079999997;99.78085119999994;99.78085119999994;99.78085119999994;99.87306239999998;99.91594639999997;99.89042559999997;99.89042559999997;99.87306239999998;99.91594639999997;99.91594639999997;99.91594639999997;
5400.05832266667;100.0;99.91263119999996;99.91263119999996;99.87306239999998;99.89042559999997;99.89042559999997;99.78085119999994;99.89042559999997;99.87306239999998;99.78085119999994;99.91594639999997;99.78085119999994;99.92861439999996;100.0;100.0;100.0;99.78085119999994;99.78085119999994;99.78085119999994;99.78085119999994;99.78085119999994;99.91594639999997;99.78085119999994;99.78085119999994;99.89042559999997;99.89042559999997;99.87306239999998;99.89042559999997;99.87306239999998;100.0;100.0;100.0;99.91594639999997;100.0;100.0;100.0;99.89042559999997;99.87146079999997;99.89042559999997;99.89042559999997;99.87306239999998;99.87306239999998;99.67127679999992;99.91594639999997;99.67127679999992;99.67127679999992;99.67127679999992;99.67127679999992;99.89042559999997;99.87146079999997;99.78085119999994;99.78085119999994;99.78085119999994;99.87306239999998;99.91594639999997;99.89042559999997;99.89042559999997;99.87306239999998;99.91594639999997;99.91594639999997;99.91594639999997;
5400.071068000004;100.0;99.91263119999996;99.91263119999996;99.87306239999998;99.88424799999997;99.89042559999997;99.78085119999994;99.88424799999997;99.87306239999998;99.78085119999994;99.91594639999997;99.78085119999994;99.92861439999996;100.0;100.0;100.0;99.78085119999994;99.78085119999994;99.78085119999994;99.78085119999994;99.78085119999994;99.91594639999997;99.78085119999994;99.78085119999994;99.89042559999997;99.88424799999997;99.87306239999998;99.88424799999997;99.87306239999998;100.0;100.0;100.0;99.91594639999997;100.0;100.0;100.0;99.89042559999997;99.87146079999997;99.89042559999997;99.88424799999997;99.87306239999998;99.87306239999998;99.67127679999992;99.91594639999997;99.67127679999992;99.67127679999992;99.67127679999992;99.67127679999992;99.89042559999997;99.87146079999997;99.78085119999994;99.78085119999994;99.77467359999994;99.87306239999998;99.91594639999997;99.89042559999997;99.88424799999997;99.87306239999998;99.91594639999997;99.91594639999997;99.91594639999997;
5400.071068000004;100.0;99.91263119999996;99.91263119999996;99.87306239999998;99.87146079999997;99.89042559999997;99.78085119999994;99.87146079999997;99.87306239999998;99.78085119999994;99.91594639999997;99.78085119999994;99.92861439999996;100.0;100.0;100.0;99.78085119999994;99.78085119999994;99.78085119999994;99.78085119999994;99.78085119999994;99.91594639999997;99.78085119999994;99.78085119999994;99.89042559999997;99.87146079999997;99.87306239999998;99.87146079999997;99.87306239999998;100.0;100.0;100.0;99.91594639999997;100.0;100.0;100.0;99.89042559999997;99.87146079999997;99.89042559999997;99.87146079999997;99.87306239999998;99.87306239999998;99.67127679999992;99.91594639999997;99.67127679999992;99.67127679999992;99.67127679999992;99.67127679999992;99.89042559999997;99.87146079999997;99.78085119999994;99.78085119999994;99.76188639999994;99.87306239999998;99.91594639999997;99.89042559999997;99.87146079999997;99.87306239999998;99.91594639999997;99.91594639999997;99.91594639999997;
5400.072157333338;100.0;99.91263119999996;99.91263119999996;99.87306239999998;99.87146079999997;99.89042559999997;99.78085119999994;99.87146079999997;99.87306239999998;99.78085119999994;99.91594639999997;99.78085119999994;99.92861439999996;100.0;100.0;100.0;99.78085119999994;99.78085119999994;99.78085119999994;99.78085119999994;99.78085119999994;99.91594639999997;99.78085119999994;99.78085119999994;99.89042559999997;99.87146079999997;99.87306239999998;99.87146079999997;99.87306239999998;100.0;100.0;100.0;99.91594639999997;100.0;100.0;100.0;99.88424799999997;99.87146079999997;99.89042559999997;99.87146079999997;99.87306239999998;99.87306239999998;99.67127679999992;99.91594639999997;99.67127679999992;99.67127679999992;99.67127679999992;99.67127679999992;99.88424799999997;99.87146079999997;99.78085119999994;99.78085119999994;99.76188639999994;99.87306239999998;99.91594639999997;99.89042559999997;99.87146079999997;99.87306239999998;99.91594639999997;99.91594639999997;99.91594639999997;
5400.072157333338;100.0;99.91263119999996;99.91263119999996;99.87306239999998;99.87146079999997;99.89042559999997;99.78085119999994;99.87146079999997;99.87306239999998;99.78085119999994;99.91594639999997;99.78085119999994;99.92861439999996;100.0;100.0;100.0;99.78085119999994;99.78085119999994;99.78085119999994;99.78085119999994;99.78085119999994;99.91594639999997;99.78085119999994;99.78085119999994;99.89042559999997;99.87146079999997;99.87306239999998;99.87146079999997;99.87306239999998;100.0;100.0;100.0;99.91594639999997;100.0;100.0;100.0;99.87146079999997;99.87146079999997;99.89042559999997;99.87146079999997;99.87306239999998;99.87306239999998;99.67127679999992;99.91594639999997;99.67127679999992;99.67127679999992;99.67127679999992;99.67127679999992;99.87146079999997;99.87146079999997;99.78085119999994;99.78085119999994;99.76188639999994;99.87306239999998;99.91594639999997;99.89042559999997;99.87146079999997;99.87306239999998;99.91594639999997;99.91594639999997;99.91594639999997;
5400.082157333338;100.0;99.91263119999996;99.91263119999996;99.87306239999998;99.87146079999997;99.89042559999997;99.78085119999994;99.87146079999997;99.87306239999998;99.78085119999994;99.91594639999997;99.78085119999994;99.92861439999996;100.0;100.0;100.0;99.78085119999994;99.78085119999994;99.78085119999994;99.78085119999994;99.78085119999994;99.91594639999997;99.78085119999994;99.78085119999994;99.89042559999997;99.87146079999997;99.87306239999998;99.87146079999997;99.87306239999998;100.0;100.0;100.0;99.91594639999997;100.0;100.0;100.0;99.87146079999997;99.87146079999997;99.89042559999997;99.87146079999997;99.87306239999998;99.87306239999998;99.67127679999992;99.91594639999997;99.67127679999992;99.67127679999992;99.67127679999992;99.67127679999992;99.87146079999997;99.87146079999997;99.78085119999994;99.78085119999994;99.76188639999994;99.87306239999998;99.91594639999997;99.89042559999997;99.87146079999997;99.87306239999998;99.91594639999997;99.91594639999997;99.91594639999997;
5400.0938133333375;100.0;99.91263119999996;99.91263119999996;99.87306239999998;99.87146079999997;99.88424799999997;99.77467359999994;99.87146079999997;99.87306239999998;99.78085119999994;99.91594639999997;99.78085119999994;99.92861439999996;100.0;100.0;100.0;99.78085119999994;99.78085119999994;99.78085119999994;99.78085119999994;99.78085119999994;99.91594639999997;99.78085119999994;99.77467359999994;99.88424799999997;99.87146079999997;99.87306239999998;99.87146079999997;99.87306239999998;100.0;100.0;100.0;99.91594639999997;100.0;100.0;100.0;99.87146079999997;99.87146079999997;99.88424799999997;99.87146079999997;99.87306239999998;99.87306239999998;99.67127679999992;99.91594639999997;99.67127679999992;99.67127679999992;99.67127679999992;99.67127679999992;99.87146079999997;99.87146079999997;99.78085119999994;99.77467359999994;99.76188639999994;99.87306239999998;99.91594639999997;99.88424799999997;99.87146079999997;99.87306239999998;99.91594639999997;99.91594639999997;99.91594639999997;
5400.0938133333375;100.0;99.91263119999996;99.91263119999996;99.87306239999998;99.87146079999997;99.87146079999997;99.76188639999994;99.87146079999997;99.87306239999998;99.78085119999994;99.91594639999997;99.78085119999994;99.92861439999996;100.0;100.0;100.0;99.78085119999994;99.78085119999994;99.78085119999994;99.78085119999994;99.78085119999994;99.91594639999997;99.78085119999994;99.76188639999994;99.87146079999997;99.87146079999997;99.87306239999998;99.87146079999997;99.87306239999998;100.0;100.0;100.0;99.91594639999997;100.0;100.0;100.0;99.87146079999997;99.87146079999997;99.87146079999997;99.87146079999997;99.87306239999998;99.87306239999998;99.67127679999992;99.91594639999997;99.67127679999992;99.67127679999992;99.67127679999992;99.67127679999992;99.87146079999997;99.87146079999997;99.78085119999994;99.76188639999994;99.76188639999994;99.87306239999998;99.91594639999997;99.87146079999997;99.87146079999997;99.87306239999998;99.91594639999997;99.91594639999997;99.91594639999997;
5400.094902666671;100.0;99.91263119999996;99.91263119999996;99.87306239999998;99.87146079999997;99.87146079999997;99.76188639999994;99.87146079999997;99.87306239999998;99.78085119999994;99.91594639999997;99.78085119999994;99.92861439999996;100.0;100.0;100.0;99.78085119999994;99.78085119999994;99.78085119999994;99.78085119999994;99.78085119999994;99.91594639999997;99.78085119999994;99.76188639999994;99.87146079999997;99.87146079999997;99.87306239999998;99.87146079999997;99.87306239999998;100.0;100.0;100.0;99.91594639999997;100.0;100.0;100.0;99.87146079999997;99.87146079999997;99.87146079999997;99.87146079999997;99.87306239999998;99.87306239999998;99.67127679999992;99.91594639999997;99.67127679999992;99.67127679999992;99.67127679999992;99.66509919999991;99.87146079999997;99.87146079999997;99.78085119999994;99.76188639999994;99.76188639999994;99.87306239999998;99.91594639999997;99.87146079999997;99.87146079999997;99.87306239999998;99.91594639999997;99.91594639999997;99.91594639999997;
5400.094902666671;100.0;99.91263119999996;99.91263119999996;99.87306239999998;99.87146079999997;99.87146079999997;99.76188639999994;99.87146079999997;99.87306239999998;99.78085119999994;99.91594639999997;99.78085119999994;99.92861439999996;100.0;100.0;100.0;99.78085119999994;99.78085119999994;99.78085119999994;99.78085119999994;99.78085119999994;99.91594639999997;99.78085119999994;99.76188639999994;99.87146079999997;99.87146079999997;99.87306239999998;99.87146079999997;99.87306239999998;100.0;100.0;100.0;99.91594639999997;100.0;100.0;100.0;99.87146079999997;99.87146079999997;99.87146079999997;99.87146079999997;99.87306239999998;99.87306239999998;99.67127679999992;99.91594639999997;99.67127679999992;99.67127679999992;99.67127679999992;99.65231199999991;99.87146079999997;99.87146079999997;99.78085119999994;99.76188639999994;99.76188639999994;99.87306239999998;99.91594639999997;99.87146079999997;99.87146079999997;99.87306239999998;99.91594639999997;99.91594639999997;99.91594639999997;
5400.103813333338;100.0;99.91263119999996;99.91263119999996;99.87306239999998;99.87146079999997;99.87146079999997;99.76188639999994;99.87146079999997;99.87306239999998;99.78085119999994;99.91594639999997;99.78085119999994;99.92861439999996;100.0;100.0;100.0;99.78085119999994;99.78085119999994;99.78085119999994;99.78085119999994;99.78085119999994;99.91594639999997;99.78085119999994;99.76188639999994;99.87146079999997;99.87146079999997;99.87306239999998;99.87146079999997;99.87306239999998;100.0;100.0;100.0;99.91594639999997;100.0;100.0;100.0;99.87146079999997;99.87146079999997;99.87146079999997;99.87146079999997;99.87306239999998;99.87306239999998;99.67127679999992;99.91594639999997;99.67127679999992;99.67127679999992;99.67127679999992;99.65231199999991;99.87146079999997;99.87146079999997;99.78085119999994;99.76188639999994;99.76188639999994;99.87306239999998;99.91594639999997;99.87146079999997;99.87146079999997;99.87306239999998;99.91594639999997;99.91594639999997;99.91594639999997;
5400.1049026666715;100.0;99.91263119999996;99.91263119999996;99.87306239999998;99.87146079999997;99.87146079999997;99.76188639999994;99.87146079999997;99.87306239999998;99.78085119999994;99.91594639999997;99.78085119999994;99.92861439999996;100.0;100.0;100.0;99.78085119999994;99.78085119999994;99.78085119999994;99.78085119999994;99.78085119999994;99.91594639999997;99.78085119999994;99.76188639999994;99.87146079999997;99.87146079999997;99.87306239999998;99.87146079999997;99.87306239999998;100.0;100.0;100.0;99.91594639999997;100.0;100.0;100.0;99.87146079999997;99.87146079999997;99.87146079999997;99.87146079999997;99.87306239999998;99.87306239999998;99.67127679999992;99.91594639999997;99.67127679999992;99.67127679999992;99.67127679999992;99.65231199999991;99.87146079999997;99.87146079999997;99.78085119999994;99.76188639999994;99.76188639999994;99.87306239999998;99.91594639999997;99.87146079999997;99.87146079999997;99.87306239999998;99.91594639999997;99.91594639999997;99.91594639999997;
5400.116558666671;100.0;99.91263119999996;99.91263119999996;99.87306239999998;99.87146079999997;99.87146079999997;99.75570879999994;99.87146079999997;99.87306239999998;99.77467359999994;99.91594639999997;99.78085119999994;99.92861439999996;100.0;100.0;100.0;99.78085119999994;99.78085119999994;99.78085119999994;99.78085119999994;99.78085119999994;99.91594639999997;99.77467359999994;99.75570879999994;99.87146079999997;99.87146079999997;99.87306239999998;99.87146079999997;99.87306239999998;100.0;100.0;100.0;99.91594639999997;100.0;100.0;100.0;99.87146079999997;99.87146079999997;99.87146079999997;99.87146079999997;99.87306239999998;99.87306239999998;99.67127679999992;99.91594639999997;99.67127679999992;99.67127679999992;99.67127679999992;99.65231199999991;99.87146079999997;99.87146079999997;99.77467359999994;99.76188639999994;99.75570879999994;99.87306239999998;99.91594639999997;99.87146079999997;99.87146079999997;99.87306239999998;99.91594639999997;99.91594639999997;99.91594639999997;
5400.116558666671;100.0;99.91263119999996;99.91263119999996;99.87306239999998;99.87146079999997;99.87146079999997;99.74292159999993;99.87146079999997;99.87306239999998;99.76188639999994;99.91594639999997;99.78085119999994;99.92861439999996;100.0;100.0;100.0;99.78085119999994;99.78085119999994;99.78085119999994;99.78085119999994;99.78085119999994;99.91594639999997;99.76188639999994;99.74292159999993;99.87146079999997;99.87146079999997;99.87306239999998;99.87146079999997;99.87306239999998;100.0;100.0;100.0;99.91594639999997;100.0;100.0;100.0;99.87146079999997;99.87146079999997;99.87146079999997;99.87146079999997;99.87306239999998;99.87306239999998;99.67127679999992;99.91594639999997;99.67127679999992;99.67127679999992;99.67127679999992;99.65231199999991;99.87146079999997;99.87146079999997;99.76188639999994;99.76188639999994;99.74292159999993;99.87306239999998;99.91594639999997;99.87146079999997;99.87146079999997;99.87306239999998;99.91594639999997;99.91594639999997;99.91594639999997;
5400.117648000005;100.0;99.91263119999996;99.91263119999996;99.87306239999998;99.87146079999997;99.87146079999997;99.74292159999993;99.87146079999997;99.87306239999998;99.76188639999994;99.91594639999997;99.78085119999994;99.92861439999996;100.0;100.0;100.0;99.78085119999994;99.78085119999994;99.78085119999994;99.78085119999994;99.78085119999994;99.91594639999997;99.76188639999994;99.74292159999993;99.87146079999997;99.87146079999997;99.87306239999998;99.87146079999997;99.87306239999998;100.0;100.0;100.0;99.91594639999997;100.0;100.0;100.0;99.87146079999997;99.87146079999997;99.87146079999997;99.87146079999997;99.87306239999998;99.87306239999998;99.67127679999992;99.91594639999997;99.67127679999992;99.67127679999992;99.66509919999991;99.65231199999991;99.87146079999997;99.87146079999997;99.76188639999994;99.76188639999994;99.74292159999993;99.87306239999998;99.91594639999997;99.87146079999997;99.87146079999997;99.87306239999998;99.91594639999997;99.91594639999997;99.91594639999997;
5400.117648000005;100.0;99.91263119999996;99.91263119999996;99.87306239999998;99.87146079999997;99.87146079999997;99.74292159999993;99.87146079999997;99.87306239999998;99.76188639999994;99.91594639999997;99.78085119999994;99.92861439999996;100.0;100.0;100.0;99.78085119999994;99.78085119999994;99.78085119999994;99.78085119999994;99.78085119999994;99.91594639999997;99.76188639999994;99.74292159999993;99.87146079999997;99.87146079999997;99.87306239999998;99.87146079999997;99.87306239999998;100.0;100.0;100.0;99.91594639999997;100.0;100.0;100.0;99.87146079999997;99.87146079999997;99.87146079999997;99.87146079999997;99.87306239999998;99.87306239999998;99.67127679999992;99.91594639999997;99.67127679999992;99.67127679999992;99.65231199999991;99.65231199999991;99.87146079999997;99.87146079999997;99.76188639999994;99.76188639999994;99.74292159999993;99.87306239999998;99.91594639999997;99.87146079999997;99.87146079999997;99.87306239999998;99.91594639999997;99.91594639999997;99.91594639999997;
5400.126558666671;100.0;99.91263119999996;99.91263119999996;99.87306239999998;99.87146079999997;99.87146079999997;99.74292159999993;99.87146079999997;99.87306239999998;99.76188639999994;99.91594639999997;99.78085119999994;99.92861439999996;100.0;100.0;100.0;99.78085119999994;99.78085119999994;99.78085119999994;99.78085119999994;99.78085119999994;99.91594639999997;99.76188639999994;99.74292159999993;99.87146079999997;99.87146079999997;99.87306239999998;99.87146079999997;99.87306239999998;100.0;100.0;100.0;99.91594639999997;100.0;100.0;100.0;99.87146079999997;99.87146079999997;99.87146079999997;99.87146079999997;99.87306239999998;99.87306239999998;99.67127679999992;99.91594639999997;99.67127679999992;99.67127679999992;99.65231199999991;99.65231199999991;99.87146079999997;99.87146079999997;99.76188639999994;99.76188639999994;99.74292159999993;99.87306239999998;99.91594639999997;99.87146079999997;99.87146079999997;99.87306239999998;99.91594639999997;99.91594639999997;99.91594639999997;
5400.139304000005;100.0;99.91263119999996;99.91263119999996;99.87306239999998;99.87146079999997;99.87146079999997;99.74292159999993;99.87146079999997;99.87306239999998;99.75570879999994;99.91594639999997;99.77467359999994;99.92861439999996;100.0;100.0;100.0;99.78085119999994;99.78085119999994;99.78085119999994;99.78085119999994;99.77467359999994;99.91594639999997;99.75570879999994;99.74292159999993;99.87146079999997;99.87146079999997;99.87306239999998;99.87146079999997;99.87306239999998;100.0;100.0;100.0;99.91594639999997;100.0;100.0;100.0;99.87146079999997;99.87146079999997;99.87146079999997;99.87146079999997;99.87306239999998;99.87306239999998;99.67127679999992;99.91594639999997;99.67127679999992;99.67127679999992;99.65231199999991;99.64613439999991;99.87146079999997;99.87146079999997;99.76188639999994;99.75570879999994;99.74292159999993;99.87306239999998;99.91594639999997;99.87146079999997;99.87146079999997;99.87306239999998;99.91594639999997;99.91594639999997;99.91594639999997;
5400.139304000005;100.0;99.91263119999996;99.91263119999996;99.87306239999998;99.87146079999997;99.87146079999997;99.74292159999993;99.87146079999997;99.87306239999998;99.74292159999993;99.91594639999997;99.76188639999994;99.92861439999996;100.0;100.0;100.0;99.78085119999994;99.78085119999994;99.78085119999994;99.78085119999994;99.76188639999994;99.91594639999997;99.74292159999993;99.74292159999993;99.87146079999997;99.87146079999997;99.87306239999998;99.87146079999997;99.87306239999998;100.0;100.0;100.0;99.91594639999997;100.0;100.0;100.0;99.87146079999997;99.87146079999997;99.87146079999997;99.87146079999997;99.87306239999998;99.87306239999998;99.67127679999992;99.91594639999997;99.67127679999992;99.67127679999992;99.65231199999991;99.6333471999999;99.87146079999997;99.87146079999997;99.76188639999994;99.74292159999993;99.74292159999993;99.87306239999998;99.91594639999997;99.87146079999997;99.87146079999997;99.87306239999998;99.91594639999997;99.91594639999997;99.91594639999997;
5400.140393333339;100.0;99.91263119999996;99.91263119999996;99.87306239999998;99.87146079999997;99.87146079999997;99.74292159999993;99.87146079999997;99.87306239999998;99.74292159999993;99.91594639999997;99.76188639999994;99.92861439999996;100.0;100.0;100.0;99.78085119999994;99.78085119999994;99.78085119999994;99.78085119999994;99.76188639999994;99.91594639999997;99.74292159999993;99.74292159999993;99.87146079999997;99.87146079999997;99.87306239999998;99.87146079999997;99.87306239999998;100.0;100.0;100.0;99.91594639999997;100.0;100.0;100.0;99.87146079999997;99.87146079999997;99.87146079999997;99.87146079999997;99.87306239999998;99.87306239999998;99.67127679999992;99.91594639999997;99.67127679999992;99.66509919999991;99.65231199999991;99.6333471999999;99.87146079999997;99.87146079999997;99.76188639999994;99.74292159999993;99.74292159999993;99.87306239999998;99.91594639999997;99.87146079999997;99.87146079999997;99.87306239999998;99.91594639999997;99.91594639999997;99.91594639999997;
5400.140393333339;100.0;99.91263119999996;99.91263119999996;99.87306239999998;99.87146079999997;99.87146079999997;99.74292159999993;99.87146079999997;99.87306239999998;99.74292159999993;99.91594639999997;99.76188639999994;99.92861439999996;100.0;100.0;100.0;99.78085119999994;99.78085119999994;99.78085119999994;99.78085119999994;99.76188639999994;99.91594639999997;99.74292159999993;99.74292159999993;99.87146079999997;99.87146079999997;99.87306239999998;99.87146079999997;99.87306239999998;100.0;100.0;100.0;99.91594639999997;100.0;100.0;100.0;99.87146079999997;99.87146079999997;99.87146079999997;99.87146079999997;99.87306239999998;99.87306239999998;99.67127679999992;99.91594639999997;99.67127679999992;99.65231199999991;99.65231199999991;99.6333471999999;99.87146079999997;99.87146079999997;99.76188639999994;99.74292159999993;99.74292159999993;99.87306239999998;99.91594639999997;99.87146079999997;99.87146079999997;99.87306239999998;99.91594639999997;99.91594639999997;99.91594639999997;
5400.149304000005;100.0;99.91263119999996;99.91263119999996;99.87306239999998;99.87146079999997;99.87146079999997;99.74292159999993;99.87146079999997;99.87306239999998;99.74292159999993;99.91594639999997;99.76188639999994;99.92861439999996;100.0;100.0;100.0;99.78085119999994;99.78085119999994;99.78085119999994;99.78085119999994;99.76188639999994;99.91594639999997;99.74292159999993;99.74292159999993;99.87146079999997;99.87146079999997;99.87306239999998;99.87146079999997;99.87306239999998;100.0;100.0;100.0;99.91594639999997;100.0;100.0;100.0;99.87146079999997;99.87146079999997;99.87146079999997;99.87146079999997;99.87306239999998;99.87306239999998;99.67127679999992;99.91594639999997;99.67127679999992;99.65231199999991;99.65231199999991;99.6333471999999;99.87146079999997;99.87146079999997;99.76188639999994;99.74292159999993;99.74292159999993;99.87306239999998;99.91594639999997;99.87146079999997;99.87146079999997;99.87306239999998;99.91594639999997;99.91594639999997;99.91594639999997;
5400.1620493333385;100.0;99.91263119999996;99.91263119999996;99.87306239999998;99.87146079999997;99.87146079999997;99.74292159999993;99.87146079999997;99.87306239999998;99.74292159999993;99.91594639999997;99.75570879999994;99.92243679999996;100.0;100.0;100.0;99.78085119999994;99.78085119999994;99.78085119999994;99.77467359999994;99.75570879999994;99.91594639999997;99.74292159999993;99.74292159999993;99.87146079999997;99.87146079999997;99.87306239999998;99.87146079999997;99.87306239999998;100.0;100.0;100.0;99.91594639999997;100.0;100.0;100.0;99.87146079999997;99.87146079999997;99.87146079999997;99.87146079999997;99.87306239999998;99.87306239999998;99.67127679999992;99.91594639999997;99.67127679999992;99.65231199999991;99.64613439999991;99.6333471999999;99.87146079999997;99.87146079999997;99.75570879999994;99.74292159999993;99.74292159999993;99.87306239999998;99.91594639999997;99.87146079999997;99.87146079999997;99.87306239999998;99.91594639999997;99.91594639999997;99.91594639999997;
5400.1620493333385;100.0;99.91263119999996;99.91263119999996;99.87306239999998;99.87146079999997;99.87146079999997;99.74292159999993;99.87146079999997;99.87306239999998;99.74292159999993;99.91594639999997;99.74292159999993;99.92243679999996;100.0;100.0;100.0;99.78085119999994;99.78085119999994;99.78085119999994;99.76188639999994;99.74292159999993;99.91594639999997;99.74292159999993;99.74292159999993;99.87146079999997;99.87146079999997;99.87306239999998;99.87146079999997;99.87306239999998;100.0;100.0;100.0;99.91594639999997;100.0;100.0;100.0;99.87146079999997;99.87146079999997;99.87146079999997;99.87146079999997;99.87306239999998;99.87306239999998;99.67127679999992;99.91594639999997;99.67127679999992;99.65231199999991;99.6333471999999;99.6333471999999;99.87146079999997;99.87146079999997;99.74292159999993;99.74292159999993;99.74292159999993;99.87306239999998;99.91594639999997;99.87146079999997;99.87146079999997;99.87306239999998;99.91594639999997;99.91594639999997;99.91594639999997;
5400.163138666672;100.0;99.91263119999996;99.91263119999996;99.87306239999998;99.87146079999997;99.87146079999997;99.74292159999993;99.87146079999997;99.87306239999998;99.74292159999993;99.91594639999997;99.74292159999993;99.92243679999996;100.0;100.0;100.0;99.78085119999994;99.78085119999994;99.78085119999994;99.76188639999994;99.74292159999993;99.91594639999997;99.74292159999993;99.74292159999993;99.87146079999997;99.87146079999997;99.87306239999998;99.87146079999997;99.87306239999998;100.0;100.0;100.0;99.91594639999997;100.0;100.0;100.0;99.87146079999997;99.87146079999997;99.87146079999997;99.87146079999997;99.87306239999998;99.87306239999998;99.67127679999992;99.91594639999997;99.66509919999991;99.65231199999991;99.6333471999999;99.6333471999999;99.87146079999997;99.87146079999997;99.74292159999993;99.74292159999993;99.74292159999993;99.87306239999998;99.91594639999997;99.87146079999997;99.87146079999997;99.87306239999998;99.91594639999997;99.91594639999997;99.91594639999997;
5400.163138666672;100.0;99.91263119999996;99.91263119999996;99.87306239999998;99.87146079999997;99.87146079999997;99.74292159999993;99.87146079999997;99.87306239999998;99.74292159999993;99.91594639999997;99.74292159999993;99.92243679999996;100.0;100.0;100.0;99.78085119999994;99.78085119999994;99.78085119999994;99.76188639999994;99.74292159999993;99.91594639999997;99.74292159999993;99.74292159999993;99.87146079999997;99.87146079999997;99.87306239999998;99.87146079999997;99.87306239999998;100.0;100.0;100.0;99.91594639999997;100.0;100.0;100.0;99.87146079999997;99.87146079999997;99.87146079999997;99.87146079999997;99.87306239999998;99.87306239999998;99.67127679999992;99.91594639999997;99.65231199999991;99.65231199999991;99.6333471999999;99.6333471999999;99.87146079999997;99.87146079999997;99.74292159999993;99.74292159999993;99.74292159999993;99.87306239999998;99.91594639999997;99.87146079999997;99.87146079999997;99.87306239999998;99.91594639999997;99.91594639999997;99.91594639999997;
5400.184794666672;100.0;99.91263119999996;99.91263119999996;99.87306239999998;99.87146079999997;99.87146079999997;99.74292159999993;99.87146079999997;99.87306239999998;99.74292159999993;99.91594639999997;99.74292159999993;99.91625919999996;100.0;100.0;100.0;99.78085119999994;99.78085119999994;99.77467359999994;99.75570879999994;99.74292159999993;99.91594639999997;99.74292159999993;99.74292159999993;99.87146079999997;99.87146079999997;99.87306239999998;99.87146079999997;99.87306239999998;100.0;100.0;100.0;99.91594639999997;100.0;100.0;100.0;99.87146079999997;99.87146079999997;99.87146079999997;99.87146079999997;99.87306239999998;99.87306239999998;99.67127679999992;99.91594639999997;99.65231199999991;99.64613439999991;99.6333471999999;99.6271695999999;99.87146079999997;99.87146079999997;99.74292159999993;99.74292159999993;99.74292159999993;99.87306239999998;99.91594639999997;99.87146079999997;99.87146079999997;99.87306239999998;99.91594639999997;99.91594639999997;99.91594639999997;
5400.184794666672;100.0;99.91263119999996;99.91263119999996;99.87306239999998;99.87146079999997;99.87146079999997;99.74292159999993;99.87146079999997;99.87306239999998;99.74292159999993;99.91594639999997;99.74292159999993;99.91625919999996;100.0;100.0;100.0;99.78085119999994;99.78085119999994;99.76188639999994;99.74292159999993;99.74292159999993;99.91594639999997;99.74292159999993;99.74292159999993;99.87146079999997;99.87146079999997;99.87306239999998;99.87146079999997;99.87306239999998;100.0;100.0;100.0;99.91594639999997;100.0;100.0;100.0;99.87146079999997;99.87146079999997;99.87146079999997;99.87146079999997;99.87306239999998;99.87306239999998;99.67127679999992;99.91594639999997;99.65231199999991;99.6333471999999;99.6333471999999;99.6143823999999;99.87146079999997;99.87146079999997;99.74292159999993;99.74292159999993;99.74292159999993;99.87306239999998;99.91594639999997;99.87146079999997;99.87146079999997;99.87306239999998;99.91594639999997;99.91594639999997;99.91594639999997;
5400.185884000006;100.0;99.91263119999996;99.91263119999996;99.87306239999998;99.87146079999997;99.87146079999997;99.74292159999993;99.87146079999997;99.87306239999998;99.74292159999993;99.91594639999997;99.74292159999993;99.91625919999996;100.0;100.0;100.0;99.78085119999994;99.78085119999994;99.76188639999994;99.74292159999993;99.74292159999993;99.91594639999997;99.74292159999993;99.74292159999993;99.87146079999997;99.87146079999997;99.87306239999998;99.87146079999997;99.87306239999998;100.0;100.0;100.0;99.91594639999997;100.0;100.0;100.0;99.87146079999997;99.87146079999997;99.87146079999997;99.87146079999997;99.87306239999998;99.87306239999998;99.66509919999991;99.91594639999997;99.65231199999991;99.6333471999999;99.6333471999999;99.6143823999999;99.87146079999997;99.87146079999997;99.74292159999993;99.74292159999993;99.74292159999993;99.87306239999998;99.91594639999997;99.87146079999997;99.87146079999997;99.87306239999998;99.91594639999997;99.91594639999997;99.91594639999997;
5400.185884000006;100.0;99.91263119999996;99.91263119999996;99.87306239999998;99.87146079999997;99.87146079999997;99.74292159999993;99.87146079999997;99.87306239999998;99.74292159999993;99.91594639999997;99.74292159999993;99.91625919999996;100.0;100.0;100.0;99.78085119999994;99.78085119999994;99.76188639999994;99.74292159999993;99.74292159999993;99.91594639999997;99.74292159999993;99.74292159999993;99.87146079999997;99.87146079999997;99.87306239999998;99.87146079999997;99.87306239999998;100.0;100.0;100.0;99.91594639999997;100.0;100.0;100.0;99.87146079999997;99.87146079999997;99.87146079999997;99.87146079999997;99.87306239999998;99.87306239999998;99.65231199999991;99.91594639999997;99.65231199999991;99.6333471999999;99.6333471999999;99.6143823999999;99.87146079999997;99.87146079999997;99.74292159999993;99.74292159999993;99.74292159999993;99.87306239999998;99.91594639999997;99.87146079999997;99.87146079999997;99.87306239999998;99.91594639999997;99.91594639999997;99.91594639999997;
5400.194794666672;100.0;99.91263119999996;99.91263119999996;99.87306239999998;99.87146079999997;99.87146079999997;99.74292159999993;99.87146079999997;99.87306239999998;99.74292159999993;99.91594639999997;99.74292159999993;99.91625919999996;100.0;100.0;100.0;99.78085119999994;99.78085119999994;99.76188639999994;99.74292159999993;99.74292159999993;99.91594639999997;99.74292159999993;99.74292159999993;99.87146079999997;99.87146079999997;99.87306239999998;99.87146079999997;99.87306239999998;100.0;100.0;100.0;99.91594639999997;100.0;100.0;100.0;99.87146079999997;99.87146079999997;99.87146079999997;99.87146079999997;99.87306239999998;99.87306239999998;99.65231199999991;99.91594639999997;99.65231199999991;99.6333471999999;99.6333471999999;99.6143823999999;99.87146079999997;99.87146079999997;99.74292159999993;99.74292159999993;99.74292159999993;99.87306239999998;99.91594639999997;99.87146079999997;99.87146079999997;99.87306239999998;99.91594639999997;99.91594639999997;99.91594639999997;
5400.207540000006;100.0;99.91263119999996;99.91263119999996;99.87306239999998;99.87146079999997;99.87146079999997;99.74292159999993;99.87146079999997;99.87306239999998;99.74292159999993;99.91594639999997;99.74292159999993;99.91625919999996;100.0;100.0;100.0;99.78085119999994;99.77467359999994;99.75570879999994;99.74292159999993;99.74292159999993;99.91594639999997;99.74292159999993;99.74292159999993;99.87146079999997;99.87146079999997;99.87306239999998;99.87146079999997;99.87306239999998;100.0;100.0;100.0;99.91594639999997;100.0;100.0;100.0;99.87146079999997;99.87146079999997;99.87146079999997;99.87146079999997;99.87306239999998;99.87306239999998;99.65231199999991;99.91594639999997;99.64613439999991;99.6333471999999;99.6271695999999;99.6143823999999;99.87146079999997;99.87146079999997;99.74292159999993;99.74292159999993;99.74292159999993;99.87306239999998;99.91594639999997;99.87146079999997;99.87146079999997;99.87306239999998;99.91594639999997;99.91594639999997;99.91594639999997;
5400.207540000006;100.0;99.91263119999996;99.91263119999996;99.87306239999998;99.87146079999997;99.87146079999997;99.74292159999993;99.87146079999997;99.87306239999998;99.74292159999993;99.91594639999997;99.74292159999993;99.91625919999996;100.0;100.0;100.0;99.78085119999994;99.76188639999994;99.74292159999993;99.74292159999993;99.74292159999993;99.91594639999997;99.74292159999993;99.74292159999993;99.87146079999997;99.87146079999997;99.87306239999998;99.87146079999997;99.87306239999998;100.0;100.0;100.0;99.91594639999997;100.0;100.0;100.0;99.87146079999997;99.87146079999997;99.87146079999997;99.87146079999997;99.87306239999998;99.87306239999998;99.65231199999991;99.91594639999997;99.6333471999999;99.6333471999999;99.6143823999999;99.6143823999999;99.87146079999997;99.87146079999997;99.74292159999993;99.74292159999993;99.74292159999993;99.87306239999998;99.91594639999997;99.87146079999997;99.87146079999997;99.87306239999998;99.91594639999997;99.91594639999997;99.91594639999997;
5400.20862933334;100.0;99.91263119999996;99.91263119999996;99.87306239999998;99.87146079999997;99.87146079999997;99.74292159999993;99.87146079999997;99.87306239999998;99.74292159999993;99.91594639999997;99.74292159999993;99.91625919999996;100.0;100.0;100.0;99.78085119999994;99.76188639999994;99.74292159999993;99.74292159999993;99.74292159999993;99.91594639999997;99.74292159999993;99.74292159999993;99.87146079999997;99.87146079999997;99.87306239999998;99.87146079999997;99.87306239999998;100.0;100.0;100.0;99.91594639999997;100.0;100.0;100.0;99.87146079999997;99.87146079999997;99.87146079999997;99.87146079999997;99.87306239999998;99.87306239999998;99.65231199999991;99.91594639999997;99.6333471999999;99.6333471999999;99.6143823999999;99.6143823999999;99.87146079999997;99.87146079999997;99.74292159999993;99.74292159999993;99.74292159999993;99.87306239999998;99.91594639999997;99.87146079999997;99.87146079999997;99.87306239999998;99.91594639999997;99.91594639999997;99.91594639999997;
5400.230285333339;100.0;99.91263119999996;99.91263119999996;99.87306239999998;99.87146079999997;99.87146079999997;99.74292159999993;99.87146079999997;99.87306239999998;99.74292159999993;99.91594639999997;99.74292159999993;99.91625919999996;100.0;100.0;100.0;99.77467359999994;99.75570879999994;99.74292159999993;99.74292159999993;99.74292159999993;99.91594639999997;99.74292159999993;99.74292159999993;99.87146079999997;99.87146079999997;99.87306239999998;99.87146079999997;99.87306239999998;100.0;100.0;100.0;99.91594639999997;100.0;100.0;100.0;99.87146079999997;99.87146079999997;99.87146079999997;99.87146079999997;99.87306239999998;99.87306239999998;99.64613439999991;99.91594639999997;99.6333471999999;99.6271695999999;99.6143823999999;99.6143823999999;99.87146079999997;99.87146079999997;99.74292159999993;99.74292159999993;99.74292159999993;99.87306239999998;99.91594639999997;99.87146079999997;99.87146079999997;99.87306239999998;99.91594639999997;99.91594639999997;99.91594639999997;
5400.230285333339;100.0;99.91263119999996;99.91263119999996;99.87306239999998;99.87146079999997;99.87146079999997;99.74292159999993;99.87146079999997;99.87306239999998;99.74292159999993;99.91594639999997;99.74292159999993;99.91625919999996;100.0;100.0;100.0;99.76188639999994;99.74292159999993;99.74292159999993;99.74292159999993;99.74292159999993;99.91594639999997;99.74292159999993;99.74292159999993;99.87146079999997;99.87146079999997;99.87306239999998;99.87146079999997;99.87306239999998;100.0;100.0;100.0;99.91594639999997;100.0;100.0;100.0;99.87146079999997;99.87146079999997;99.87146079999997;99.87146079999997;99.87306239999998;99.87306239999998;99.6333471999999;99.91594639999997;99.6333471999999;99.6143823999999;99.6143823999999;99.6143823999999;99.87146079999997;99.87146079999997;99.74292159999993;99.74292159999993;99.74292159999993;99.87306239999998;99.91594639999997;99.87146079999997;99.87146079999997;99.87306239999998;99.91594639999997;99.91594639999997;99.91594639999997;
5400.253030666673;100.0;99.91263119999996;99.91263119999996;99.87306239999998;99.87146079999997;99.87146079999997;99.74292159999993;99.87146079999997;99.87306239999998;99.74292159999993;99.91594639999997;99.74292159999993;99.91625919999996;100.0;100.0;100.0;99.75570879999994;99.74292159999993;99.74292159999993;99.74292159999993;99.74292159999993;99.91594639999997;99.74292159999993;99.74292159999993;99.87146079999997;99.87146079999997;99.87306239999998;99.87146079999997;99.87306239999998;100.0;100.0;100.0;99.91594639999997;100.0;100.0;100.0;99.87146079999997;99.87146079999997;99.87146079999997;99.87146079999997;99.87306239999998;99.87306239999998;99.6333471999999;99.91594639999997;99.6271695999999;99.6143823999999;99.6143823999999;99.6143823999999;99.87146079999997;99.87146079999997;99.74292159999993;99.74292159999993;99.74292159999993;99.87306239999998;99.91594639999997;99.87146079999997;99.87146079999997;99.87306239999998;99.91594639999997;99.91594639999997;99.91594639999997;
5400.253030666673;100.0;99.91263119999996;99.91263119999996;99.87306239999998;99.87146079999997;99.87146079999997;99.74292159999993;99.87146079999997;99.87306239999998;99.74292159999993;99.91594639999997;99.74292159999993;99.91625919999996;100.0;100.0;100.0;99.74292159999993;99.74292159999993;99.74292159999993;99.74292159999993;99.74292159999993;99.91594639999997;99.74292159999993;99.74292159999993;99.87146079999997;99.87146079999997;99.87306239999998;99.87146079999997;99.87306239999998;100.0;100.0;100.0;99.91594639999997;100.0;100.0;100.0;99.87146079999997;99.87146079999997;99.87146079999997;99.87146079999997;99.87306239999998;99.87306239999998;99.6333471999999;99.91594639999997;99.6143823999999;99.6143823999999;99.6143823999999;99.6143823999999;99.87146079999997;99.87146079999997;99.74292159999993;99.74292159999993;99.74292159999993;99.87306239999998;99.91594639999997;99.87146079999997;99.87146079999997;99.87306239999998;99.91594639999997;99.91594639999997;99.91594639999997;
5400.275776000007;100.0;99.91263119999996;99.91263119999996;99.87306239999998;99.87146079999997;99.87146079999997;99.74292159999993;99.87146079999997;99.87306239999998;99.74292159999993;99.91594639999997;99.74292159999993;99.91625919999996;100.0;100.0;100.0;99.74292159999993;99.74292159999993;99.74292159999993;99.74292159999993;99.74292159999993;99.91594639999997;99.74292159999993;99.74292159999993;99.87146079999997;99.87146079999997;99.87306239999998;99.87146079999997;99.87306239999998;100.0;100.0;100.0;99.91594639999997;100.0;100.0;100.0;99.87146079999997;99.87146079999997;99.87146079999997;99.87146079999997;99.87306239999998;99.87306239999998;99.6271695999999;99.91594639999997;99.6143823999999;99.6143823999999;99.6143823999999;99.6143823999999;99.87146079999997;99.87146079999997;99.74292159999993;99.74292159999993;99.74292159999993;99.87306239999998;99.91594639999997;99.87146079999997;99.87146079999997;99.87306239999998;99.91594639999997;99.91594639999997;99.91594639999997;
5400.275776000007;100.0;99.91263119999996;99.91263119999996;99.87306239999998;99.87146079999997;99.87146079999997;99.74292159999993;99.87146079999997;99.87306239999998;99.74292159999993;99.91594639999997;99.74292159999993;99.91625919999996;100.0;100.0;100.0;99.74292159999993;99.74292159999993;99.74292159999993;99.74292159999993;99.74292159999993;99.91594639999997;99.74292159999993;99.74292159999993;99.87146079999997;99.87146079999997;99.87306239999998;99.87146079999997;99.87306239999998;100.0;100.0;100.0;99.91594639999997;100.0;100.0;100.0;99.87146079999997;99.87146079999997;99.87146079999997;99.87146079999997;99.87306239999998;99.87306239999998;99.6143823999999;99.91594639999997;99.6143823999999;99.6143823999999;99.6143823999999;99.6143823999999;99.87146079999997;99.87146079999997;99.74292159999993;99.74292159999993;99.74292159999993;99.87306239999998;99.91594639999997;99.87146079999997;99.87146079999997;99.87306239999998;99.91594639999997;99.91594639999997;99.91594639999997;
5400.29852133334;100.0;99.91263119999996;99.91263119999996;99.87306239999998;99.87146079999997;99.87146079999997;99.74292159999993;99.87146079999997;99.87306239999998;99.74292159999993;99.91594639999997;99.74292159999993;99.91625919999996;100.0;100.0;100.0;99.74292159999993;99.74292159999993;99.74292159999993;99.74292159999993;99.74292159999993;99.91594639999997;99.74292159999993;99.74292159999993;99.87146079999997;99.87146079999997;99.87306239999998;99.87146079999997;99.87306239999998;100.0;100.0;100.0;99.91594639999997;100.0;100.0;100.0;99.87146079999997;99.87146079999997;99.87146079999997;99.87146079999997;99.87306239999998;99.87306239999998;99.6143823999999;99.91594639999997;99.6143823999999;99.6143823999999;99.6143823999999;99.6143823999999;99.87146079999997;99.87146079999997;99.74292159999993;99.74292159999993;99.74292159999993;99.87306239999998;99.91594639999997;99.87146079999997;99.87146079999997;99.87306239999998;99.91594639999997;99.91594639999997;99.91594639999997;
6000.000000000006;100.0;99.91263119999996;99.91263119999996;99.87306239999998;99.87146079999997;99.87146079999997;99.74292159999993;99.87146079999997;99.87306239999998;99.74292159999993;99.91594639999997;99.74292159999993;99.91625919999996;100.0;100.0;100.0;99.74292159999993;99.74292159999993;99.74292159999993;99.74292159999993;99.74292159999993;99.91594639999997;99.74292159999993;99.74292159999993;99.87146079999997;99.87146079999997;99.87306239999998;99.87146079999997;99.87306239999998;100.0;100.0;100.0;99.91594639999997;100.0;100.0;100.0;99.87146079999997;99.87146079999997;99.87146079999997;99.87146079999997;99.87306239999998;99.87306239999998;99.6143823999999;99.91594639999997;99.6143823999999;99.6143823999999;99.6143823999999;99.6143823999999;99.87146079999997;99.87146079999997;99.74292159999993;99.74292159999993;99.74292159999993;99.87306239999998;99.91594639999997;99.87146079999997;99.87146079999997;99.87306239999998;99.91594639999997;99.91594639999997;99.91594639999997;
6300.026666666674;100.0;99.91253119999996;99.91253119999996;99.87306239999998;99.87146079999997;99.87146079999997;99.74292159999993;99.87146079999997;99.87306239999998;99.74292159999993;99.91584639999996;99.74292159999993;99.91625919999996;100.0;100.0;100.0;99.74292159999993;99.74292159999993;99.74292159999993;99.74292159999993;99.74292159999993;99.91584639999996;99.74292159999993;99.74292159999993;99.87146079999997;99.87146079999997;99.87306239999998;99.87146079999997;99.87306239999998;100.0;100.0;100.0;99.91584639999996;100.0;100.0;100.0;99.87146079999997;99.87146079999997;99.87146079999997;99.87146079999997;99.87306239999998;99.87306239999998;99.6143823999999;99.91584639999996;99.6143823999999;99.6143823999999;99.6143823999999;99.6143823999999;99.87146079999997;99.87146079999997;99.74292159999993;99.74292159999993;99.74292159999993;99.87306239999998;99.91584639999996;99.87146079999997;99.87146079999997;99.87306239999998;99.91584639999996;99.91584639999996;99.91584639999996;
6300.026666666674;100.0;99.91253119999996;99.91253119999996;99.87306239999998;99.87146079999997;99.87146079999997;99.74292159999993;99.87146079999997;99.87306239999998;99.74292159999993;99.90258559999997;99.74292159999993;99.91625919999996;100.0;100.0;100.0;99.74292159999993;99.74292159999993;99.74292159999993;99.74292159999993;99.74292159999993;99.90258559999997;99.74292159999993;99.74292159999993;99.87146079999997;99.87146079999997;99.87306239999998;99.87146079999997;99.87306239999998;100.0;100.0;100.0;99.90258559999997;100.0;100.0;100.0;99.87146079999997;99.87146079999997;99.87146079999997;99.87146079999997;99.87306239999998;99.87306239999998;99.6143823999999;99.90258559999997;99.6143823999999;99.6143823999999;99.6143823999999;99.6143823999999;99.87146079999997;99.87146079999997;99.74292159999993;99.74292159999993;99.74292159999993;99.87306239999998;99.90258559999997;99.87146079999997;99.87146079999997;99.87306239999998;99.90258559999997;99.90258559999997;99.90258559999997;
6300.026666666674;100.0;99.89879679999996;99.89879679999996;99.87306239999998;99.87146079999997;99.87146079999997;99.74292159999993;99.87146079999997;99.87306239999998;99.74292159999993;99.90258559999997;99.74292159999993;99.91625919999996;100.0;100.0;100.0;99.74292159999993;99.74292159999993;99.74292159999993;99.74292159999993;99.74292159999993;99.90258559999997;99.74292159999993;99.74292159999993;99.87146079999997;99.87146079999997;99.87306239999998;99.87146079999997;99.87306239999998;100.0;100.0;100.0;99.90258559999997;100.0;100.0;100.0;99.87146079999997;99.87146079999997;99.87146079999997;99.87146079999997;99.87306239999998;99.87306239999998;99.6143823999999;99.90258559999997;99.6143823999999;99.6143823999999;99.6143823999999;99.6143823999999;99.87146079999997;99.87146079999997;99.74292159999993;99.74292159999993;99.74292159999993;99.87306239999998;99.90258559999997;99.87146079999997;99.87146079999997;99.87306239999998;99.90258559999997;99.90258559999997;99.90258559999997;
6300.05050133334;100.0;99.89879679999996;99.89879679999996;99.86665599999998;99.87146079999997;99.87146079999997;99.74292159999993;99.87146079999997;99.86665599999998;99.74292159999993;99.90258559999997;99.74292159999993;99.91625919999996;100.0;100.0;100.0;99.74292159999993;99.74292159999993;99.74292159999993;99.74292159999993;99.74292159999993;99.90258559999997;99.74292159999993;99.74292159999993;99.87146079999997;99.87146079999997;99.86665599999998;99.87146079999997;99.86665599999998;100.0;100.0;100.0;99.90258559999997;100.0;100.0;100.0;99.87146079999997;99.87146079999997;99.87146079999997;99.87146079999997;99.86665599999998;99.86665599999998;99.6143823999999;99.90258559999997;99.6143823999999;99.6143823999999;99.6143823999999;99.6143823999999;99.87146079999997;99.87146079999997;99.74292159999993;99.74292159999993;99.74292159999993;99.86665599999998;99.90258559999997;99.87146079999997;99.87146079999997;99.86665599999998;99.90258559999997;99.90258559999997;99.90258559999997;
6300.05050133334;100.0;99.89879679999996;99.89879679999996;99.85292159999997;99.87146079999997;99.87146079999997;99.74292159999993;99.87146079999997;99.85292159999997;99.74292159999993;99.90258559999997;99.74292159999993;99.91625919999996;100.0;100.0;100.0;99.74292159999993;99.74292159999993;99.74292159999993;99.74292159999993;99.74292159999993;99.90258559999997;99.74292159999993;99.74292159999993;99.87146079999997;99.87146079999997;99.85292159999997;99.87146079999997;99.85292159999997;100.0;100.0;100.0;99.90258559999997;100.0;100.0;100.0;99.87146079999997;99.87146079999997;99.87146079999997;99.87146079999997;99.85292159999997;99.85292159999997;99.6143823999999;99.90258559999997;99.6143823999999;99.6143823999999;99.6143823999999;99.6143823999999;99.87146079999997;99.87146079999997;99.74292159999993;99.74292159999993;99.74292159999993;99.85292159999997;99.90258559999997;99.87146079999997;99.87146079999997;99.85292159999997;99.90258559999997;99.90258559999997;99.90258559999997;
6300.051590666674;100.0;99.89879679999996;99.89879679999996;99.85292159999997;99.87146079999997;99.87146079999997;99.74292159999993;99.87146079999997;99.85292159999997;99.74292159999993;99.90258559999997;99.74292159999993;99.91625919999996;100.0;100.0;100.0;99.74292159999993;99.74292159999993;99.74292159999993;99.74292159999993;99.74292159999993;99.90258559999997;99.74292159999993;99.74292159999993;99.87146079999997;99.87146079999997;99.85292159999997;99.87146079999997;99.85292159999997;100.0;100.0;100.0;99.90258559999997;100.0;100.0;100.0;99.87146079999997;99.86482559999996;99.87146079999997;99.87146079999997;99.85292159999997;99.85292159999997;99.6143823999999;99.90258559999997;99.6143823999999;99.6143823999999;99.6143823999999;99.6143823999999;99.87146079999997;99.86482559999996;99.74292159999993;99.74292159999993;99.74292159999993;99.85292159999997;99.90258559999997;99.87146079999997;99.87146079999997;99.85292159999997;99.90258559999997;99.90258559999997;99.90258559999997;
6300.051590666674;100.0;99.89879679999996;99.89879679999996;99.85292159999997;99.87146079999997;99.87146079999997;99.74292159999993;99.87146079999997;99.85292159999997;99.74292159999993;99.90258559999997;99.74292159999993;99.91625919999996;100.0;100.0;100.0;99.74292159999993;99.74292159999993;99.74292159999993;99.74292159999993;99.74292159999993;99.90258559999997;99.74292159999993;99.74292159999993;99.87146079999997;99.87146079999997;99.85292159999997;99.87146079999997;99.85292159999997;100.0;100.0;100.0;99.90258559999997;100.0;100.0;100.0;99.87146079999997;99.85109119999996;99.87146079999997;99.87146079999997;99.85292159999997;99.85292159999997;99.6143823999999;99.90258559999997;99.6143823999999;99.6143823999999;99.6143823999999;99.6143823999999;99.87146079999997;99.85109119999996;99.74292159999993;99.74292159999993;99.74292159999993;99.85292159999997;99.90258559999997;99.87146079999997;99.87146079999997;99.85292159999997;99.90258559999997;99.90258559999997;99.90258559999997;
6300.060501333341;100.0;99.89879679999996;99.89879679999996;99.85292159999997;99.87146079999997;99.87146079999997;99.74292159999993;99.87146079999997;99.85292159999997;99.74292159999993;99.90258559999997;99.74292159999993;99.91625919999996;100.0;100.0;100.0;99.74292159999993;99.74292159999993;99.74292159999993;99.74292159999993;99.74292159999993;99.90258559999997;99.74292159999993;99.74292159999993;99.87146079999997;99.87146079999997;99.85292159999997;99.87146079999997;99.85292159999997;100.0;100.0;100.0;99.90258559999997;100.0;100.0;100.0;99.87146079999997;99.85109119999996;99.87146079999997;99.87146079999997;99.85292159999997;99.85292159999997;99.6143823999999;99.90258559999997;99.6143823999999;99.6143823999999;99.6143823999999;99.6143823999999;99.87146079999997;99.85109119999996;99.74292159999993;99.74292159999993;99.74292159999993;99.85292159999997;99.90258559999997;99.87146079999997;99.87146079999997;99.85292159999997;99.90258559999997;99.90258559999997;99.90258559999997;
6300.075425333341;100.0;99.89879679999996;99.89879679999996;99.85292159999997;99.86482559999996;99.87146079999997;99.74292159999993;99.86482559999996;99.85292159999997;99.74292159999993;99.90258559999997;99.74292159999993;99.91625919999996;100.0;100.0;100.0;99.74292159999993;99.74292159999993;99.74292159999993;99.74292159999993;99.74292159999993;99.90258559999997;99.74292159999993;99.74292159999993;99.87146079999997;99.86482559999996;99.85292159999997;99.86482559999996;99.85292159999997;100.0;100.0;100.0;99.90258559999997;100.0;100.0;100.0;99.87146079999997;99.85109119999996;99.87146079999997;99.86482559999996;99.85292159999997;99.85292159999997;99.6143823999999;99.90258559999997;99.6143823999999;99.6143823999999;99.6143823999999;99.6143823999999;99.87146079999997;99.85109119999996;99.74292159999993;99.74292159999993;99.73628639999993;99.85292159999997;99.90258559999997;99.87146079999997;99.86482559999996;99.85292159999997;99.90258559999997;99.90258559999997;99.90258559999997;
6300.075425333341;100.0;99.89879679999996;99.89879679999996;99.85292159999997;99.85109119999996;99.87146079999997;99.74292159999993;99.85109119999996;99.85292159999997;99.74292159999993;99.90258559999997;99.74292159999993;99.91625919999996;100.0;100.0;100.0;99.74292159999993;99.74292159999993;99.74292159999993;99.74292159999993;99.74292159999993;99.90258559999997;99.74292159999993;99.74292159999993;99.87146079999997;99.85109119999996;99.85292159999997;99.85109119999996;99.85292159999997;100.0;100.0;100.0;99.90258559999997;100.0;100.0;100.0;99.87146079999997;99.85109119999996;99.87146079999997;99.85109119999996;99.85292159999997;99.85292159999997;99.6143823999999;99.90258559999997;99.6143823999999;99.6143823999999;99.6143823999999;99.6143823999999;99.87146079999997;99.85109119999996;99.74292159999993;99.74292159999993;99.72255199999992;99.85292159999997;99.90258559999997;99.87146079999997;99.85109119999996;99.85292159999997;99.90258559999997;99.90258559999997;99.90258559999997;
6300.0765146666745;100.0;99.89879679999996;99.89879679999996;99.85292159999997;99.85109119999996;99.87146079999997;99.74292159999993;99.85109119999996;99.85292159999997;99.74292159999993;99.90258559999997;99.74292159999993;99.91625919999996;100.0;100.0;100.0;99.74292159999993;99.74292159999993;99.74292159999993;99.74292159999993;99.74292159999993;99.90258559999997;99.74292159999993;99.74292159999993;99.87146079999997;99.85109119999996;99.85292159999997;99.85109119999996;99.85292159999997;100.0;100.0;100.0;99.90258559999997;100.0;100.0;100.0;99.86482559999996;99.85109119999996;99.87146079999997;99.85109119999996;99.85292159999997;99.85292159999997;99.6143823999999;99.90258559999997;99.6143823999999;99.6143823999999;99.6143823999999;99.6143823999999;99.86482559999996;99.85109119999996;99.74292159999993;99.74292159999993;99.72255199999992;99.85292159999997;99.90258559999997;99.87146079999997;99.85109119999996;99.85292159999997;99.90258559999997;99.90258559999997;99.90258559999997;
6300.0765146666745;100.0;99.89879679999996;99.89879679999996;99.85292159999997;99.85109119999996;99.87146079999997;99.74292159999993;99.85109119999996;99.85292159999997;99.74292159999993;99.90258559999997;99.74292159999993;99.91625919999996;100.0;100.0;100.0;99.74292159999993;99.74292159999993;99.74292159999993;99.74292159999993;99.74292159999993;99.90258559999997;99.74292159999993;99.74292159999993;99.87146079999997;99.85109119999996;99.85292159999997;99.85109119999996;99.85292159999997;100.0;100.0;100.0;99.90258559999997;100.0;100.0;100.0;99.85109119999996;99.85109119999996;99.87146079999997;99.85109119999996;99.85292159999997;99.85292159999997;99.6143823999999;99.90258559999997;99.6143823999999;99.6143823999999;99.6143823999999;99.6143823999999;99.85109119999996;99.85109119999996;99.74292159999993;99.74292159999993;99.72255199999992;99.85292159999997;99.90258559999997;99.87146079999997;99.85109119999996;99.85292159999997;99.90258559999997;99.90258559999997;99.90258559999997;
6300.086514666675;100.0;99.89879679999996;99.89879679999996;99.85292159999997;99.85109119999996;99.87146079999997;99.74292159999993;99.85109119999996;99.85292159999997;99.74292159999993;99.90258559999997;99.74292159999993;99.91625919999996;100.0;100.0;100.0;99.74292159999993;99.74292159999993;99.74292159999993;99.74292159999993;99.74292159999993;99.90258559999997;99.74292159999993;99.74292159999993;99.87146079999997;99.85109119999996;99.85292159999997;99.85109119999996;99.85292159999997;100.0;100.0;100.0;99.90258559999997;100.0;100.0;100.0;99.85109119999996;99.85109119999996;99.87146079999997;99.85109119999996;99.85292159999997;99.85292159999997;99.6143823999999;99.90258559999997;99.6143823999999;99.6143823999999;99.6143823999999;99.6143823999999;99.85109119999996;99.85109119999996;99.74292159999993;99.74292159999993;99.72255199999992;99.85292159999997;99.90258559999997;99.87146079999997;99.85109119999996;99.85292159999997;99.90258559999997;99.90258559999997;99.90258559999997;
6300.100349333341;100.0;99.89879679999996;99.89879679999996;99.85292159999997;99.85109119999996;99.86482559999996;99.73628639999993;99.85109119999996;99.85292159999997;99.74292159999993;99.90258559999997;99.74292159999993;99.91625919999996;100.0;100.0;100.0;99.74292159999993;99.74292159999993;99.74292159999993;99.74292159999993;99.74292159999993;99.90258559999997;99.74292159999993;99.73628639999993;99.86482559999996;99.85109119999996;99.85292159999997;99.85109119999996;99.85292159999997;100.0;100.0;100.0;99.90258559999997;100.0;100.0;100.0;99.85109119999996;99.85109119999996;99.86482559999996;99.85109119999996;99.85292159999997;99.85292159999997;99.6143823999999;99.90258559999997;99.6143823999999;99.6143823999999;99.6143823999999;99.6143823999999;99.85109119999996;99.85109119999996;99.74292159999993;99.73628639999993;99.72255199999992;99.85292159999997;99.90258559999997;99.86482559999996;99.85109119999996;99.85292159999997;99.90258559999997;99.90258559999997;99.90258559999997;
6300.100349333341;100.0;99.89879679999996;99.89879679999996;99.85292159999997;99.85109119999996;99.85109119999996;99.72255199999992;99.85109119999996;99.85292159999997;99.74292159999993;99.90258559999997;99.74292159999993;99.91625919999996;100.0;100.0;100.0;99.74292159999993;99.74292159999993;99.74292159999993;99.74292159999993;99.74292159999993;99.90258559999997;99.74292159999993;99.72255199999992;99.85109119999996;99.85109119999996;99.85292159999997;99.85109119999996;99.85292159999997;100.0;100.0;100.0;99.90258559999997;100.0;100.0;100.0;99.85109119999996;99.85109119999996;99.85109119999996;99.85109119999996;99.85292159999997;99.85292159999997;99.6143823999999;99.90258559999997;99.6143823999999;99.6143823999999;99.6143823999999;99.6143823999999;99.85109119999996;99.85109119999996;99.74292159999993;99.72255199999992;99.72255199999992;99.85292159999997;99.90258559999997;99.85109119999996;99.85109119999996;99.85292159999997;99.90258559999997;99.90258559999997;99.90258559999997;
6300.101438666675;100.0;99.89879679999996;99.89879679999996;99.85292159999997;99.85109119999996;99.85109119999996;99.72255199999992;99.85109119999996;99.85292159999997;99.74292159999993;99.90258559999997;99.74292159999993;99.91625919999996;100.0;100.0;100.0;99.74292159999993;99.74292159999993;99.74292159999993;99.74292159999993;99.74292159999993;99.90258559999997;99.74292159999993;99.72255199999992;99.85109119999996;99.85109119999996;99.85292159999997;99.85109119999996;99.85292159999997;100.0;100.0;100.0;99.90258559999997;100.0;100.0;100.0;99.85109119999996;99.85109119999996;99.85109119999996;99.85109119999996;99.85292159999997;99.85292159999997;99.6143823999999;99.90258559999997;99.6143823999999;99.6143823999999;99.6143823999999;99.60774719999989;99.85109119999996;99.85109119999996;99.74292159999993;99.72255199999992;99.72255199999992;99.85292159999997;99.90258559999997;99.85109119999996;99.85109119999996;99.85292159999997;99.90258559999997;99.90258559999997;99.90258559999997;
6300.101438666675;100.0;99.89879679999996;99.89879679999996;99.85292159999997;99.85109119999996;99.85109119999996;99.72255199999992;99.85109119999996;99.85292159999997;99.74292159999993;99.90258559999997;99.74292159999993;99.91625919999996;100.0;100.0;100.0;99.74292159999993;99.74292159999993;99.74292159999993;99.74292159999993;99.74292159999993;99.90258559999997;99.74292159999993;99.72255199999992;99.85109119999996;99.85109119999996;99.85292159999997;99.85109119999996;99.85292159999997;100.0;100.0;100.0;99.90258559999997;100.0;100.0;100.0;99.85109119999996;99.85109119999996;99.85109119999996;99.85109119999996;99.85292159999997;99.85292159999997;99.6143823999999;99.90258559999997;99.6143823999999;99.6143823999999;99.6143823999999;99.59401279999989;99.85109119999996;99.85109119999996;99.74292159999993;99.72255199999992;99.72255199999992;99.85292159999997;99.90258559999997;99.85109119999996;99.85109119999996;99.85292159999997;99.90258559999997;99.90258559999997;99.90258559999997;
6300.110349333341;100.0;99.89879679999996;99.89879679999996;99.85292159999997;99.85109119999996;99.85109119999996;99.72255199999992;99.85109119999996;99.85292159999997;99.74292159999993;99.90258559999997;99.74292159999993;99.91625919999996;100.0;100.0;100.0;99.74292159999993;99.74292159999993;99.74292159999993;99.74292159999993;99.74292159999993;99.90258559999997;99.74292159999993;99.72255199999992;99.85109119999996;99.85109119999996;99.85292159999997;99.85109119999996;99.85292159999997;100.0;100.0;100.0;99.90258559999997;100.0;100.0;100.0;99.85109119999996;99.85109119999996;99.85109119999996;99.85109119999996;99.85292159999997;99.85292159999997;99.6143823999999;99.90258559999997;99.6143823999999;99.6143823999999;99.6143823999999;99.59401279999989;99.85109119999996;99.85109119999996;99.74292159999993;99.72255199999992;99.72255199999992;99.85292159999997;99.90258559999997;99.85109119999996;99.85109119999996;99.85292159999997;99.90258559999997;99.90258559999997;99.90258559999997;
6300.111438666675;100.0;99.89879679999996;99.89879679999996;99.85292159999997;99.85109119999996;99.85109119999996;99.72255199999992;99.85109119999996;99.85292159999997;99.74292159999993;99.90258559999997;99.74292159999993;99.91625919999996;100.0;100.0;100.0;99.74292159999993;99.74292159999993;99.74292159999993;99.74292159999993;99.74292159999993;99.90258559999997;99.74292159999993;99.72255199999992;99.85109119999996;99.85109119999996;99.85292159999997;99.85109119999996;99.85292159999997;100.0;100.0;100.0;99.90258559999997;100.0;100.0;100.0;99.85109119999996;99.85109119999996;99.85109119999996;99.85109119999996;99.85292159999997;99.85292159999997;99.6143823999999;99.90258559999997;99.6143823999999;99.6143823999999;99.6143823999999;99.59401279999989;99.85109119999996;99.85109119999996;99.74292159999993;99.72255199999992;99.72255199999992;99.85292159999997;99.90258559999997;99.85109119999996;99.85109119999996;99.85292159999997;99.90258559999997;99.90258559999997;99.90258559999997;
6300.125273333341;100.0;99.89879679999996;99.89879679999996;99.85292159999997;99.85109119999996;99.85109119999996;99.71591679999992;99.85109119999996;99.85292159999997;99.73628639999993;99.90258559999997;99.74292159999993;99.91625919999996;100.0;100.0;100.0;99.74292159999993;99.74292159999993;99.74292159999993;99.74292159999993;99.74292159999993;99.90258559999997;99.73628639999993;99.71591679999992;99.85109119999996;99.85109119999996;99.85292159999997;99.85109119999996;99.85292159999997;100.0;100.0;100.0;99.90258559999997;100.0;100.0;100.0;99.85109119999996;99.85109119999996;99.85109119999996;99.85109119999996;99.85292159999997;99.85292159999997;99.6143823999999;99.90258559999997;99.6143823999999;99.6143823999999;99.6143823999999;99.59401279999989;99.85109119999996;99.85109119999996;99.73628639999993;99.72255199999992;99.71591679999992;99.85292159999997;99.90258559999997;99.85109119999996;99.85109119999996;99.85292159999997;99.90258559999997;99.90258559999997;99.90258559999997;
6300.125273333341;100.0;99.89879679999996;99.89879679999996;99.85292159999997;99.85109119999996;99.85109119999996;99.70218239999991;99.85109119999996;99.85292159999997;99.72255199999992;99.90258559999997;99.74292159999993;99.91625919999996;100.0;100.0;100.0;99.74292159999993;99.74292159999993;99.74292159999993;99.74292159999993;99.74292159999993;99.90258559999997;99.72255199999992;99.70218239999991;99.85109119999996;99.85109119999996;99.85292159999997;99.85109119999996;99.85292159999997;100.0;100.0;100.0;99.90258559999997;100.0;100.0;100.0;99.85109119999996;99.85109119999996;99.85109119999996;99.85109119999996;99.85292159999997;99.85292159999997;99.6143823999999;99.90258559999997;99.6143823999999;99.6143823999999;99.6143823999999;99.59401279999989;99.85109119999996;99.85109119999996;99.72255199999992;99.72255199999992;99.70218239999991;99.85292159999997;99.90258559999997;99.85109119999996;99.85109119999996;99.85292159999997;99.90258559999997;99.90258559999997;99.90258559999997;
6300.126362666675;100.0;99.89879679999996;99.89879679999996;99.85292159999997;99.85109119999996;99.85109119999996;99.70218239999991;99.85109119999996;99.85292159999997;99.72255199999992;99.90258559999997;99.74292159999993;99.91625919999996;100.0;100.0;100.0;99.74292159999993;99.74292159999993;99.74292159999993;99.74292159999993;99.74292159999993;99.90258559999997;99.72255199999992;99.70218239999991;99.85109119999996;99.85109119999996;99.85292159999997;99.85109119999996;99.85292159999997;100.0;100.0;100.0;99.90258559999997;100.0;100.0;100.0;99.85109119999996;99.85109119999996;99.85109119999996;99.85109119999996;99.85292159999997;99.85292159999997;99.6143823999999;99.90258559999997;99.6143823999999;99.6143823999999;99.60774719999989;99.59401279999989;99.85109119999996;99.85109119999996;99.72255199999992;99.72255199999992;99.70218239999991;99.85292159999997;99.90258559999997;99.85109119999996;99.85109119999996;99.85292159999997;99.90258559999997;99.90258559999997;99.90258559999997;
6300.126362666675;100.0;99.89879679999996;99.89879679999996;99.85292159999997;99.85109119999996;99.85109119999996;99.70218239999991;99.85109119999996;99.85292159999997;99.72255199999992;99.90258559999997;99.74292159999993;99.91625919999996;100.0;100.0;100.0;99.74292159999993;99.74292159999993;99.74292159999993;99.74292159999993;99.74292159999993;99.90258559999997;99.72255199999992;99.70218239999991;99.85109119999996;99.85109119999996;99.85292159999997;99.85109119999996;99.85292159999997;100.0;100.0;100.0;99.90258559999997;100.0;100.0;100.0;99.85109119999996;99.85109119999996;99.85109119999996;99.85109119999996;99.85292159999997;99.85292159999997;99.6143823999999;99.90258559999997;99.6143823999999;99.6143823999999;99.59401279999989;99.59401279999989;99.85109119999996;99.85109119999996;99.72255199999992;99.72255199999992;99.70218239999991;99.85292159999997;99.90258559999997;99.85109119999996;99.85109119999996;99.85292159999997;99.90258559999997;99.90258559999997;99.90258559999997;
6300.1352733333415;100.0;99.89879679999996;99.89879679999996;99.85292159999997;99.85109119999996;99.85109119999996;99.70218239999991;99.85109119999996;99.85292159999997;99.72255199999992;99.90258559999997;99.74292159999993;99.91625919999996;100.0;100.0;100.0;99.74292159999993;99.74292159999993;99.74292159999993;99.74292159999993;99.74292159999993;99.90258559999997;99.72255199999992;99.70218239999991;99.85109119999996;99.85109119999996;99.85292159999997;99.85109119999996;99.85292159999997;100.0;100.0;100.0;99.90258559999997;100.0;100.0;100.0;99.85109119999996;99.85109119999996;99.85109119999996;99.85109119999996;99.85292159999997;99.85292159999997;99.6143823999999;99.90258559999997;99.6143823999999;99.6143823999999;99.59401279999989;99.59401279999989;99.85109119999996;99.85109119999996;99.72255199999992;99.72255199999992;99.70218239999991;99.85292159999997;99.90258559999997;99.85109119999996;99.85109119999996;99.85292159999997;99.90258559999997;99.90258559999997;99.90258559999997;
6300.150197333342;100.0;99.89879679999996;99.89879679999996;99.85292159999997;99.85109119999996;99.85109119999996;99.70218239999991;99.85109119999996;99.85292159999997;99.71591679999992;99.90258559999997;99.73628639999993;99.91625919999996;100.0;100.0;100.0;99.74292159999993;99.74292159999993;99.74292159999993;99.74292159999993;99.73628639999993;99.90258559999997;99.71591679999992;99.70218239999991;99.85109119999996;99.85109119999996;99.85292159999997;99.85109119999996;99.85292159999997;100.0;100.0;100.0;99.90258559999997;100.0;100.0;100.0;99.85109119999996;99.85109119999996;99.85109119999996;99.85109119999996;99.85292159999997;99.85292159999997;99.6143823999999;99.90258559999997;99.6143823999999;99.6143823999999;99.59401279999989;99.58737759999988;99.85109119999996;99.85109119999996;99.72255199999992;99.71591679999992;99.70218239999991;99.85292159999997;99.90258559999997;99.85109119999996;99.85109119999996;99.85292159999997;99.90258559999997;99.90258559999997;99.90258559999997;
6300.150197333342;100.0;99.89879679999996;99.89879679999996;99.85292159999997;99.85109119999996;99.85109119999996;99.70218239999991;99.85109119999996;99.85292159999997;99.70218239999991;99.90258559999997;99.72255199999992;99.91625919999996;100.0;100.0;100.0;99.74292159999993;99.74292159999993;99.74292159999993;99.74292159999993;99.72255199999992;99.90258559999997;99.70218239999991;99.70218239999991;99.85109119999996;99.85109119999996;99.85292159999997;99.85109119999996;99.85292159999997;100.0;100.0;100.0;99.90258559999997;100.0;100.0;100.0;99.85109119999996;99.85109119999996;99.85109119999996;99.85109119999996;99.85292159999997;99.85292159999997;99.6143823999999;99.90258559999997;99.6143823999999;99.6143823999999;99.59401279999989;99.57364319999988;99.85109119999996;99.85109119999996;99.72255199999992;99.70218239999991;99.70218239999991;99.85292159999997;99.90258559999997;99.85109119999996;99.85109119999996;99.85292159999997;99.90258559999997;99.90258559999997;99.90258559999997;
6300.151286666675;100.0;99.89879679999996;99.89879679999996;99.85292159999997;99.85109119999996;99.85109119999996;99.70218239999991;99.85109119999996;99.85292159999997;99.70218239999991;99.90258559999997;99.72255199999992;99.91625919999996;100.0;100.0;100.0;99.74292159999993;99.74292159999993;99.74292159999993;99.74292159999993;99.72255199999992;99.90258559999997;99.70218239999991;99.70218239999991;99.85109119999996;99.85109119999996;99.85292159999997;99.85109119999996;99.85292159999997;100.0;100.0;100.0;99.90258559999997;100.0;100.0;100.0;99.85109119999996;99.85109119999996;99.85109119999996;99.85109119999996;99.85292159999997;99.85292159999997;99.6143823999999;99.90258559999997;99.6143823999999;99.60774719999989;99.59401279999989;99.57364319999988;99.85109119999996;99.85109119999996;99.72255199999992;99.70218239999991;99.70218239999991;99.85292159999997;99.90258559999997;99.85109119999996;99.85109119999996;99.85292159999997;99.90258559999997;99.90258559999997;99.90258559999997;
6300.151286666675;100.0;99.89879679999996;99.89879679999996;99.85292159999997;99.85109119999996;99.85109119999996;99.70218239999991;99.85109119999996;99.85292159999997;99.70218239999991;99.90258559999997;99.72255199999992;99.91625919999996;100.0;100.0;100.0;99.74292159999993;99.74292159999993;99.74292159999993;99.74292159999993;99.72255199999992;99.90258559999997;99.70218239999991;99.70218239999991;99.85109119999996;99.85109119999996;99.85292159999997;99.85109119999996;99.85292159999997;100.0;100.0;100.0;99.90258559999997;100.0;100.0;100.0;99.85109119999996;99.85109119999996;99.85109119999996;99.85109119999996;99.85292159999997;99.85292159999997;99.6143823999999;99.90258559999997;99.6143823999999;99.59401279999989;99.59401279999989;99.57364319999988;99.85109119999996;99.85109119999996;99.72255199999992;99.70218239999991;99.70218239999991;99.85292159999997;99.90258559999997;99.85109119999996;99.85109119999996;99.85292159999997;99.90258559999997;99.90258559999997;99.90258559999997;
6300.160197333342;100.0;99.89879679999996;99.89879679999996;99.85292159999997;99.85109119999996;99.85109119999996;99.70218239999991;99.85109119999996;99.85292159999997;99.70218239999991;99.90258559999997;99.72255199999992;99.91625919999996;100.0;100.0;100.0;99.74292159999993;99.74292159999993;99.74292159999993;99.74292159999993;99.72255199999992;99.90258559999997;99.70218239999991;99.70218239999991;99.85109119999996;99.85109119999996;99.85292159999997;99.85109119999996;99.85292159999997;100.0;100.0;100.0;99.90258559999997;100.0;100.0;100.0;99.85109119999996;99.85109119999996;99.85109119999996;99.85109119999996;99.85292159999997;99.85292159999997;99.6143823999999;99.90258559999997;99.6143823999999;99.59401279999989;99.59401279999989;99.57364319999988;99.85109119999996;99.85109119999996;99.72255199999992;99.70218239999991;99.70218239999991;99.85292159999997;99.90258559999997;99.85109119999996;99.85109119999996;99.85292159999997;99.90258559999997;99.90258559999997;99.90258559999997;
6300.175121333342;100.0;99.89879679999996;99.89879679999996;99.85292159999997;99.85109119999996;99.85109119999996;99.70218239999991;99.85109119999996;99.85292159999997;99.70218239999991;99.90258559999997;99.71591679999992;99.90962399999995;100.0;100.0;100.0;99.74292159999993;99.74292159999993;99.74292159999993;99.73628639999993;99.71591679999992;99.90258559999997;99.70218239999991;99.70218239999991;99.85109119999996;99.85109119999996;99.85292159999997;99.85109119999996;99.85292159999997;100.0;100.0;100.0;99.90258559999997;100.0;100.0;100.0;99.85109119999996;99.85109119999996;99.85109119999996;99.85109119999996;99.85292159999997;99.85292159999997;99.6143823999999;99.90258559999997;99.6143823999999;99.59401279999989;99.58737759999988;99.57364319999988;99.85109119999996;99.85109119999996;99.71591679999992;99.70218239999991;99.70218239999991;99.85292159999997;99.90258559999997;99.85109119999996;99.85109119999996;99.85292159999997;99.90258559999997;99.90258559999997;99.90258559999997;
6300.175121333342;100.0;99.89879679999996;99.89879679999996;99.85292159999997;99.85109119999996;99.85109119999996;99.70218239999991;99.85109119999996;99.85292159999997;99.70218239999991;99.90258559999997;99.70218239999991;99.90962399999995;100.0;100.0;100.0;99.74292159999993;99.74292159999993;99.74292159999993;99.72255199999992;99.70218239999991;99.90258559999997;99.70218239999991;99.70218239999991;99.85109119999996;99.85109119999996;99.85292159999997;99.85109119999996;99.85292159999997;100.0;100.0;100.0;99.90258559999997;100.0;100.0;100.0;99.85109119999996;99.85109119999996;99.85109119999996;99.85109119999996;99.85292159999997;99.85292159999997;99.6143823999999;99.90258559999997;99.6143823999999;99.59401279999989;99.57364319999988;99.57364319999988;99.85109119999996;99.85109119999996;99.70218239999991;99.70218239999991;99.70218239999991;99.85292159999997;99.90258559999997;99.85109119999996;99.85109119999996;99.85292159999997;99.90258559999997;99.90258559999997;99.90258559999997;
6300.176210666676;100.0;99.89879679999996;99.89879679999996;99.85292159999997;99.85109119999996;99.85109119999996;99.70218239999991;99.85109119999996;99.85292159999997;99.70218239999991;99.90258559999997;99.70218239999991;99.90962399999995;100.0;100.0;100.0;99.74292159999993;99.74292159999993;99.74292159999993;99.72255199999992;99.70218239999991;99.90258559999997;99.70218239999991;99.70218239999991;99.85109119999996;99.85109119999996;99.85292159999997;99.85109119999996;99.85292159999997;100.0;100.0;100.0;99.90258559999997;100.0;100.0;100.0;99.85109119999996;99.85109119999996;99.85109119999996;99.85109119999996;99.85292159999997;99.85292159999997;99.6143823999999;99.90258559999997;99.60774719999989;99.59401279999989;99.57364319999988;99.57364319999988;99.85109119999996;99.85109119999996;99.70218239999991;99.70218239999991;99.70218239999991;99.85292159999997;99.90258559999997;99.85109119999996;99.85109119999996;99.85292159999997;99.90258559999997;99.90258559999997;99.90258559999997;
6300.176210666676;100.0;99.89879679999996;99.89879679999996;99.85292159999997;99.85109119999996;99.85109119999996;99.70218239999991;99.85109119999996;99.85292159999997;99.70218239999991;99.90258559999997;99.70218239999991;99.90962399999995;100.0;100.0;100.0;99.74292159999993;99.74292159999993;99.74292159999993;99.72255199999992;99.70218239999991;99.90258559999997;99.70218239999991;99.70218239999991;99.85109119999996;99.85109119999996;99.85292159999997;99.85109119999996;99.85292159999997;100.0;100.0;100.0;99.90258559999997;100.0;100.0;100.0;99.85109119999996;99.85109119999996;99.85109119999996;99.85109119999996;99.85292159999997;99.85292159999997;99.6143823999999;99.90258559999997;99.59401279999989;99.59401279999989;99.57364319999988;99.57364319999988;99.85109119999996;99.85109119999996;99.70218239999991;99.70218239999991;99.70218239999991;99.85292159999997;99.90258559999997;99.85109119999996;99.85109119999996;99.85292159999997;99.90258559999997;99.90258559999997;99.90258559999997;
6300.200045333342;100.0;99.89879679999996;99.89879679999996;99.85292159999997;99.85109119999996;99.85109119999996;99.70218239999991;99.85109119999996;99.85292159999997;99.70218239999991;99.90258559999997;99.70218239999991;99.90298879999995;100.0;100.0;100.0;99.74292159999993;99.74292159999993;99.73628639999993;99.71591679999992;99.70218239999991;99.90258559999997;99.70218239999991;99.70218239999991;99.85109119999996;99.85109119999996;99.85292159999997;99.85109119999996;99.85292159999997;100.0;100.0;100.0;99.90258559999997;100.0;100.0;100.0;99.85109119999996;99.85109119999996;99.85109119999996;99.85109119999996;99.85292159999997;99.85292159999997;99.6143823999999;99.90258559999997;99.59401279999989;99.58737759999988;99.57364319999988;99.56700799999987;99.85109119999996;99.85109119999996;99.70218239999991;99.70218239999991;99.70218239999991;99.85292159999997;99.90258559999997;99.85109119999996;99.85109119999996;99.85292159999997;99.90258559999997;99.90258559999997;99.90258559999997;
6300.200045333342;100.0;99.89879679999996;99.89879679999996;99.85292159999997;99.85109119999996;99.85109119999996;99.70218239999991;99.85109119999996;99.85292159999997;99.70218239999991;99.90258559999997;99.70218239999991;99.90298879999995;100.0;100.0;100.0;99.74292159999993;99.74292159999993;99.72255199999992;99.70218239999991;99.70218239999991;99.90258559999997;99.70218239999991;99.70218239999991;99.85109119999996;99.85109119999996;99.85292159999997;99.85109119999996;99.85292159999997;100.0;100.0;100.0;99.90258559999997;100.0;100.0;100.0;99.85109119999996;99.85109119999996;99.85109119999996;99.85109119999996;99.85292159999997;99.85292159999997;99.6143823999999;99.90258559999997;99.59401279999989;99.57364319999988;99.57364319999988;99.55327359999987;99.85109119999996;99.85109119999996;99.70218239999991;99.70218239999991;99.70218239999991;99.85292159999997;99.90258559999997;99.85109119999996;99.85109119999996;99.85292159999997;99.90258559999997;99.90258559999997;99.90258559999997;
6300.201134666676;100.0;99.89879679999996;99.89879679999996;99.85292159999997;99.85109119999996;99.85109119999996;99.70218239999991;99.85109119999996;99.85292159999997;99.70218239999991;99.90258559999997;99.70218239999991;99.90298879999995;100.0;100.0;100.0;99.74292159999993;99.74292159999993;99.72255199999992;99.70218239999991;99.70218239999991;99.90258559999997;99.70218239999991;99.70218239999991;99.85109119999996;99.85109119999996;99.85292159999997;99.85109119999996;99.85292159999997;100.0;100.0;100.0;99.90258559999997;100.0;100.0;100.0;99.85109119999996;99.85109119999996;99.85109119999996;99.85109119999996;99.85292159999997;99.85292159999997;99.60774719999989;99.90258559999997;99.59401279999989;99.57364319999988;99.57364319999988;99.55327359999987;99.85109119999996;99.85109119999996;99.70218239999991;99.70218239999991;99.70218239999991;99.85292159999997;99.90258559999997;99.85109119999996;99.85109119999996;99.85292159999997;99.90258559999997;99.90258559999997;99.90258559999997;
6300.201134666676;100.0;99.89879679999996;99.89879679999996;99.85292159999997;99.85109119999996;99.85109119999996;99.70218239999991;99.85109119999996;99.85292159999997;99.70218239999991;99.90258559999997;99.70218239999991;99.90298879999995;100.0;100.0;100.0;99.74292159999993;99.74292159999993;99.72255199999992;99.70218239999991;99.70218239999991;99.90258559999997;99.70218239999991;99.70218239999991;99.85109119999996;99.85109119999996;99.85292159999997;99.85109119999996;99.85292159999997;100.0;100.0;100.0;99.90258559999997;100.0;100.0;100.0;99.85109119999996;99.85109119999996;99.85109119999996;99.85109119999996;99.85292159999997;99.85292159999997;99.59401279999989;99.90258559999997;99.59401279999989;99.57364319999988;99.57364319999988;99.55327359999987;99.85109119999996;99.85109119999996;99.70218239999991;99.70218239999991;99.70218239999991;99.85292159999997;99.90258559999997;99.85109119999996;99.85109119999996;99.85292159999997;99.90258559999997;99.90258559999997;99.90258559999997;
6300.210045333342;100.0;99.89879679999996;99.89879679999996;99.85292159999997;99.85109119999996;99.85109119999996;99.70218239999991;99.85109119999996;99.85292159999997;99.70218239999991;99.90258559999997;99.70218239999991;99.90298879999995;100.0;100.0;100.0;99.74292159999993;99.74292159999993;99.72255199999992;99.70218239999991;99.70218239999991;99.90258559999997;99.70218239999991;99.70218239999991;99.85109119999996;99.85109119999996;99.85292159999997;99.85109119999996;99.85292159999997;100.0;100.0;100.0;99.90258559999997;100.0;100.0;100.0;99.85109119999996;99.85109119999996;99.85109119999996;99.85109119999996;99.85292159999997;99.85292159999997;99.59401279999989;99.90258559999997;99.59401279999989;99.57364319999988;99.57364319999988;99.55327359999987;99.85109119999996;99.85109119999996;99.70218239999991;99.70218239999991;99.70218239999991;99.85292159999997;99.90258559999997;99.85109119999996;99.85109119999996;99.85292159999997;99.90258559999997;99.90258559999997;99.90258559999997;
6300.224969333342;100.0;99.89879679999996;99.89879679999996;99.85292159999997;99.85109119999996;99.85109119999996;99.70218239999991;99.85109119999996;99.85292159999997;99.70218239999991;99.90258559999997;99.70218239999991;99.90298879999995;100.0;100.0;100.0;99.74292159999993;99.73628639999993;99.71591679999992;99.70218239999991;99.70218239999991;99.90258559999997;99.70218239999991;99.70218239999991;99.85109119999996;99.85109119999996;99.85292159999997;99.85109119999996;99.85292159999997;100.0;100.0;100.0;99.90258559999997;100.0;100.0;100.0;99.85109119999996;99.85109119999996;99.85109119999996;99.85109119999996;99.85292159999997;99.85292159999997;99.59401279999989;99.90258559999997;99.58737759999988;99.57364319999988;99.56700799999987;99.55327359999987;99.85109119999996;99.85109119999996;99.70218239999991;99.70218239999991;99.70218239999991;99.85292159999997;99.90258559999997;99.85109119999996;99.85109119999996;99.85292159999997;99.90258559999997;99.90258559999997;99.90258559999997;
6300.224969333342;100.0;99.89879679999996;99.89879679999996;99.85292159999997;99.85109119999996;99.85109119999996;99.70218239999991;99.85109119999996;99.85292159999997;99.70218239999991;99.90258559999997;99.70218239999991;99.90298879999995;100.0;100.0;100.0;99.74292159999993;99.72255199999992;99.70218239999991;99.70218239999991;99.70218239999991;99.90258559999997;99.70218239999991;99.70218239999991;99.85109119999996;99.85109119999996;99.85292159999997;99.85109119999996;99.85292159999997;100.0;100.0;100.0;99.90258559999997;100.0;100.0;100.0;99.85109119999996;99.85109119999996;99.85109119999996;99.85109119999996;99.85292159999997;99.85292159999997;99.59401279999989;99.90258559999997;99.57364319999988;99.57364319999988;99.55327359999987;99.55327359999987;99.85109119999996;99.85109119999996;99.70218239999991;99.70218239999991;99.70218239999991;99.85292159999997;99.90258559999997;99.85109119999996;99.85109119999996;99.85292159999997;99.90258559999997;99.90258559999997;99.90258559999997;
6300.226058666676;100.0;99.89879679999996;99.89879679999996;99.85292159999997;99.85109119999996;99.85109119999996;99.70218239999991;99.85109119999996;99.85292159999997;99.70218239999991;99.90258559999997;99.70218239999991;99.90298879999995;100.0;100.0;100.0;99.74292159999993;99.72255199999992;99.70218239999991;99.70218239999991;99.70218239999991;99.90258559999997;99.70218239999991;99.70218239999991;99.85109119999996;99.85109119999996;99.85292159999997;99.85109119999996;99.85292159999997;100.0;100.0;100.0;99.90258559999997;100.0;100.0;100.0;99.85109119999996;99.85109119999996;99.85109119999996;99.85109119999996;99.85292159999997;99.85292159999997;99.59401279999989;99.90258559999997;99.57364319999988;99.57364319999988;99.55327359999987;99.55327359999987;99.85109119999996;99.85109119999996;99.70218239999991;99.70218239999991;99.70218239999991;99.85292159999997;99.90258559999997;99.85109119999996;99.85109119999996;99.85292159999997;99.90258559999997;99.90258559999997;99.90258559999997;
6300.249893333343;100.0;99.89879679999996;99.89879679999996;99.85292159999997;99.85109119999996;99.85109119999996;99.70218239999991;99.85109119999996;99.85292159999997;99.70218239999991;99.90258559999997;99.70218239999991;99.90298879999995;100.0;100.0;100.0;99.73628639999993;99.71591679999992;99.70218239999991;99.70218239999991;99.70218239999991;99.90258559999997;99.70218239999991;99.70218239999991;99.85109119999996;99.85109119999996;99.85292159999997;99.85109119999996;99.85292159999997;100.0;100.0;100.0;99.90258559999997;100.0;100.0;100.0;99.85109119999996;99.85109119999996;99.85109119999996;99.85109119999996;99.85292159999997;99.85292159999997;99.58737759999988;99.90258559999997;99.57364319999988;99.56700799999987;99.55327359999987;99.55327359999987;99.85109119999996;99.85109119999996;99.70218239999991;99.70218239999991;99.70218239999991;99.85292159999997;99.90258559999997;99.85109119999996;99.85109119999996;99.85292159999997;99.90258559999997;99.90258559999997;99.90258559999997;
6300.249893333343;100.0;99.89879679999996;99.89879679999996;99.85292159999997;99.85109119999996;99.85109119999996;99.70218239999991;99.85109119999996;99.85292159999997;99.70218239999991;99.90258559999997;99.70218239999991;99.90298879999995;100.0;100.0;100.0;99.72255199999992;99.70218239999991;99.70218239999991;99.70218239999991;99.70218239999991;99.90258559999997;99.70218239999991;99.70218239999991;99.85109119999996;99.85109119999996;99.85292159999997;99.85109119999996;99.85292159999997;100.0;100.0;100.0;99.90258559999997;100.0;100.0;100.0;99.85109119999996;99.85109119999996;99.85109119999996;99.85109119999996;99.85292159999997;99.85292159999997;99.57364319999988;99.90258559999997;99.57364319999988;99.55327359999987;99.55327359999987;99.55327359999987;99.85109119999996;99.85109119999996;99.70218239999991;99.70218239999991;99.70218239999991;99.85292159999997;99.90258559999997;99.85109119999996;99.85109119999996;99.85292159999997;99.90258559999997;99.90258559999997;99.90258559999997;
6300.274817333343;100.0;99.89879679999996;99.89879679999996;99.85292159999997;99.85109119999996;99.85109119999996;99.70218239999991;99.85109119999996;99.85292159999997;99.70218239999991;99.90258559999997;99.70218239999991;99.90298879999995;100.0;100.0;100.0;99.71591679999992;99.70218239999991;99.70218239999991;99.70218239999991;99.70218239999991;99.90258559999997;99.70218239999991;99.70218239999991;99.85109119999996;99.85109119999996;99.85292159999997;99.85109119999996;99.85292159999997;100.0;100.0;100.0;99.90258559999997;100.0;100.0;100.0;99.85109119999996;99.85109119999996;99.85109119999996;99.85109119999996;99.85292159999997;99.85292159999997;99.57364319999988;99.90258559999997;99.56700799999987;99.55327359999987;99.55327359999987;99.55327359999987;99.85109119999996;99.85109119999996;99.70218239999991;99.70218239999991;99.70218239999991;99.85292159999997;99.90258559999997;99.85109119999996;99.85109119999996;99.85292159999997;99.90258559999997;99.90258559999997;99.90258559999997;
6300.274817333343;100.0;99.89879679999996;99.89879679999996;99.85292159999997;99.85109119999996;99.85109119999996;99.70218239999991;99.85109119999996;99.85292159999997;99.70218239999991;99.90258559999997;99.70218239999991;99.90298879999995;100.0;100.0;100.0;99.70218239999991;99.70218239999991;99.70218239999991;99.70218239999991;99.70218239999991;99.90258559999997;99.70218239999991;99.70218239999991;99.85109119999996;99.85109119999996;99.85292159999997;99.85109119999996;99.85292159999997;100.0;100.0;100.0;99.90258559999997;100.0;100.0;100.0;99.85109119999996;99.85109119999996;99.85109119999996;99.85109119999996;99.85292159999997;99.85292159999997;99.57364319999988;99.90258559999997;99.55327359999987;99.55327359999987;99.55327359999987;99.55327359999987;99.85109119999996;99.85109119999996;99.70218239999991;99.70218239999991;99.70218239999991;99.85292159999997;99.90258559999997;99.85109119999996;99.85109119999996;99.85292159999997;99.90258559999997;99.90258559999997;99.90258559999997;
6300.299741333343;100.0;99.89879679999996;99.89879679999996;99.85292159999997;99.85109119999996;99.85109119999996;99.70218239999991;99.85109119999996;99.85292159999997;99.70218239999991;99.90258559999997;99.70218239999991;99.90298879999995;100.0;100.0;100.0;99.70218239999991;99.70218239999991;99.70218239999991;99.70218239999991;99.70218239999991;99.90258559999997;99.70218239999991;99.70218239999991;99.85109119999996;99.85109119999996;99.85292159999997;99.85109119999996;99.85292159999997;100.0;100.0;100.0;99.90258559999997;100.0;100.0;100.0;99.85109119999996;99.85109119999996;99.85109119999996;99.85109119999996;99.85292159999997;99.85292159999997;99.56700799999987;99.90258559999997;99.55327359999987;99.55327359999987;99.55327359999987;99.55327359999987;99.85109119999996;99.85109119999996;99.70218239999991;99.70218239999991;99.70218239999991;99.85292159999997;99.90258559999997;99.85109119999996;99.85109119999996;99.85292159999997;99.90258559999997;99.90258559999997;99.90258559999997;
6300.299741333343;100.0;99.89879679999996;99.89879679999996;99.85292159999997;99.85109119999996;99.85109119999996;99.70218239999991;99.85109119999996;99.85292159999997;99.70218239999991;99.90258559999997;99.70218239999991;99.90298879999995;100.0;100.0;100.0;99.70218239999991;99.70218239999991;99.70218239999991;99.70218239999991;99.70218239999991;99.90258559999997;99.70218239999991;99.70218239999991;99.85109119999996;99.85109119999996;99.85292159999997;99.85109119999996;99.85292159999997;100.0;100.0;100.0;99.90258559999997;100.0;100.0;100.0;99.85109119999996;99.85109119999996;99.85109119999996;99.85109119999996;99.85292159999997;99.85292159999997;99.55327359999987;99.90258559999997;99.55327359999987;99.55327359999987;99.55327359999987;99.55327359999987;99.85109119999996;99.85109119999996;99.70218239999991;99.70218239999991;99.70218239999991;99.85292159999997;99.90258559999997;99.85109119999996;99.85109119999996;99.85292159999997;99.90258559999997;99.90258559999997;99.90258559999997;
6300.324665333344;100.0;99.89879679999996;99.89879679999996;99.85292159999997;99.85109119999996;99.85109119999996;99.70218239999991;99.85109119999996;99.85292159999997;99.70218239999991;99.90258559999997;99.70218239999991;99.90298879999995;100.0;100.0;100.0;99.70218239999991;99.70218239999991;99.70218239999991;99.70218239999991;99.70218239999991;99.90258559999997;99.70218239999991;99.70218239999991;99.85109119999996;99.85109119999996;99.85292159999997;99.85109119999996;99.85292159999997;100.0;100.0;100.0;99.90258559999997;100.0;100.0;100.0;99.85109119999996;99.85109119999996;99.85109119999996;99.85109119999996;99.85292159999997;99.85292159999997;99.55327359999987;99.90258559999997;99.55327359999987;99.55327359999987;99.55327359999987;99.55327359999987;99.85109119999996;99.85109119999996;99.70218239999991;99.70218239999991;99.70218239999991;99.85292159999997;99.90258559999997;99.85109119999996;99.85109119999996;99.85292159999997;99.90258559999997;99.90258559999997;99.90258559999997;
6600.00000000001;100.0;99.89879679999996;99.89879679999996;99.85292159999997;99.85109119999996;99.85109119999996;99.70218239999991;99.85109119999996;99.85292159999997;99.70218239999991;99.90258559999997;99.70218239999991;99.90298879999995;100.0;100.0;100.0;99.70218239999991;99.70218239999991;99.70218239999991;99.70218239999991;99.70218239999991;99.90258559999997;99.70218239999991;99.70218239999991;99.85109119999996;99.85109119999996;99.85292159999997;99.85109119999996;99.85292159999997;100.0;100.0;100.0;99.90258559999997;100.0;100.0;100.0;99.85109119999996;99.85109119999996;99.85109119999996;99.85109119999996;99.85292159999997;99.85292159999997;99.55327359999987;99.90258559999997;99.55327359999987;99.55327359999987;99.55327359999987;99.55327359999987;99.85109119999996;99.85109119999996;99.70218239999991;99.70218239999991;99.70218239999991;99.85292159999997;99.90258559999997;99.85109119999996;99.85109119999996;99.85292159999997;99.90258559999997;99.90258559999997;99.90258559999997;
7200.00000000001;100.0;99.89879679999996;99.89879679999996;99.85292159999997;99.85109119999996;99.85109119999996;99.70218239999991;99.85109119999996;99.85292159999997;99.70218239999991;99.90258559999997;99.70218239999991;99.90298879999995;100.0;100.0;100.0;99.70218239999991;99.70218239999991;99.70218239999991;99.70218239999991;99.70218239999991;99.90258559999997;99.70218239999991;99.70218239999991;99.85109119999996;99.85109119999996;99.85292159999997;99.85109119999996;99.85292159999997;100.0;100.0;100.0;99.90258559999997;100.0;100.0;100.0;99.85109119999996;99.85109119999996;99.85109119999996;99.85109119999996;99.85292159999997;99.85292159999997;99.55327359999987;99.90258559999997;99.55327359999987;99.55327359999987;99.55327359999987;99.55327359999987;99.85109119999996;99.85109119999996;99.70218239999991;99.70218239999991;99.70218239999991;99.85292159999997;99.90258559999997;99.85109119999996;99.85109119999996;99.85292159999997;99.90258559999997;99.90258559999997;99.90258559999997;
7200.026666666678;100.0;99.89869679999995;99.89869679999995;99.85292159999997;99.85109119999996;99.85109119999996;99.70218239999991;99.85109119999996;99.85292159999997;99.70218239999991;99.90248559999996;99.70218239999991;99.90298879999995;100.0;100.0;100.0;99.70218239999991;99.70218239999991;99.70218239999991;99.70218239999991;99.70218239999991;99.90248559999996;99.70218239999991;99.70218239999991;99.85109119999996;99.85109119999996;99.85292159999997;99.85109119999996;99.85292159999997;100.0;100.0;100.0;99.90248559999996;100.0;100.0;100.0;99.85109119999996;99.85109119999996;99.85109119999996;99.85109119999996;99.85292159999997;99.85292159999997;99.55327359999987;99.90248559999996;99.55327359999987;99.55327359999987;99.55327359999987;99.55327359999987;99.85109119999996;99.85109119999996;99.70218239999991;99.70218239999991;99.70218239999991;99.85292159999997;99.90248559999996;99.85109119999996;99.85109119999996;99.85292159999997;99.90248559999996;99.90248559999996;99.90248559999996;
7200.026666666678;100.0;99.89869679999995;99.89869679999995;99.85292159999997;99.85109119999996;99.85109119999996;99.70218239999991;99.85109119999996;99.85292159999997;99.70218239999991;99.88969839999996;99.70218239999991;99.90298879999995;100.0;100.0;100.0;99.70218239999991;99.70218239999991;99.70218239999991;99.70218239999991;99.70218239999991;99.88969839999996;99.70218239999991;99.70218239999991;99.85109119999996;99.85109119999996;99.85292159999997;99.85109119999996;99.85292159999997;100.0;100.0;100.0;99.88969839999996;100.0;100.0;100.0;99.85109119999996;99.85109119999996;99.85109119999996;99.85109119999996;99.85292159999997;99.85292159999997;99.55327359999987;99.88969839999996;99.55327359999987;99.55327359999987;99.55327359999987;99.55327359999987;99.85109119999996;99.85109119999996;99.70218239999991;99.70218239999991;99.70218239999991;99.85292159999997;99.88969839999996;99.85109119999996;99.85109119999996;99.85292159999997;99.88969839999996;99.88969839999996;99.88969839999996;
7200.026666666678;100.0;99.88543599999996;99.88543599999996;99.85292159999997;99.85109119999996;99.85109119999996;99.70218239999991;99.85109119999996;99.85292159999997;99.70218239999991;99.88969839999996;99.70218239999991;99.90298879999995;100.0;100.0;100.0;99.70218239999991;99.70218239999991;99.70218239999991;99.70218239999991;99.70218239999991;99.88969839999996;99.70218239999991;99.70218239999991;99.85109119999996;99.85109119999996;99.85292159999997;99.85109119999996;99.85292159999997;100.0;100.0;100.0;99.88969839999996;100.0;100.0;100.0;99.85109119999996;99.85109119999996;99.85109119999996;99.85109119999996;99.85292159999997;99.85292159999997;99.55327359999987;99.88969839999996;99.55327359999987;99.55327359999987;99.55327359999987;99.55327359999987;99.85109119999996;99.85109119999996;99.70218239999991;99.70218239999991;99.70218239999991;99.85292159999997;99.88969839999996;99.85109119999996;99.85109119999996;99.85292159999997;99.88969839999996;99.88969839999996;99.88969839999996;
7200.049412000011;100.0;99.88543599999996;99.88543599999996;99.84674399999997;99.85109119999996;99.85109119999996;99.70218239999991;99.85109119999996;99.84674399999997;99.70218239999991;99.88969839999996;99.70218239999991;99.90298879999995;100.0;100.0;100.0;99.70218239999991;99.70218239999991;99.70218239999991;99.70218239999991;99.70218239999991;99.88969839999996;99.70218239999991;99.70218239999991;99.85109119999996;99.85109119999996;99.84674399999997;99.85109119999996;99.84674399999997;100.0;100.0;100.0;99.88969839999996;100.0;100.0;100.0;99.85109119999996;99.85109119999996;99.85109119999996;99.85109119999996;99.84674399999997;99.84674399999997;99.55327359999987;99.88969839999996;99.55327359999987;99.55327359999987;99.55327359999987;99.55327359999987;99.85109119999996;99.85109119999996;99.70218239999991;99.70218239999991;99.70218239999991;99.84674399999997;99.88969839999996;99.85109119999996;99.85109119999996;99.84674399999997;99.88969839999996;99.88969839999996;99.88969839999996;
7200.049412000011;100.0;99.88543599999996;99.88543599999996;99.83348319999997;99.85109119999996;99.85109119999996;99.70218239999991;99.85109119999996;99.83348319999997;99.70218239999991;99.88969839999996;99.70218239999991;99.90298879999995;100.0;100.0;100.0;99.70218239999991;99.70218239999991;99.70218239999991;99.70218239999991;99.70218239999991;99.88969839999996;99.70218239999991;99.70218239999991;99.85109119999996;99.85109119999996;99.83348319999997;99.85109119999996;99.83348319999997;100.0;100.0;100.0;99.88969839999996;100.0;100.0;100.0;99.85109119999996;99.85109119999996;99.85109119999996;99.85109119999996;99.83348319999997;99.83348319999997;99.55327359999987;99.88969839999996;99.55327359999987;99.55327359999987;99.55327359999987;99.55327359999987;99.85109119999996;99.85109119999996;99.70218239999991;99.70218239999991;99.70218239999991;99.83348319999997;99.88969839999996;99.85109119999996;99.85109119999996;99.83348319999997;99.88969839999996;99.88969839999996;99.88969839999996;
7200.050501333345;100.0;99.88543599999996;99.88543599999996;99.83348319999997;99.85109119999996;99.85109119999996;99.70218239999991;99.85109119999996;99.83348319999997;99.70218239999991;99.88969839999996;99.70218239999991;99.90298879999995;100.0;100.0;100.0;99.70218239999991;99.70218239999991;99.70218239999991;99.70218239999991;99.70218239999991;99.88969839999996;99.70218239999991;99.70218239999991;99.85109119999996;99.85109119999996;99.83348319999997;99.85109119999996;99.83348319999997;100.0;100.0;100.0;99.88969839999996;100.0;100.0;100.0;99.85109119999996;99.84468479999995;99.85109119999996;99.85109119999996;99.83348319999997;99.83348319999997;99.55327359999987;99.88969839999996;99.55327359999987;99.55327359999987;99.55327359999987;99.55327359999987;99.85109119999996;99.84468479999995;99.70218239999991;99.70218239999991;99.70218239999991;99.83348319999997;99.88969839999996;99.85109119999996;99.85109119999996;99.83348319999997;99.88969839999996;99.88969839999996;99.88969839999996;
7200.050501333345;100.0;99.88543599999996;99.88543599999996;99.83348319999997;99.85109119999996;99.85109119999996;99.70218239999991;99.85109119999996;99.83348319999997;99.70218239999991;99.88969839999996;99.70218239999991;99.90298879999995;100.0;100.0;100.0;99.70218239999991;99.70218239999991;99.70218239999991;99.70218239999991;99.70218239999991;99.88969839999996;99.70218239999991;99.70218239999991;99.85109119999996;99.85109119999996;99.83348319999997;99.85109119999996;99.83348319999997;100.0;100.0;100.0;99.88969839999996;100.0;100.0;100.0;99.85109119999996;99.83142399999996;99.85109119999996;99.85109119999996;99.83348319999997;99.83348319999997;99.55327359999987;99.88969839999996;99.55327359999987;99.55327359999987;99.55327359999987;99.55327359999987;99.85109119999996;99.83142399999996;99.70218239999991;99.70218239999991;99.70218239999991;99.83348319999997;99.88969839999996;99.85109119999996;99.85109119999996;99.83348319999997;99.88969839999996;99.88969839999996;99.88969839999996;
7200.059412000011;100.0;99.88543599999996;99.88543599999996;99.83348319999997;99.85109119999996;99.85109119999996;99.70218239999991;99.85109119999996;99.83348319999997;99.70218239999991;99.88969839999996;99.70218239999991;99.90298879999995;100.0;100.0;100.0;99.70218239999991;99.70218239999991;99.70218239999991;99.70218239999991;99.70218239999991;99.88969839999996;99.70218239999991;99.70218239999991;99.85109119999996;99.85109119999996;99.83348319999997;99.85109119999996;99.83348319999997;100.0;100.0;100.0;99.88969839999996;100.0;100.0;100.0;99.85109119999996;99.83142399999996;99.85109119999996;99.85109119999996;99.83348319999997;99.83348319999997;99.55327359999987;99.88969839999996;99.55327359999987;99.55327359999987;99.55327359999987;99.55327359999987;99.85109119999996;99.83142399999996;99.70218239999991;99.70218239999991;99.70218239999991;99.83348319999997;99.88969839999996;99.85109119999996;99.85109119999996;99.83348319999997;99.88969839999996;99.88969839999996;99.88969839999996;
7200.073246666678;100.0;99.88543599999996;99.88543599999996;99.83348319999997;99.84468479999995;99.85109119999996;99.70218239999991;99.84468479999995;99.83348319999997;99.70218239999991;99.88969839999996;99.70218239999991;99.90298879999995;100.0;100.0;100.0;99.70218239999991;99.70218239999991;99.70218239999991;99.70218239999991;99.70218239999991;99.88969839999996;99.70218239999991;99.70218239999991;99.85109119999996;99.84468479999995;99.83348319999997;99.84468479999995;99.83348319999997;100.0;100.0;100.0;99.88969839999996;100.0;100.0;100.0;99.85109119999996;99.83142399999996;99.85109119999996;99.84468479999995;99.83348319999997;99.83348319999997;99.55327359999987;99.88969839999996;99.55327359999987;99.55327359999987;99.55327359999987;99.55327359999987;99.85109119999996;99.83142399999996;99.70218239999991;99.70218239999991;99.69577599999991;99.83348319999997;99.88969839999996;99.85109119999996;99.84468479999995;99.83348319999997;99.88969839999996;99.88969839999996;99.88969839999996;
7200.073246666678;100.0;99.88543599999996;99.88543599999996;99.83348319999997;99.83142399999996;99.85109119999996;99.70218239999991;99.83142399999996;99.83348319999997;99.70218239999991;99.88969839999996;99.70218239999991;99.90298879999995;100.0;100.0;100.0;99.70218239999991;99.70218239999991;99.70218239999991;99.70218239999991;99.70218239999991;99.88969839999996;99.70218239999991;99.70218239999991;99.85109119999996;99.83142399999996;99.83348319999997;99.83142399999996;99.83348319999997;100.0;100.0;100.0;99.88969839999996;100.0;100.0;100.0;99.85109119999996;99.83142399999996;99.85109119999996;99.83142399999996;99.83348319999997;99.83348319999997;99.55327359999987;99.88969839999996;99.55327359999987;99.55327359999987;99.55327359999987;99.55327359999987;99.85109119999996;99.83142399999996;99.70218239999991;99.70218239999991;99.68251519999991;99.83348319999997;99.88969839999996;99.85109119999996;99.83142399999996;99.83348319999997;99.88969839999996;99.88969839999996;99.88969839999996;
7200.0743360000115;100.0;99.88543599999996;99.88543599999996;99.83348319999997;99.83142399999996;99.85109119999996;99.70218239999991;99.83142399999996;99.83348319999997;99.70218239999991;99.88969839999996;99.70218239999991;99.90298879999995;100.0;100.0;100.0;99.70218239999991;99.70218239999991;99.70218239999991;99.70218239999991;99.70218239999991;99.88969839999996;99.70218239999991;99.70218239999991;99.85109119999996;99.83142399999996;99.83348319999997;99.83142399999996;99.83348319999997;100.0;100.0;100.0;99.88969839999996;100.0;100.0;100.0;99.84468479999995;99.83142399999996;99.85109119999996;99.83142399999996;99.83348319999997;99.83348319999997;99.55327359999987;99.88969839999996;99.55327359999987;99.55327359999987;99.55327359999987;99.55327359999987;99.84468479999995;99.83142399999996;99.70218239999991;99.70218239999991;99.68251519999991;99.83348319999997;99.88969839999996;99.85109119999996;99.83142399999996;99.83348319999997;99.88969839999996;99.88969839999996;99.88969839999996;
7200.0743360000115;100.0;99.88543599999996;99.88543599999996;99.83348319999997;99.83142399999996;99.85109119999996;99.70218239999991;99.83142399999996;99.83348319999997;99.70218239999991;99.88969839999996;99.70218239999991;99.90298879999995;100.0;100.0;100.0;99.70218239999991;99.70218239999991;99.70218239999991;99.70218239999991;99.70218239999991;99.88969839999996;99.70218239999991;99.70218239999991;99.85109119999996;99.83142399999996;99.83348319999997;99.83142399999996;99.83348319999997;100.0;100.0;100.0;99.88969839999996;100.0;100.0;100.0;99.83142399999996;99.83142399999996;99.85109119999996;99.83142399999996;99.83348319999997;99.83348319999997;99.55327359999987;99.88969839999996;99.55327359999987;99.55327359999987;99.55327359999987;99.55327359999987;99.83142399999996;99.83142399999996;99.70218239999991;99.70218239999991;99.68251519999991;99.83348319999997;99.88969839999996;99.85109119999996;99.83142399999996;99.83348319999997;99.88969839999996;99.88969839999996;99.88969839999996;
7200.084336000012;100.0;99.88543599999996;99.88543599999996;99.83348319999997;99.83142399999996;99.85109119999996;99.70218239999991;99.83142399999996;99.83348319999997;99.70218239999991;99.88969839999996;99.70218239999991;99.90298879999995;100.0;100.0;100.0;99.70218239999991;99.70218239999991;99.70218239999991;99.70218239999991;99.70218239999991;99.88969839999996;99.70218239999991;99.70218239999991;99.85109119999996;99.83142399999996;99.83348319999997;99.83142399999996;99.83348319999997;100.0;100.0;100.0;99.88969839999996;100.0;100.0;100.0;99.83142399999996;99.83142399999996;99.85109119999996;99.83142399999996;99.83348319999997;99.83348319999997;99.55327359999987;99.88969839999996;99.55327359999987;99.55327359999987;99.55327359999987;99.55327359999987;99.83142399999996;99.83142399999996;99.70218239999991;99.70218239999991;99.68251519999991;99.83348319999997;99.88969839999996;99.85109119999996;99.83142399999996;99.83348319999997;99.88969839999996;99.88969839999996;99.88969839999996;
7200.097081333345;100.0;99.88543599999996;99.88543599999996;99.83348319999997;99.83142399999996;99.84468479999995;99.69577599999991;99.83142399999996;99.83348319999997;99.70218239999991;99.88969839999996;99.70218239999991;99.90298879999995;100.0;100.0;100.0;99.70218239999991;99.70218239999991;99.70218239999991;99.70218239999991;99.70218239999991;99.88969839999996;99.70218239999991;99.69577599999991;99.84468479999995;99.83142399999996;99.83348319999997;99.83142399999996;99.83348319999997;100.0;100.0;100.0;99.88969839999996;100.0;100.0;100.0;99.83142399999996;99.83142399999996;99.84468479999995;99.83142399999996;99.83348319999997;99.83348319999997;99.55327359999987;99.88969839999996;99.55327359999987;99.55327359999987;99.55327359999987;99.55327359999987;99.83142399999996;99.83142399999996;99.70218239999991;99.69577599999991;99.68251519999991;99.83348319999997;99.88969839999996;99.84468479999995;99.83142399999996;99.83348319999997;99.88969839999996;99.88969839999996;99.88969839999996;
7200.097081333345;100.0;99.88543599999996;99.88543599999996;99.83348319999997;99.83142399999996;99.83142399999996;99.68251519999991;99.83142399999996;99.83348319999997;99.70218239999991;99.88969839999996;99.70218239999991;99.90298879999995;100.0;100.0;100.0;99.70218239999991;99.70218239999991;99.70218239999991;99.70218239999991;99.70218239999991;99.88969839999996;99.70218239999991;99.68251519999991;99.83142399999996;99.83142399999996;99.83348319999997;99.83142399999996;99.83348319999997;100.0;100.0;100.0;99.88969839999996;100.0;100.0;100.0;99.83142399999996;99.83142399999996;99.83142399999996;99.83142399999996;99.83348319999997;99.83348319999997;99.55327359999987;99.88969839999996;99.55327359999987;99.55327359999987;99.55327359999987;99.55327359999987;99.83142399999996;99.83142399999996;99.70218239999991;99.68251519999991;99.68251519999991;99.83348319999997;99.88969839999996;99.83142399999996;99.83142399999996;99.83348319999997;99.88969839999996;99.88969839999996;99.88969839999996;
7200.098170666679;100.0;99.88543599999996;99.88543599999996;99.83348319999997;99.83142399999996;99.83142399999996;99.68251519999991;99.83142399999996;99.83348319999997;99.70218239999991;99.88969839999996;99.70218239999991;99.90298879999995;100.0;100.0;100.0;99.70218239999991;99.70218239999991;99.70218239999991;99.70218239999991;99.70218239999991;99.88969839999996;99.70218239999991;99.68251519999991;99.83142399999996;99.83142399999996;99.83348319999997;99.83142399999996;99.83348319999997;100.0;100.0;100.0;99.88969839999996;100.0;100.0;100.0;99.83142399999996;99.83142399999996;99.83142399999996;99.83142399999996;99.83348319999997;99.83348319999997;99.55327359999987;99.88969839999996;99.55327359999987;99.55327359999987;99.55327359999987;99.54686719999987;99.83142399999996;99.83142399999996;99.70218239999991;99.68251519999991;99.68251519999991;99.83348319999997;99.88969839999996;99.83142399999996;99.83142399999996;99.83348319999997;99.88969839999996;99.88969839999996;99.88969839999996;
7200.098170666679;100.0;99.88543599999996;99.88543599999996;99.83348319999997;99.83142399999996;99.83142399999996;99.68251519999991;99.83142399999996;99.83348319999997;99.70218239999991;99.88969839999996;99.70218239999991;99.90298879999995;100.0;100.0;100.0;99.70218239999991;99.70218239999991;99.70218239999991;99.70218239999991;99.70218239999991;99.88969839999996;99.70218239999991;99.68251519999991;99.83142399999996;99.83142399999996;99.83348319999997;99.83142399999996;99.83348319999997;100.0;100.0;100.0;99.88969839999996;100.0;100.0;100.0;99.83142399999996;99.83142399999996;99.83142399999996;99.83142399999996;99.83348319999997;99.83348319999997;99.55327359999987;99.88969839999996;99.55327359999987;99.55327359999987;99.55327359999987;99.53360639999987;99.83142399999996;99.83142399999996;99.70218239999991;99.68251519999991;99.68251519999991;99.83348319999997;99.88969839999996;99.83142399999996;99.83142399999996;99.83348319999997;99.88969839999996;99.88969839999996;99.88969839999996;
7200.107081333345;100.0;99.88543599999996;99.88543599999996;99.83348319999997;99.83142399999996;99.83142399999996;99.68251519999991;99.83142399999996;99.83348319999997;99.70218239999991;99.88969839999996;99.70218239999991;99.90298879999995;100.0;100.0;100.0;99.70218239999991;99.70218239999991;99.70218239999991;99.70218239999991;99.70218239999991;99.88969839999996;99.70218239999991;99.68251519999991;99.83142399999996;99.83142399999996;99.83348319999997;99.83142399999996;99.83348319999997;100.0;100.0;100.0;99.88969839999996;100.0;100.0;100.0;99.83142399999996;99.83142399999996;99.83142399999996;99.83142399999996;99.83348319999997;99.83348319999997;99.55327359999987;99.88969839999996;99.55327359999987;99.55327359999987;99.55327359999987;99.53360639999987;99.83142399999996;99.83142399999996;99.70218239999991;99.68251519999991;99.68251519999991;99.83348319999997;99.88969839999996;99.83142399999996;99.83142399999996;99.83348319999997;99.88969839999996;99.88969839999996;99.88969839999996;
7200.108170666679;100.0;99.88543599999996;99.88543599999996;99.83348319999997;99.83142399999996;99.83142399999996;99.68251519999991;99.83142399999996;99.83348319999997;99.70218239999991;99.88969839999996;99.70218239999991;99.90298879999995;100.0;100.0;100.0;99.70218239999991;99.70218239999991;99.70218239999991;99.70218239999991;99.70218239999991;99.88969839999996;99.70218239999991;99.68251519999991;99.83142399999996;99.83142399999996;99.83348319999997;99.83142399999996;99.83348319999997;100.0;100.0;100.0;99.88969839999996;100.0;100.0;100.0;99.83142399999996;99.83142399999996;99.83142399999996;99.83142399999996;99.83348319999997;99.83348319999997;99.55327359999987;99.88969839999996;99.55327359999987;99.55327359999987;99.55327359999987;99.53360639999987;99.83142399999996;99.83142399999996;99.70218239999991;99.68251519999991;99.68251519999991;99.83348319999997;99.88969839999996;99.83142399999996;99.83142399999996;99.83348319999997;99.88969839999996;99.88969839999996;99.88969839999996;
7200.120916000013;100.0;99.88543599999996;99.88543599999996;99.83348319999997;99.83142399999996;99.83142399999996;99.67610879999991;99.83142399999996;99.83348319999997;99.69577599999991;99.88969839999996;99.70218239999991;99.90298879999995;100.0;100.0;100.0;99.70218239999991;99.70218239999991;99.70218239999991;99.70218239999991;99.70218239999991;99.88969839999996;99.69577599999991;99.67610879999991;99.83142399999996;99.83142399999996;99.83348319999997;99.83142399999996;99.83348319999997;100.0;100.0;100.0;99.88969839999996;100.0;100.0;100.0;99.83142399999996;99.83142399999996;99.83142399999996;99.83142399999996;99.83348319999997;99.83348319999997;99.55327359999987;99.88969839999996;99.55327359999987;99.55327359999987;99.55327359999987;99.53360639999987;99.83142399999996;99.83142399999996;99.69577599999991;99.68251519999991;99.67610879999991;99.83348319999997;99.88969839999996;99.83142399999996;99.83142399999996;99.83348319999997;99.88969839999996;99.88969839999996;99.88969839999996;
7200.120916000013;100.0;99.88543599999996;99.88543599999996;99.83348319999997;99.83142399999996;99.83142399999996;99.66284799999991;99.83142399999996;99.83348319999997;99.68251519999991;99.88969839999996;99.70218239999991;99.90298879999995;100.0;100.0;100.0;99.70218239999991;99.70218239999991;99.70218239999991;99.70218239999991;99.70218239999991;99.88969839999996;99.68251519999991;99.66284799999991;99.83142399999996;99.83142399999996;99.83348319999997;99.83142399999996;99.83348319999997;100.0;100.0;100.0;99.88969839999996;100.0;100.0;100.0;99.83142399999996;99.83142399999996;99.83142399999996;99.83142399999996;99.83348319999997;99.83348319999997;99.55327359999987;99.88969839999996;99.55327359999987;99.55327359999987;99.55327359999987;99.53360639999987;99.83142399999996;99.83142399999996;99.68251519999991;99.68251519999991;99.66284799999991;99.83348319999997;99.88969839999996;99.83142399999996;99.83142399999996;99.83348319999997;99.88969839999996;99.88969839999996;99.88969839999996;
7200.122005333346;100.0;99.88543599999996;99.88543599999996;99.83348319999997;99.83142399999996;99.83142399999996;99.66284799999991;99.83142399999996;99.83348319999997;99.68251519999991;99.88969839999996;99.70218239999991;99.90298879999995;100.0;100.0;100.0;99.70218239999991;99.70218239999991;99.70218239999991;99.70218239999991;99.70218239999991;99.88969839999996;99.68251519999991;99.66284799999991;99.83142399999996;99.83142399999996;99.83348319999997;99.83142399999996;99.83348319999997;100.0;100.0;100.0;99.88969839999996;100.0;100.0;100.0;99.83142399999996;99.83142399999996;99.83142399999996;99.83142399999996;99.83348319999997;99.83348319999997;99.55327359999987;99.88969839999996;99.55327359999987;99.55327359999987;99.54686719999987;99.53360639999987;99.83142399999996;99.83142399999996;99.68251519999991;99.68251519999991;99.66284799999991;99.83348319999997;99.88969839999996;99.83142399999996;99.83142399999996;99.83348319999997;99.88969839999996;99.88969839999996;99.88969839999996;
7200.122005333346;100.0;99.88543599999996;99.88543599999996;99.83348319999997;99.83142399999996;99.83142399999996;99.66284799999991;99.83142399999996;99.83348319999997;99.68251519999991;99.88969839999996;99.70218239999991;99.90298879999995;100.0;100.0;100.0;99.70218239999991;99.70218239999991;99.70218239999991;99.70218239999991;99.70218239999991;99.88969839999996;99.68251519999991;99.66284799999991;99.83142399999996;99.83142399999996;99.83348319999997;99.83142399999996;99.83348319999997;100.0;100.0;100.0;99.88969839999996;100.0;100.0;100.0;99.83142399999996;99.83142399999996;99.83142399999996;99.83142399999996;99.83348319999997;99.83348319999997;99.55327359999987;99.88969839999996;99.55327359999987;99.55327359999987;99.53360639999987;99.53360639999987;99.83142399999996;99.83142399999996;99.68251519999991;99.68251519999991;99.66284799999991;99.83348319999997;99.88969839999996;99.83142399999996;99.83142399999996;99.83348319999997;99.88969839999996;99.88969839999996;99.88969839999996;
7200.130916000013;100.0;99.88543599999996;99.88543599999996;99.83348319999997;99.83142399999996;99.83142399999996;99.66284799999991;99.83142399999996;99.83348319999997;99.68251519999991;99.88969839999996;99.70218239999991;99.90298879999995;100.0;100.0;100.0;99.70218239999991;99.70218239999991;99.70218239999991;99.70218239999991;99.70218239999991;99.88969839999996;99.68251519999991;99.66284799999991;99.83142399999996;99.83142399999996;99.83348319999997;99.83142399999996;99.83348319999997;100.0;100.0;100.0;99.88969839999996;100.0;100.0;100.0;99.83142399999996;99.83142399999996;99.83142399999996;99.83142399999996;99.83348319999997;99.83348319999997;99.55327359999987;99.88969839999996;99.55327359999987;99.55327359999987;99.53360639999987;99.53360639999987;99.83142399999996;99.83142399999996;99.68251519999991;99.68251519999991;99.66284799999991;99.83348319999997;99.88969839999996;99.83142399999996;99.83142399999996;99.83348319999997;99.88969839999996;99.88969839999996;99.88969839999996;
7200.144750666679;100.0;99.88543599999996;99.88543599999996;99.83348319999997;99.83142399999996;99.83142399999996;99.66284799999991;99.83142399999996;99.83348319999997;99.67610879999991;99.88969839999996;99.69577599999991;99.90298879999995;100.0;100.0;100.0;99.70218239999991;99.70218239999991;99.70218239999991;99.70218239999991;99.69577599999991;99.88969839999996;99.67610879999991;99.66284799999991;99.83142399999996;99.83142399999996;99.83348319999997;99.83142399999996;99.83348319999997;100.0;100.0;100.0;99.88969839999996;100.0;100.0;100.0;99.83142399999996;99.83142399999996;99.83142399999996;99.83142399999996;99.83348319999997;99.83348319999997;99.55327359999987;99.88969839999996;99.55327359999987;99.55327359999987;99.53360639999987;99.52719999999987;99.83142399999996;99.83142399999996;99.68251519999991;99.67610879999991;99.66284799999991;99.83348319999997;99.88969839999996;99.83142399999996;99.83142399999996;99.83348319999997;99.88969839999996;99.88969839999996;99.88969839999996;
7200.144750666679;100.0;99.88543599999996;99.88543599999996;99.83348319999997;99.83142399999996;99.83142399999996;99.66284799999991;99.83142399999996;99.83348319999997;99.66284799999991;99.88969839999996;99.68251519999991;99.90298879999995;100.0;100.0;100.0;99.70218239999991;99.70218239999991;99.70218239999991;99.70218239999991;99.68251519999991;99.88969839999996;99.66284799999991;99.66284799999991;99.83142399999996;99.83142399999996;99.83348319999997;99.83142399999996;99.83348319999997;100.0;100.0;100.0;99.88969839999996;100.0;100.0;100.0;99.83142399999996;99.83142399999996;99.83142399999996;99.83142399999996;99.83348319999997;99.83348319999997;99.55327359999987;99.88969839999996;99.55327359999987;99.55327359999987;99.53360639999987;99.51393919999987;99.83142399999996;99.83142399999996;99.68251519999991;99.66284799999991;99.66284799999991;99.83348319999997;99.88969839999996;99.83142399999996;99.83142399999996;99.83348319999997;99.88969839999996;99.88969839999996;99.88969839999996;
7200.145840000013;100.0;99.88543599999996;99.88543599999996;99.83348319999997;99.83142399999996;99.83142399999996;99.66284799999991;99.83142399999996;99.83348319999997;99.66284799999991;99.88969839999996;99.68251519999991;99.90298879999995;100.0;100.0;100.0;99.70218239999991;99.70218239999991;99.70218239999991;99.70218239999991;99.68251519999991;99.88969839999996;99.66284799999991;99.66284799999991;99.83142399999996;99.83142399999996;99.83348319999997;99.83142399999996;99.83348319999997;100.0;100.0;100.0;99.88969839999996;100.0;100.0;100.0;99.83142399999996;99.83142399999996;99.83142399999996;99.83142399999996;99.83348319999997;99.83348319999997;99.55327359999987;99.88969839999996;99.55327359999987;99.54686719999987;99.53360639999987;99.51393919999987;99.83142399999996;99.83142399999996;99.68251519999991;99.66284799999991;99.66284799999991;99.83348319999997;99.88969839999996;99.83142399999996;99.83142399999996;99.83348319999997;99.88969839999996;99.88969839999996;99.88969839999996;
7200.145840000013;100.0;99.88543599999996;99.88543599999996;99.83348319999997;99.83142399999996;99.83142399999996;99.66284799999991;99.83142399999996;99.83348319999997;99.66284799999991;99.88969839999996;99.68251519999991;99.90298879999995;100.0;100.0;100.0;99.70218239999991;99.70218239999991;99.70218239999991;99.70218239999991;99.68251519999991;99.88969839999996;99.66284799999991;99.66284799999991;99.83142399999996;99.83142399999996;99.83348319999997;99.83142399999996;99.83348319999997;100.0;100.0;100.0;99.88969839999996;100.0;100.0;100.0;99.83142399999996;99.83142399999996;99.83142399999996;99.83142399999996;99.83348319999997;99.83348319999997;99.55327359999987;99.88969839999996;99.55327359999987;99.53360639999987;99.53360639999987;99.51393919999987;99.83142399999996;99.83142399999996;99.68251519999991;99.66284799999991;99.66284799999991;99.83348319999997;99.88969839999996;99.83142399999996;99.83142399999996;99.83348319999997;99.88969839999996;99.88969839999996;99.88969839999996;
7200.154750666679;100.0;99.88543599999996;99.88543599999996;99.83348319999997;99.83142399999996;99.83142399999996;99.66284799999991;99.83142399999996;99.83348319999997;99.66284799999991;99.88969839999996;99.68251519999991;99.90298879999995;100.0;100.0;100.0;99.70218239999991;99.70218239999991;99.70218239999991;99.70218239999991;99.68251519999991;99.88969839999996;99.66284799999991;99.66284799999991;99.83142399999996;99.83142399999996;99.83348319999997;99.83142399999996;99.83348319999997;100.0;100.0;100.0;99.88969839999996;100.0;100.0;100.0;99.83142399999996;99.83142399999996;99.83142399999996;99.83142399999996;99.83348319999997;99.83348319999997;99.55327359999987;99.88969839999996;99.55327359999987;99.53360639999987;99.53360639999987;99.51393919999987;99.83142399999996;99.83142399999996;99.68251519999991;99.66284799999991;99.66284799999991;99.83348319999997;99.88969839999996;99.83142399999996;99.83142399999996;99.83348319999997;99.88969839999996;99.88969839999996;99.88969839999996;
7200.168585333346;100.0;99.88543599999996;99.88543599999996;99.83348319999997;99.83142399999996;99.83142399999996;99.66284799999991;99.83142399999996;99.83348319999997;99.66284799999991;99.88969839999996;99.67610879999991;99.89658239999994;100.0;100.0;100.0;99.70218239999991;99.70218239999991;99.70218239999991;99.69577599999991;99.67610879999991;99.88969839999996;99.66284799999991;99.66284799999991;99.83142399999996;99.83142399999996;99.83348319999997;99.83142399999996;99.83348319999997;100.0;100.0;100.0;99.88969839999996;100.0;100.0;100.0;99.83142399999996;99.83142399999996;99.83142399999996;99.83142399999996;99.83348319999997;99.83348319999997;99.55327359999987;99.88969839999996;99.55327359999987;99.53360639999987;99.52719999999987;99.51393919999987;99.83142399999996;99.83142399999996;99.67610879999991;99.66284799999991;99.66284799999991;99.83348319999997;99.88969839999996;99.83142399999996;99.83142399999996;99.83348319999997;99.88969839999996;99.88969839999996;99.88969839999996;
7200.168585333346;100.0;99.88543599999996;99.88543599999996;99.83348319999997;99.83142399999996;99.83142399999996;99.66284799999991;99.83142399999996;99.83348319999997;99.66284799999991;99.88969839999996;99.66284799999991;99.89658239999994;100.0;100.0;100.0;99.70218239999991;99.70218239999991;99.70218239999991;99.68251519999991;99.66284799999991;99.88969839999996;99.66284799999991;99.66284799999991;99.83142399999996;99.83142399999996;99.83348319999997;99.83142399999996;99.83348319999997;100.0;100.0;100.0;99.88969839999996;100.0;100.0;100.0;99.83142399999996;99.83142399999996;99.83142399999996;99.83142399999996;99.83348319999997;99.83348319999997;99.55327359999987;99.88969839999996;99.55327359999987;99.53360639999987;99.51393919999987;99.51393919999987;99.83142399999996;99.83142399999996;99.66284799999991;99.66284799999991;99.66284799999991;99.83348319999997;99.88969839999996;99.83142399999996;99.83142399999996;99.83348319999997;99.88969839999996;99.88969839999996;99.88969839999996;
7200.169674666679;100.0;99.88543599999996;99.88543599999996;99.83348319999997;99.83142399999996;99.83142399999996;99.66284799999991;99.83142399999996;99.83348319999997;99.66284799999991;99.88969839999996;99.66284799999991;99.89658239999994;100.0;100.0;100.0;99.70218239999991;99.70218239999991;99.70218239999991;99.68251519999991;99.66284799999991;99.88969839999996;99.66284799999991;99.66284799999991;99.83142399999996;99.83142399999996;99.83348319999997;99.83142399999996;99.83348319999997;100.0;100.0;100.0;99.88969839999996;100.0;100.0;100.0;99.83142399999996;99.83142399999996;99.83142399999996;99.83142399999996;99.83348319999997;99.83348319999997;99.55327359999987;99.88969839999996;99.54686719999987;99.53360639999987;99.51393919999987;99.51393919999987;99.83142399999996;99.83142399999996;99.66284799999991;99.66284799999991;99.66284799999991;99.83348319999997;99.88969839999996;99.83142399999996;99.83142399999996;99.83348319999997;99.88969839999996;99.88969839999996;99.88969839999996;
7200.169674666679;100.0;99.88543599999996;99.88543599999996;99.83348319999997;99.83142399999996;99.83142399999996;99.66284799999991;99.83142399999996;99.83348319999997;99.66284799999991;99.88969839999996;99.66284799999991;99.89658239999994;100.0;100.0;100.0;99.70218239999991;99.70218239999991;99.70218239999991;99.68251519999991;99.66284799999991;99.88969839999996;99.66284799999991;99.66284799999991;99.83142399999996;99.83142399999996;99.83348319999997;99.83142399999996;99.83348319999997;100.0;100.0;100.0;99.88969839999996;100.0;100.0;100.0;99.83142399999996;99.83142399999996;99.83142399999996;99.83142399999996;99.83348319999997;99.83348319999997;99.55327359999987;99.88969839999996;99.53360639999987;99.53360639999987;99.51393919999987;99.51393919999987;99.83142399999996;99.83142399999996;99.66284799999991;99.66284799999991;99.66284799999991;99.83348319999997;99.88969839999996;99.83142399999996;99.83142399999996;99.83348319999997;99.88969839999996;99.88969839999996;99.88969839999996;
7200.192420000013;100.0;99.88543599999996;99.88543599999996;99.83348319999997;99.83142399999996;99.83142399999996;99.66284799999991;99.83142399999996;99.83348319999997;99.66284799999991;99.88969839999996;99.66284799999991;99.89017599999994;100.0;100.0;100.0;99.70218239999991;99.70218239999991;99.69577599999991;99.67610879999991;99.66284799999991;99.88969839999996;99.66284799999991;99.66284799999991;99.83142399999996;99.83142399999996;99.83348319999997;99.83142399999996;99.83348319999997;100.0;100.0;100.0;99.88969839999996;100.0;100.0;100.0;99.83142399999996;99.83142399999996;99.83142399999996;99.83142399999996;99.83348319999997;99.83348319999997;99.55327359999987;99.88969839999996;99.53360639999987;99.52719999999987;99.51393919999987;99.50753279999986;99.83142399999996;99.83142399999996;99.66284799999991;99.66284799999991;99.66284799999991;99.83348319999997;99.88969839999996;99.83142399999996;99.83142399999996;99.83348319999997;99.88969839999996;99.88969839999996;99.88969839999996;
7200.192420000013;100.0;99.88543599999996;99.88543599999996;99.83348319999997;99.83142399999996;99.83142399999996;99.66284799999991;99.83142399999996;99.83348319999997;99.66284799999991;99.88969839999996;99.66284799999991;99.89017599999994;100.0;100.0;100.0;99.70218239999991;99.70218239999991;99.68251519999991;99.66284799999991;99.66284799999991;99.88969839999996;99.66284799999991;99.66284799999991;99.83142399999996;99.83142399999996;99.83348319999997;99.83142399999996;99.83348319999997;100.0;100.0;100.0;99.88969839999996;100.0;100.0;100.0;99.83142399999996;99.83142399999996;99.83142399999996;99.83142399999996;99.83348319999997;99.83348319999997;99.55327359999987;99.88969839999996;99.53360639999987;99.51393919999987;99.51393919999987;99.49427199999987;99.83142399999996;99.83142399999996;99.66284799999991;99.66284799999991;99.66284799999991;99.83348319999997;99.88969839999996;99.83142399999996;99.83142399999996;99.83348319999997;99.88969839999996;99.88969839999996;99.88969839999996;
7200.193509333347;100.0;99.88543599999996;99.88543599999996;99.83348319999997;99.83142399999996;99.83142399999996;99.66284799999991;99.83142399999996;99.83348319999997;99.66284799999991;99.88969839999996;99.66284799999991;99.89017599999994;100.0;100.0;100.0;99.70218239999991;99.70218239999991;99.68251519999991;99.66284799999991;99.66284799999991;99.88969839999996;99.66284799999991;99.66284799999991;99.83142399999996;99.83142399999996;99.83348319999997;99.83142399999996;99.83348319999997;100.0;100.0;100.0;99.88969839999996;100.0;100.0;100.0;99.83142399999996;99.83142399999996;99.83142399999996;99.83142399999996;99.83348319999997;99.83348319999997;99.54686719999987;99.88969839999996;99.53360639999987;99.51393919999987;99.51393919999987;99.49427199999987;99.83142399999996;99.83142399999996;99.66284799999991;99.66284799999991;99.66284799999991;99.83348319999997;99.88969839999996;99.83142399999996;99.83142399999996;99.83348319999997;99.88969839999996;99.88969839999996;99.88969839999996;
7200.193509333347;100.0;99.88543599999996;99.88543599999996;99.83348319999997;99.83142399999996;99.83142399999996;99.66284799999991;99.83142399999996;99.83348319999997;99.66284799999991;99.88969839999996;99.66284799999991;99.89017599999994;100.0;100.0;100.0;99.70218239999991;99.70218239999991;99.68251519999991;99.66284799999991;99.66284799999991;99.88969839999996;99.66284799999991;99.66284799999991;99.83142399999996;99.83142399999996;99.83348319999997;99.83142399999996;99.83348319999997;100.0;100.0;100.0;99.88969839999996;100.0;100.0;100.0;99.83142399999996;99.83142399999996;99.83142399999996;99.83142399999996;99.83348319999997;99.83348319999997;99.53360639999987;99.88969839999996;99.53360639999987;99.51393919999987;99.51393919999987;99.49427199999987;99.83142399999996;99.83142399999996;99.66284799999991;99.66284799999991;99.66284799999991;99.83348319999997;99.88969839999996;99.83142399999996;99.83142399999996;99.83348319999997;99.88969839999996;99.88969839999996;99.88969839999996;
7200.202420000013;100.0;99.88543599999996;99.88543599999996;99.83348319999997;99.83142399999996;99.83142399999996;99.66284799999991;99.83142399999996;99.83348319999997;99.66284799999991;99.88969839999996;99.66284799999991;99.89017599999994;100.0;100.0;100.0;99.70218239999991;99.70218239999991;99.68251519999991;99.66284799999991;99.66284799999991;99.88969839999996;99.66284799999991;99.66284799999991;99.83142399999996;99.83142399999996;99.83348319999997;99.83142399999996;99.83348319999997;100.0;100.0;100.0;99.88969839999996;100.0;100.0;100.0;99.83142399999996;99.83142399999996;99.83142399999996;99.83142399999996;99.83348319999997;99.83348319999997;99.53360639999987;99.88969839999996;99.53360639999987;99.51393919999987;99.51393919999987;99.49427199999987;99.83142399999996;99.83142399999996;99.66284799999991;99.66284799999991;99.66284799999991;99.83348319999997;99.88969839999996;99.83142399999996;99.83142399999996;99.83348319999997;99.88969839999996;99.88969839999996;99.88969839999996;
7200.21625466668;100.0;99.88543599999996;99.88543599999996;99.83348319999997;99.83142399999996;99.83142399999996;99.66284799999991;99.83142399999996;99.83348319999997;99.66284799999991;99.88969839999996;99.66284799999991;99.89017599999994;100.0;100.0;100.0;99.70218239999991;99.69577599999991;99.67610879999991;99.66284799999991;99.66284799999991;99.88969839999996;99.66284799999991;99.66284799999991;99.83142399999996;99.83142399999996;99.83348319999997;99.83142399999996;99.83348319999997;100.0;100.0;100.0;99.88969839999996;100.0;100.0;100.0;99.83142399999996;99.83142399999996;99.83142399999996;99.83142399999996;99.83348319999997;99.83348319999997;99.53360639999987;99.88969839999996;99.52719999999987;99.51393919999987;99.50753279999986;99.49427199999987;99.83142399999996;99.83142399999996;99.66284799999991;99.66284799999991;99.66284799999991;99.83348319999997;99.88969839999996;99.83142399999996;99.83142399999996;99.83348319999997;99.88969839999996;99.88969839999996;99.88969839999996;
7200.21625466668;100.0;99.88543599999996;99.88543599999996;99.83348319999997;99.83142399999996;99.83142399999996;99.66284799999991;99.83142399999996;99.83348319999997;99.66284799999991;99.88969839999996;99.66284799999991;99.89017599999994;100.0;100.0;100.0;99.70218239999991;99.68251519999991;99.66284799999991;99.66284799999991;99.66284799999991;99.88969839999996;99.66284799999991;99.66284799999991;99.83142399999996;99.83142399999996;99.83348319999997;99.83142399999996;99.83348319999997;100.0;100.0;100.0;99.88969839999996;100.0;100.0;100.0;99.83142399999996;99.83142399999996;99.83142399999996;99.83142399999996;99.83348319999997;99.83348319999997;99.53360639999987;99.88969839999996;99.51393919999987;99.51393919999987;99.49427199999987;99.49427199999987;99.83142399999996;99.83142399999996;99.66284799999991;99.66284799999991;99.66284799999991;99.83348319999997;99.88969839999996;99.83142399999996;99.83142399999996;99.83348319999997;99.88969839999996;99.88969839999996;99.88969839999996;
7200.217344000013;100.0;99.88543599999996;99.88543599999996;99.83348319999997;99.83142399999996;99.83142399999996;99.66284799999991;99.83142399999996;99.83348319999997;99.66284799999991;99.88969839999996;99.66284799999991;99.89017599999994;100.0;100.0;100.0;99.70218239999991;99.68251519999991;99.66284799999991;99.66284799999991;99.66284799999991;99.88969839999996;99.66284799999991;99.66284799999991;99.83142399999996;99.83142399999996;99.83348319999997;99.83142399999996;99.83348319999997;100.0;100.0;100.0;99.88969839999996;100.0;100.0;100.0;99.83142399999996;99.83142399999996;99.83142399999996;99.83142399999996;99.83348319999997;99.83348319999997;99.53360639999987;99.88969839999996;99.51393919999987;99.51393919999987;99.49427199999987;99.49427199999987;99.83142399999996;99.83142399999996;99.66284799999991;99.66284799999991;99.66284799999991;99.83348319999997;99.88969839999996;99.83142399999996;99.83142399999996;99.83348319999997;99.88969839999996;99.88969839999996;99.88969839999996;
7200.240089333347;100.0;99.88543599999996;99.88543599999996;99.83348319999997;99.83142399999996;99.83142399999996;99.66284799999991;99.83142399999996;99.83348319999997;99.66284799999991;99.88969839999996;99.66284799999991;99.89017599999994;100.0;100.0;100.0;99.69577599999991;99.67610879999991;99.66284799999991;99.66284799999991;99.66284799999991;99.88969839999996;99.66284799999991;99.66284799999991;99.83142399999996;99.83142399999996;99.83348319999997;99.83142399999996;99.83348319999997;100.0;100.0;100.0;99.88969839999996;100.0;100.0;100.0;99.83142399999996;99.83142399999996;99.83142399999996;99.83142399999996;99.83348319999997;99.83348319999997;99.52719999999987;99.88969839999996;99.51393919999987;99.50753279999986;99.49427199999987;99.49427199999987;99.83142399999996;99.83142399999996;99.66284799999991;99.66284799999991;99.66284799999991;99.83348319999997;99.88969839999996;99.83142399999996;99.83142399999996;99.83348319999997;99.88969839999996;99.88969839999996;99.88969839999996;
7200.240089333347;100.0;99.88543599999996;99.88543599999996;99.83348319999997;99.83142399999996;99.83142399999996;99.66284799999991;99.83142399999996;99.83348319999997;99.66284799999991;99.88969839999996;99.66284799999991;99.89017599999994;100.0;100.0;100.0;99.68251519999991;99.66284799999991;99.66284799999991;99.66284799999991;99.66284799999991;99.88969839999996;99.66284799999991;99.66284799999991;99.83142399999996;99.83142399999996;99.83348319999997;99.83142399999996;99.83348319999997;100.0;100.0;100.0;99.88969839999996;100.0;100.0;100.0;99.83142399999996;99.83142399999996;99.83142399999996;99.83142399999996;99.83348319999997;99.83348319999997;99.51393919999987;99.88969839999996;99.51393919999987;99.49427199999987;99.49427199999987;99.49427199999987;99.83142399999996;99.83142399999996;99.66284799999991;99.66284799999991;99.66284799999991;99.83348319999997;99.88969839999996;99.83142399999996;99.83142399999996;99.83348319999997;99.88969839999996;99.88969839999996;99.88969839999996;
7200.2639240000135;100.0;99.88543599999996;99.88543599999996;99.83348319999997;99.83142399999996;99.83142399999996;99.66284799999991;99.83142399999996;99.83348319999997;99.66284799999991;99.88969839999996;99.66284799999991;99.89017599999994;100.0;100.0;100.0;99.67610879999991;99.66284799999991;99.66284799999991;99.66284799999991;99.66284799999991;99.88969839999996;99.66284799999991;99.66284799999991;99.83142399999996;99.83142399999996;99.83348319999997;99.83142399999996;99.83348319999997;100.0;100.0;100.0;99.88969839999996;100.0;100.0;100.0;99.83142399999996;99.83142399999996;99.83142399999996;99.83142399999996;99.83348319999997;99.83348319999997;99.51393919999987;99.88969839999996;99.50753279999986;99.49427199999987;99.49427199999987;99.49427199999987;99.83142399999996;99.83142399999996;99.66284799999991;99.66284799999991;99.66284799999991;99.83348319999997;99.88969839999996;99.83142399999996;99.83142399999996;99.83348319999997;99.88969839999996;99.88969839999996;99.88969839999996;
7200.2639240000135;100.0;99.88543599999996;99.88543599999996;99.83348319999997;99.83142399999996;99.83142399999996;99.66284799999991;99.83142399999996;99.83348319999997;99.66284799999991;99.88969839999996;99.66284799999991;99.89017599999994;100.0;100.0;100.0;99.66284799999991;99.66284799999991;99.66284799999991;99.66284799999991;99.66284799999991;99.88969839999996;99.66284799999991;99.66284799999991;99.83142399999996;99.83142399999996;99.83348319999997;99.83142399999996;99.83348319999997;100.0;100.0;100.0;99.88969839999996;100.0;100.0;100.0;99.83142399999996;99.83142399999996;99.83142399999996;99.83142399999996;99.83348319999997;99.83348319999997;99.51393919999987;99.88969839999996;99.49427199999987;99.49427199999987;99.49427199999987;99.49427199999987;99.83142399999996;99.83142399999996;99.66284799999991;99.66284799999991;99.66284799999991;99.83348319999997;99.88969839999996;99.83142399999996;99.83142399999996;99.83348319999997;99.88969839999996;99.88969839999996;99.88969839999996;
7200.28775866668;100.0;99.88543599999996;99.88543599999996;99.83348319999997;99.83142399999996;99.83142399999996;99.66284799999991;99.83142399999996;99.83348319999997;99.66284799999991;99.88969839999996;99.66284799999991;99.89017599999994;100.0;100.0;100.0;99.66284799999991;99.66284799999991;99.66284799999991;99.66284799999991;99.66284799999991;99.88969839999996;99.66284799999991;99.66284799999991;99.83142399999996;99.83142399999996;99.83348319999997;99.83142399999996;99.83348319999997;100.0;100.0;100.0;99.88969839999996;100.0;100.0;100.0;99.83142399999996;99.83142399999996;99.83142399999996;99.83142399999996;99.83348319999997;99.83348319999997;99.50753279999986;99.88969839999996;99.49427199999987;99.49427199999987;99.49427199999987;99.49427199999987;99.83142399999996;99.83142399999996;99.66284799999991;99.66284799999991;99.66284799999991;99.83348319999997;99.88969839999996;99.83142399999996;99.83142399999996;99.83348319999997;99.88969839999996;99.88969839999996;99.88969839999996;
7200.28775866668;100.0;99.88543599999996;99.88543599999996;99.83348319999997;99.83142399999996;99.83142399999996;99.66284799999991;99.83142399999996;99.83348319999997;99.66284799999991;99.88969839999996;99.66284799999991;99.89017599999994;100.0;100.0;100.0;99.66284799999991;99.66284799999991;99.66284799999991;99.66284799999991;99.66284799999991;99.88969839999996;99.66284799999991;99.66284799999991;99.83142399999996;99.83142399999996;99.83348319999997;99.83142399999996;99.83348319999997;100.0;100.0;100.0;99.88969839999996;100.0;100.0;100.0;99.83142399999996;99.83142399999996;99.83142399999996;99.83142399999996;99.83348319999997;99.83348319999997;99.49427199999987;99.88969839999996;99.49427199999987;99.49427199999987;99.49427199999987;99.49427199999987;99.83142399999996;99.83142399999996;99.66284799999991;99.66284799999991;99.66284799999991;99.83348319999997;99.88969839999996;99.83142399999996;99.83142399999996;99.83348319999997;99.88969839999996;99.88969839999996;99.88969839999996;
7200.3115933333465;100.0;99.88543599999996;99.88543599999996;99.83348319999997;99.83142399999996;99.83142399999996;99.66284799999991;99.83142399999996;99.83348319999997;99.66284799999991;99.88969839999996;99.66284799999991;99.89017599999994;100.0;100.0;100.0;99.66284799999991;99.66284799999991;99.66284799999991;99.66284799999991;99.66284799999991;99.88969839999996;99.66284799999991;99.66284799999991;99.83142399999996;99.83142399999996;99.83348319999997;99.83142399999996;99.83348319999997;100.0;100.0;100.0;99.88969839999996;100.0;100.0;100.0;99.83142399999996;99.83142399999996;99.83142399999996;99.83142399999996;99.83348319999997;99.83348319999997;99.49427199999987;99.88969839999996;99.49427199999987;99.49427199999987;99.49427199999987;99.49427199999987;99.83142399999996;99.83142399999996;99.66284799999991;99.66284799999991;99.66284799999991;99.83348319999997;99.88969839999996;99.83142399999996;99.83142399999996;99.83348319999997;99.88969839999996;99.88969839999996;99.88969839999996;
7800.000000000013;100.0;99.88543599999996;99.88543599999996;99.83348319999997;99.83142399999996;99.83142399999996;99.66284799999991;99.83142399999996;99.83348319999997;99.66284799999991;99.88969839999996;99.66284799999991;99.89017599999994;100.0;100.0;100.0;99.66284799999991;99.66284799999991;99.66284799999991;99.66284799999991;99.66284799999991;99.88969839999996;99.66284799999991;99.66284799999991;99.83142399999996;99.83142399999996;99.83348319999997;99.83142399999996;99.83348319999997;100.0;100.0;100.0;99.88969839999996;100.0;100.0;100.0;99.83142399999996;99.83142399999996;99.83142399999996;99.83142399999996;99.83348319999997;99.83348319999997;99.49427199999987;99.88969839999996;99.49427199999987;99.49427199999987;99.49427199999987;99.49427199999987;99.83142399999996;99.83142399999996;99.66284799999991;99.66284799999991;99.66284799999991;99.83348319999997;99.88969839999996;99.83142399999996;99.83142399999996;99.83348319999997;99.88969839999996;99.88969839999996;99.88969839999996;
8100.02666666668;100.0;99.88533599999995;99.88533599999995;99.83348319999997;99.83142399999996;99.83142399999996;99.66284799999991;99.83142399999996;99.83348319999997;99.66284799999991;99.88959839999995;99.66284799999991;99.89017599999994;100.0;100.0;100.0;99.66284799999991;99.66284799999991;99.66284799999991;99.66284799999991;99.66284799999991;99.88959839999995;99.66284799999991;99.66284799999991;99.83142399999996;99.83142399999996;99.83348319999997;99.83142399999996;99.83348319999997;100.0;100.0;100.0;99.88959839999995;100.0;100.0;100.0;99.83142399999996;99.83142399999996;99.83142399999996;99.83142399999996;99.83348319999997;99.83348319999997;99.49427199999987;99.88959839999995;99.49427199999987;99.49427199999987;99.49427199999987;99.49427199999987;99.83142399999996;99.83142399999996;99.66284799999991;99.66284799999991;99.66284799999991;99.83348319999997;99.88959839999995;99.83142399999996;99.83142399999996;99.83348319999997;99.88959839999995;99.88959839999995;99.88959839999995;
8100.02666666668;100.0;99.88533599999995;99.88533599999995;99.83348319999997;99.83142399999996;99.83142399999996;99.66284799999991;99.83142399999996;99.83348319999997;99.66284799999991;99.87728479999996;99.66284799999991;99.89017599999994;100.0;100.0;100.0;99.66284799999991;99.66284799999991;99.66284799999991;99.66284799999991;99.66284799999991;99.87728479999996;99.66284799999991;99.66284799999991;99.83142399999996;99.83142399999996;99.83348319999997;99.83142399999996;99.83348319999997;100.0;100.0;100.0;99.87728479999996;100.0;100.0;100.0;99.83142399999996;99.83142399999996;99.83142399999996;99.83142399999996;99.83348319999997;99.83348319999997;99.49427199999987;99.87728479999996;99.49427199999987;99.49427199999987;99.49427199999987;99.49427199999987;99.83142399999996;99.83142399999996;99.66284799999991;99.66284799999991;99.66284799999991;99.83348319999997;99.87728479999996;99.83142399999996;99.83142399999996;99.83348319999997;99.87728479999996;99.87728479999996;99.87728479999996;
8100.02666666668;100.0;99.87254879999995;99.87254879999995;99.83348319999997;99.83142399999996;99.83142399999996;99.66284799999991;99.83142399999996;99.83348319999997;99.66284799999991;99.87728479999996;99.66284799999991;99.89017599999994;100.0;100.0;100.0;99.66284799999991;99.66284799999991;99.66284799999991;99.66284799999991;99.66284799999991;99.87728479999996;99.66284799999991;99.66284799999991;99.83142399999996;99.83142399999996;99.83348319999997;99.83142399999996;99.83348319999997;100.0;100.0;100.0;99.87728479999996;100.0;100.0;100.0;99.83142399999996;99.83142399999996;99.83142399999996;99.83142399999996;99.83348319999997;99.83348319999997;99.49427199999987;99.87728479999996;99.49427199999987;99.49427199999987;99.49427199999987;99.49427199999987;99.83142399999996;99.83142399999996;99.66284799999991;99.66284799999991;99.66284799999991;99.83348319999997;99.87728479999996;99.83142399999996;99.83142399999996;99.83348319999997;99.87728479999996;99.87728479999996;99.87728479999996;
8100.04832266668;100.0;99.87254879999995;99.87254879999995;99.82753439999998;99.83142399999996;99.83142399999996;99.66284799999991;99.83142399999996;99.82753439999998;99.66284799999991;99.87728479999996;99.66284799999991;99.89017599999994;100.0;100.0;100.0;99.66284799999991;99.66284799999991;99.66284799999991;99.66284799999991;99.66284799999991;99.87728479999996;99.66284799999991;99.66284799999991;99.83142399999996;99.83142399999996;99.82753439999998;99.83142399999996;99.82753439999998;100.0;100.0;100.0;99.87728479999996;100.0;100.0;100.0;99.83142399999996;99.83142399999996;99.83142399999996;99.83142399999996;99.82753439999998;99.82753439999998;99.49427199999987;99.87728479999996;99.49427199999987;99.49427199999987;99.49427199999987;99.49427199999987;99.83142399999996;99.83142399999996;99.66284799999991;99.66284799999991;99.66284799999991;99.82753439999998;99.87728479999996;99.83142399999996;99.83142399999996;99.82753439999998;99.87728479999996;99.87728479999996;99.87728479999996;
8100.04832266668;100.0;99.87254879999995;99.87254879999995;99.81474719999997;99.83142399999996;99.83142399999996;99.66284799999991;99.83142399999996;99.81474719999997;99.66284799999991;99.87728479999996;99.66284799999991;99.89017599999994;100.0;100.0;100.0;99.66284799999991;99.66284799999991;99.66284799999991;99.66284799999991;99.66284799999991;99.87728479999996;99.66284799999991;99.66284799999991;99.83142399999996;99.83142399999996;99.81474719999997;99.83142399999996;99.81474719999997;100.0;100.0;100.0;99.87728479999996;100.0;100.0;100.0;99.83142399999996;99.83142399999996;99.83142399999996;99.83142399999996;99.81474719999997;99.81474719999997;99.49427199999987;99.87728479999996;99.49427199999987;99.49427199999987;99.49427199999987;99.49427199999987;99.83142399999996;99.83142399999996;99.66284799999991;99.66284799999991;99.66284799999991;99.81474719999997;99.87728479999996;99.83142399999996;99.83142399999996;99.81474719999997;99.87728479999996;99.87728479999996;99.87728479999996;
8100.049412000014;100.0;99.87254879999995;99.87254879999995;99.81474719999997;99.83142399999996;99.83142399999996;99.66284799999991;99.83142399999996;99.81474719999997;99.66284799999991;99.87728479999996;99.66284799999991;99.89017599999994;100.0;100.0;100.0;99.66284799999991;99.66284799999991;99.66284799999991;99.66284799999991;99.66284799999991;99.87728479999996;99.66284799999991;99.66284799999991;99.83142399999996;99.83142399999996;99.81474719999997;99.83142399999996;99.81474719999997;100.0;100.0;100.0;99.87728479999996;100.0;100.0;100.0;99.83142399999996;99.82524639999995;99.83142399999996;99.83142399999996;99.81474719999997;99.81474719999997;99.49427199999987;99.87728479999996;99.49427199999987;99.49427199999987;99.49427199999987;99.49427199999987;99.83142399999996;99.82524639999995;99.66284799999991;99.66284799999991;99.66284799999991;99.81474719999997;99.87728479999996;99.83142399999996;99.83142399999996;99.81474719999997;99.87728479999996;99.87728479999996;99.87728479999996;
8100.049412000014;100.0;99.87254879999995;99.87254879999995;99.81474719999997;99.83142399999996;99.83142399999996;99.66284799999991;99.83142399999996;99.81474719999997;99.66284799999991;99.87728479999996;99.66284799999991;99.89017599999994;100.0;100.0;100.0;99.66284799999991;99.66284799999991;99.66284799999991;99.66284799999991;99.66284799999991;99.87728479999996;99.66284799999991;99.66284799999991;99.83142399999996;99.83142399999996;99.81474719999997;99.83142399999996;99.81474719999997;100.0;100.0;100.0;99.87728479999996;100.0;100.0;100.0;99.83142399999996;99.81245919999995;99.83142399999996;99.83142399999996;99.81474719999997;99.81474719999997;99.49427199999987;99.87728479999996;99.49427199999987;99.49427199999987;99.49427199999987;99.49427199999987;99.83142399999996;99.81245919999995;99.66284799999991;99.66284799999991;99.66284799999991;99.81474719999997;99.87728479999996;99.83142399999996;99.83142399999996;99.81474719999997;99.87728479999996;99.87728479999996;99.87728479999996;
8100.05832266668;100.0;99.87254879999995;99.87254879999995;99.81474719999997;99.83142399999996;99.83142399999996;99.66284799999991;99.83142399999996;99.81474719999997;99.66284799999991;99.87728479999996;99.66284799999991;99.89017599999994;100.0;100.0;100.0;99.66284799999991;99.66284799999991;99.66284799999991;99.66284799999991;99.66284799999991;99.87728479999996;99.66284799999991;99.66284799999991;99.83142399999996;99.83142399999996;99.81474719999997;99.83142399999996;99.81474719999997;100.0;100.0;100.0;99.87728479999996;100.0;100.0;100.0;99.83142399999996;99.81245919999995;99.83142399999996;99.83142399999996;99.81474719999997;99.81474719999997;99.49427199999987;99.87728479999996;99.49427199999987;99.49427199999987;99.49427199999987;99.49427199999987;99.83142399999996;99.81245919999995;99.66284799999991;99.66284799999991;99.66284799999991;99.81474719999997;99.87728479999996;99.83142399999996;99.83142399999996;99.81474719999997;99.87728479999996;99.87728479999996;99.87728479999996;
8100.071068000014;100.0;99.87254879999995;99.87254879999995;99.81474719999997;99.82524639999995;99.83142399999996;99.66284799999991;99.82524639999995;99.81474719999997;99.66284799999991;99.87728479999996;99.66284799999991;99.89017599999994;100.0;100.0;100.0;99.66284799999991;99.66284799999991;99.66284799999991;99.66284799999991;99.66284799999991;99.87728479999996;99.66284799999991;99.66284799999991;99.83142399999996;99.82524639999995;99.81474719999997;99.82524639999995;99.81474719999997;100.0;100.0;100.0;99.87728479999996;100.0;100.0;100.0;99.83142399999996;99.81245919999995;99.83142399999996;99.82524639999995;99.81474719999997;99.81474719999997;99.49427199999987;99.87728479999996;99.49427199999987;99.49427199999987;99.49427199999987;99.49427199999987;99.83142399999996;99.81245919999995;99.66284799999991;99.66284799999991;99.65667039999991;99.81474719999997;99.87728479999996;99.83142399999996;99.82524639999995;99.81474719999997;99.87728479999996;99.87728479999996;99.87728479999996;
8100.071068000014;100.0;99.87254879999995;99.87254879999995;99.81474719999997;99.81245919999995;99.83142399999996;99.66284799999991;99.81245919999995;99.81474719999997;99.66284799999991;99.87728479999996;99.66284799999991;99.89017599999994;100.0;100.0;100.0;99.66284799999991;99.66284799999991;99.66284799999991;99.66284799999991;99.66284799999991;99.87728479999996;99.66284799999991;99.66284799999991;99.83142399999996;99.81245919999995;99.81474719999997;99.81245919999995;99.81474719999997;100.0;100.0;100.0;99.87728479999996;100.0;100.0;100.0;99.83142399999996;99.81245919999995;99.83142399999996;99.81245919999995;99.81474719999997;99.81474719999997;99.49427199999987;99.87728479999996;99.49427199999987;99.49427199999987;99.49427199999987;99.49427199999987;99.83142399999996;99.81245919999995;99.66284799999991;99.66284799999991;99.6438831999999;99.81474719999997;99.87728479999996;99.83142399999996;99.81245919999995;99.81474719999997;99.87728479999996;99.87728479999996;99.87728479999996;
8100.072157333348;100.0;99.87254879999995;99.87254879999995;99.81474719999997;99.81245919999995;99.83142399999996;99.66284799999991;99.81245919999995;99.81474719999997;99.66284799999991;99.87728479999996;99.66284799999991;99.89017599999994;100.0;100.0;100.0;99.66284799999991;99.66284799999991;99.66284799999991;99.66284799999991;99.66284799999991;99.87728479999996;99.66284799999991;99.66284799999991;99.83142399999996;99.81245919999995;99.81474719999997;99.81245919999995;99.81474719999997;100.0;100.0;100.0;99.87728479999996;100.0;100.0;100.0;99.82524639999995;99.81245919999995;99.83142399999996;99.81245919999995;99.81474719999997;99.81474719999997;99.49427199999987;99.87728479999996;99.49427199999987;99.49427199999987;99.49427199999987;99.49427199999987;99.82524639999995;99.81245919999995;99.66284799999991;99.66284799999991;99.6438831999999;99.81474719999997;99.87728479999996;99.83142399999996;99.81245919999995;99.81474719999997;99.87728479999996;99.87728479999996;99.87728479999996;
8100.072157333348;100.0;99.87254879999995;99.87254879999995;99.81474719999997;99.81245919999995;99.83142399999996;99.66284799999991;99.81245919999995;99.81474719999997;99.66284799999991;99.87728479999996;99.66284799999991;99.89017599999994;100.0;100.0;100.0;99.66284799999991;99.66284799999991;99.66284799999991;99.66284799999991;99.66284799999991;99.87728479999996;99.66284799999991;99.66284799999991;99.83142399999996;99.81245919999995;99.81474719999997;99.81245919999995;99.81474719999997;100.0;100.0;100.0;99.87728479999996;100.0;100.0;100.0;99.81245919999995;99.81245919999995;99.83142399999996;99.81245919999995;99.81474719999997;99.81474719999997;99.49427199999987;99.87728479999996;99.49427199999987;99.49427199999987;99.49427199999987;99.49427199999987;99.81245919999995;99.81245919999995;99.66284799999991;99.66284799999991;99.6438831999999;99.81474719999997;99.87728479999996;99.83142399999996;99.81245919999995;99.81474719999997;99.87728479999996;99.87728479999996;99.87728479999996;
8100.082157333348;100.0;99.87254879999995;99.87254879999995;99.81474719999997;99.81245919999995;99.83142399999996;99.66284799999991;99.81245919999995;99.81474719999997;99.66284799999991;99.87728479999996;99.66284799999991;99.89017599999994;100.0;100.0;100.0;99.66284799999991;99.66284799999991;99.66284799999991;99.66284799999991;99.66284799999991;99.87728479999996;99.66284799999991;99.66284799999991;99.83142399999996;99.81245919999995;99.81474719999997;99.81245919999995;99.81474719999997;100.0;100.0;100.0;99.87728479999996;100.0;100.0;100.0;99.81245919999995;99.81245919999995;99.83142399999996;99.81245919999995;99.81474719999997;99.81474719999997;99.49427199999987;99.87728479999996;99.49427199999987;99.49427199999987;99.49427199999987;99.49427199999987;99.81245919999995;99.81245919999995;99.66284799999991;99.66284799999991;99.6438831999999;99.81474719999997;99.87728479999996;99.83142399999996;99.81245919999995;99.81474719999997;99.87728479999996;99.87728479999996;99.87728479999996;
8100.0938133333475;100.0;99.87254879999995;99.87254879999995;99.81474719999997;99.81245919999995;99.82524639999995;99.65667039999991;99.81245919999995;99.81474719999997;99.66284799999991;99.87728479999996;99.66284799999991;99.89017599999994;100.0;100.0;100.0;99.66284799999991;99.66284799999991;99.66284799999991;99.66284799999991;99.66284799999991;99.87728479999996;99.66284799999991;99.65667039999991;99.82524639999995;99.81245919999995;99.81474719999997;99.81245919999995;99.81474719999997;100.0;100.0;100.0;99.87728479999996;100.0;100.0;100.0;99.81245919999995;99.81245919999995;99.82524639999995;99.81245919999995;99.81474719999997;99.81474719999997;99.49427199999987;99.87728479999996;99.49427199999987;99.49427199999987;99.49427199999987;99.49427199999987;99.81245919999995;99.81245919999995;99.66284799999991;99.65667039999991;99.6438831999999;99.81474719999997;99.87728479999996;99.82524639999995;99.81245919999995;99.81474719999997;99.87728479999996;99.87728479999996;99.87728479999996;
8100.0938133333475;100.0;99.87254879999995;99.87254879999995;99.81474719999997;99.81245919999995;99.81245919999995;99.6438831999999;99.81245919999995;99.81474719999997;99.66284799999991;99.87728479999996;99.66284799999991;99.89017599999994;100.0;100.0;100.0;99.66284799999991;99.66284799999991;99.66284799999991;99.66284799999991;99.66284799999991;99.87728479999996;99.66284799999991;99.6438831999999;99.81245919999995;99.81245919999995;99.81474719999997;99.81245919999995;99.81474719999997;100.0;100.0;100.0;99.87728479999996;100.0;100.0;100.0;99.81245919999995;99.81245919999995;99.81245919999995;99.81245919999995;99.81474719999997;99.81474719999997;99.49427199999987;99.87728479999996;99.49427199999987;99.49427199999987;99.49427199999987;99.49427199999987;99.81245919999995;99.81245919999995;99.66284799999991;99.6438831999999;99.6438831999999;99.81474719999997;99.87728479999996;99.81245919999995;99.81245919999995;99.81474719999997;99.87728479999996;99.87728479999996;99.87728479999996;
8100.094902666681;100.0;99.87254879999995;99.87254879999995;99.81474719999997;99.81245919999995;99.81245919999995;99.6438831999999;99.81245919999995;99.81474719999997;99.66284799999991;99.87728479999996;99.66284799999991;99.89017599999994;100.0;100.0;100.0;99.66284799999991;99.66284799999991;99.66284799999991;99.66284799999991;99.66284799999991;99.87728479999996;99.66284799999991;99.6438831999999;99.81245919999995;99.81245919999995;99.81474719999997;99.81245919999995;99.81474719999997;100.0;100.0;100.0;99.87728479999996;100.0;100.0;100.0;99.81245919999995;99.81245919999995;99.81245919999995;99.81245919999995;99.81474719999997;99.81474719999997;99.49427199999987;99.87728479999996;99.49427199999987;99.49427199999987;99.49427199999987;99.48809439999987;99.81245919999995;99.81245919999995;99.66284799999991;99.6438831999999;99.6438831999999;99.81474719999997;99.87728479999996;99.81245919999995;99.81245919999995;99.81474719999997;99.87728479999996;99.87728479999996;99.87728479999996;
8100.094902666681;100.0;99.87254879999995;99.87254879999995;99.81474719999997;99.81245919999995;99.81245919999995;99.6438831999999;99.81245919999995;99.81474719999997;99.66284799999991;99.87728479999996;99.66284799999991;99.89017599999994;100.0;100.0;100.0;99.66284799999991;99.66284799999991;99.66284799999991;99.66284799999991;99.66284799999991;99.87728479999996;99.66284799999991;99.6438831999999;99.81245919999995;99.81245919999995;99.81474719999997;99.81245919999995;99.81474719999997;100.0;100.0;100.0;99.87728479999996;100.0;100.0;100.0;99.81245919999995;99.81245919999995;99.81245919999995;99.81245919999995;99.81474719999997;99.81474719999997;99.49427199999987;99.87728479999996;99.49427199999987;99.49427199999987;99.49427199999987;99.47530719999986;99.81245919999995;99.81245919999995;99.66284799999991;99.6438831999999;99.6438831999999;99.81474719999997;99.87728479999996;99.81245919999995;99.81245919999995;99.81474719999997;99.87728479999996;99.87728479999996;99.87728479999996;
8100.103813333348;100.0;99.87254879999995;99.87254879999995;99.81474719999997;99.81245919999995;99.81245919999995;99.6438831999999;99.81245919999995;99.81474719999997;99.66284799999991;99.87728479999996;99.66284799999991;99.89017599999994;100.0;100.0;100.0;99.66284799999991;99.66284799999991;99.66284799999991;99.66284799999991;99.66284799999991;99.87728479999996;99.66284799999991;99.6438831999999;99.81245919999995;99.81245919999995;99.81474719999997;99.81245919999995;99.81474719999997;100.0;100.0;100.0;99.87728479999996;100.0;100.0;100.0;99.81245919999995;99.81245919999995;99.81245919999995;99.81245919999995;99.81474719999997;99.81474719999997;99.49427199999987;99.87728479999996;99.49427199999987;99.49427199999987;99.49427199999987;99.47530719999986;99.81245919999995;99.81245919999995;99.66284799999991;99.6438831999999;99.6438831999999;99.81474719999997;99.87728479999996;99.81245919999995;99.81245919999995;99.81474719999997;99.87728479999996;99.87728479999996;99.87728479999996;
8100.1049026666815;100.0;99.87254879999995;99.87254879999995;99.81474719999997;99.81245919999995;99.81245919999995;99.6438831999999;99.81245919999995;99.81474719999997;99.66284799999991;99.87728479999996;99.66284799999991;99.89017599999994;100.0;100.0;100.0;99.66284799999991;99.66284799999991;99.66284799999991;99.66284799999991;99.66284799999991;99.87728479999996;99.66284799999991;99.6438831999999;99.81245919999995;99.81245919999995;99.81474719999997;99.81245919999995;99.81474719999997;100.0;100.0;100.0;99.87728479999996;100.0;100.0;100.0;99.81245919999995;99.81245919999995;99.81245919999995;99.81245919999995;99.81474719999997;99.81474719999997;99.49427199999987;99.87728479999996;99.49427199999987;99.49427199999987;99.49427199999987;99.47530719999986;99.81245919999995;99.81245919999995;99.66284799999991;99.6438831999999;99.6438831999999;99.81474719999997;99.87728479999996;99.81245919999995;99.81245919999995;99.81474719999997;99.87728479999996;99.87728479999996;99.87728479999996;
8100.116558666681;100.0;99.87254879999995;99.87254879999995;99.81474719999997;99.81245919999995;99.81245919999995;99.6377055999999;99.81245919999995;99.81474719999997;99.65667039999991;99.87728479999996;99.66284799999991;99.89017599999994;100.0;100.0;100.0;99.66284799999991;99.66284799999991;99.66284799999991;99.66284799999991;99.66284799999991;99.87728479999996;99.65667039999991;99.6377055999999;99.81245919999995;99.81245919999995;99.81474719999997;99.81245919999995;99.81474719999997;100.0;100.0;100.0;99.87728479999996;100.0;100.0;100.0;99.81245919999995;99.81245919999995;99.81245919999995;99.81245919999995;99.81474719999997;99.81474719999997;99.49427199999987;99.87728479999996;99.49427199999987;99.49427199999987;99.49427199999987;99.47530719999986;99.81245919999995;99.81245919999995;99.65667039999991;99.6438831999999;99.6377055999999;99.81474719999997;99.87728479999996;99.81245919999995;99.81245919999995;99.81474719999997;99.87728479999996;99.87728479999996;99.87728479999996;
8100.116558666681;100.0;99.87254879999995;99.87254879999995;99.81474719999997;99.81245919999995;99.81245919999995;99.6249183999999;99.81245919999995;99.81474719999997;99.6438831999999;99.87728479999996;99.66284799999991;99.89017599999994;100.0;100.0;100.0;99.66284799999991;99.66284799999991;99.66284799999991;99.66284799999991;99.66284799999991;99.87728479999996;99.6438831999999;99.6249183999999;99.81245919999995;99.81245919999995;99.81474719999997;99.81245919999995;99.81474719999997;100.0;100.0;100.0;99.87728479999996;100.0;100.0;100.0;99.81245919999995;99.81245919999995;99.81245919999995;99.81245919999995;99.81474719999997;99.81474719999997;99.49427199999987;99.87728479999996;99.49427199999987;99.49427199999987;99.49427199999987;99.47530719999986;99.81245919999995;99.81245919999995;99.6438831999999;99.6438831999999;99.6249183999999;99.81474719999997;99.87728479999996;99.81245919999995;99.81245919999995;99.81474719999997;99.87728479999996;99.87728479999996;99.87728479999996;
8100.117648000015;100.0;99.87254879999995;99.87254879999995;99.81474719999997;99.81245919999995;99.81245919999995;99.6249183999999;99.81245919999995;99.81474719999997;99.6438831999999;99.87728479999996;99.66284799999991;99.89017599999994;100.0;100.0;100.0;99.66284799999991;99.66284799999991;99.66284799999991;99.66284799999991;99.66284799999991;99.87728479999996;99.6438831999999;99.6249183999999;99.81245919999995;99.81245919999995;99.81474719999997;99.81245919999995;99.81474719999997;100.0;100.0;100.0;99.87728479999996;100.0;100.0;100.0;99.81245919999995;99.81245919999995;99.81245919999995;99.81245919999995;99.81474719999997;99.81474719999997;99.49427199999987;99.87728479999996;99.49427199999987;99.49427199999987;99.48809439999987;99.47530719999986;99.81245919999995;99.81245919999995;99.6438831999999;99.6438831999999;99.6249183999999;99.81474719999997;99.87728479999996;99.81245919999995;99.81245919999995;99.81474719999997;99.87728479999996;99.87728479999996;99.87728479999996;
8100.117648000015;100.0;99.87254879999995;99.87254879999995;99.81474719999997;99.81245919999995;99.81245919999995;99.6249183999999;99.81245919999995;99.81474719999997;99.6438831999999;99.87728479999996;99.66284799999991;99.89017599999994;100.0;100.0;100.0;99.66284799999991;99.66284799999991;99.66284799999991;99.66284799999991;99.66284799999991;99.87728479999996;99.6438831999999;99.6249183999999;99.81245919999995;99.81245919999995;99.81474719999997;99.81245919999995;99.81474719999997;100.0;100.0;100.0;99.87728479999996;100.0;100.0;100.0;99.81245919999995;99.81245919999995;99.81245919999995;99.81245919999995;99.81474719999997;99.81474719999997;99.49427199999987;99.87728479999996;99.49427199999987;99.49427199999987;99.47530719999986;99.47530719999986;99.81245919999995;99.81245919999995;99.6438831999999;99.6438831999999;99.6249183999999;99.81474719999997;99.87728479999996;99.81245919999995;99.81245919999995;99.81474719999997;99.87728479999996;99.87728479999996;99.87728479999996;
8100.126558666681;100.0;99.87254879999995;99.87254879999995;99.81474719999997;99.81245919999995;99.81245919999995;99.6249183999999;99.81245919999995;99.81474719999997;99.6438831999999;99.87728479999996;99.66284799999991;99.89017599999994;100.0;100.0;100.0;99.66284799999991;99.66284799999991;99.66284799999991;99.66284799999991;99.66284799999991;99.87728479999996;99.6438831999999;99.6249183999999;99.81245919999995;99.81245919999995;99.81474719999997;99.81245919999995;99.81474719999997;100.0;100.0;100.0;99.87728479999996;100.0;100.0;100.0;99.81245919999995;99.81245919999995;99.81245919999995;99.81245919999995;99.81474719999997;99.81474719999997;99.49427199999987;99.87728479999996;99.49427199999987;99.49427199999987;99.47530719999986;99.47530719999986;99.81245919999995;99.81245919999995;99.6438831999999;99.6438831999999;99.6249183999999;99.81474719999997;99.87728479999996;99.81245919999995;99.81245919999995;99.81474719999997;99.87728479999996;99.87728479999996;99.87728479999996;
8100.139304000015;100.0;99.87254879999995;99.87254879999995;99.81474719999997;99.81245919999995;99.81245919999995;99.6249183999999;99.81245919999995;99.81474719999997;99.6377055999999;99.87728479999996;99.65667039999991;99.89017599999994;100.0;100.0;100.0;99.66284799999991;99.66284799999991;99.66284799999991;99.66284799999991;99.65667039999991;99.87728479999996;99.6377055999999;99.6249183999999;99.81245919999995;99.81245919999995;99.81474719999997;99.81245919999995;99.81474719999997;100.0;100.0;100.0;99.87728479999996;100.0;100.0;100.0;99.81245919999995;99.81245919999995;99.81245919999995;99.81245919999995;99.81474719999997;99.81474719999997;99.49427199999987;99.87728479999996;99.49427199999987;99.49427199999987;99.47530719999986;99.46912959999986;99.81245919999995;99.81245919999995;99.6438831999999;99.6377055999999;99.6249183999999;99.81474719999997;99.87728479999996;99.81245919999995;99.81245919999995;99.81474719999997;99.87728479999996;99.87728479999996;99.87728479999996;
8100.139304000015;100.0;99.87254879999995;99.87254879999995;99.81474719999997;99.81245919999995;99.81245919999995;99.6249183999999;99.81245919999995;99.81474719999997;99.6249183999999;99.87728479999996;99.6438831999999;99.89017599999994;100.0;100.0;100.0;99.66284799999991;99.66284799999991;99.66284799999991;99.66284799999991;99.6438831999999;99.87728479999996;99.6249183999999;99.6249183999999;99.81245919999995;99.81245919999995;99.81474719999997;99.81245919999995;99.81474719999997;100.0;100.0;100.0;99.87728479999996;100.0;100.0;100.0;99.81245919999995;99.81245919999995;99.81245919999995;99.81245919999995;99.81474719999997;99.81474719999997;99.49427199999987;99.87728479999996;99.49427199999987;99.49427199999987;99.47530719999986;99.45634239999985;99.81245919999995;99.81245919999995;99.6438831999999;99.6249183999999;99.6249183999999;99.81474719999997;99.87728479999996;99.81245919999995;99.81245919999995;99.81474719999997;99.87728479999996;99.87728479999996;99.87728479999996;
8100.140393333349;100.0;99.87254879999995;99.87254879999995;99.81474719999997;99.81245919999995;99.81245919999995;99.6249183999999;99.81245919999995;99.81474719999997;99.6249183999999;99.87728479999996;99.6438831999999;99.89017599999994;100.0;100.0;100.0;99.66284799999991;99.66284799999991;99.66284799999991;99.66284799999991;99.6438831999999;99.87728479999996;99.6249183999999;99.6249183999999;99.81245919999995;99.81245919999995;99.81474719999997;99.81245919999995;99.81474719999997;100.0;100.0;100.0;99.87728479999996;100.0;100.0;100.0;99.81245919999995;99.81245919999995;99.81245919999995;99.81245919999995;99.81474719999997;99.81474719999997;99.49427199999987;99.87728479999996;99.49427199999987;99.48809439999987;99.47530719999986;99.45634239999985;99.81245919999995;99.81245919999995;99.6438831999999;99.6249183999999;99.6249183999999;99.81474719999997;99.87728479999996;99.81245919999995;99.81245919999995;99.81474719999997;99.87728479999996;99.87728479999996;99.87728479999996;
8100.140393333349;100.0;99.87254879999995;99.87254879999995;99.81474719999997;99.81245919999995;99.81245919999995;99.6249183999999;99.81245919999995;99.81474719999997;99.6249183999999;99.87728479999996;99.6438831999999;99.89017599999994;100.0;100.0;100.0;99.66284799999991;99.66284799999991;99.66284799999991;99.66284799999991;99.6438831999999;99.87728479999996;99.6249183999999;99.6249183999999;99.81245919999995;99.81245919999995;99.81474719999997;99.81245919999995;99.81474719999997;100.0;100.0;100.0;99.87728479999996;100.0;100.0;100.0;99.81245919999995;99.81245919999995;99.81245919999995;99.81245919999995;99.81474719999997;99.81474719999997;99.49427199999987;99.87728479999996;99.49427199999987;99.47530719999986;99.47530719999986;99.45634239999985;99.81245919999995;99.81245919999995;99.6438831999999;99.6249183999999;99.6249183999999;99.81474719999997;99.87728479999996;99.81245919999995;99.81245919999995;99.81474719999997;99.87728479999996;99.87728479999996;99.87728479999996;
8100.149304000015;100.0;99.87254879999995;99.87254879999995;99.81474719999997;99.81245919999995;99.81245919999995;99.6249183999999;99.81245919999995;99.81474719999997;99.6249183999999;99.87728479999996;99.6438831999999;99.89017599999994;100.0;100.0;100.0;99.66284799999991;99.66284799999991;99.66284799999991;99.66284799999991;99.6438831999999;99.87728479999996;99.6249183999999;99.6249183999999;99.81245919999995;99.81245919999995;99.81474719999997;99.81245919999995;99.81474719999997;100.0;100.0;100.0;99.87728479999996;100.0;100.0;100.0;99.81245919999995;99.81245919999995;99.81245919999995;99.81245919999995;99.81474719999997;99.81474719999997;99.49427199999987;99.87728479999996;99.49427199999987;99.47530719999986;99.47530719999986;99.45634239999985;99.81245919999995;99.81245919999995;99.6438831999999;99.6249183999999;99.6249183999999;99.81474719999997;99.87728479999996;99.81245919999995;99.81245919999995;99.81474719999997;99.87728479999996;99.87728479999996;99.87728479999996;
8100.1620493333485;100.0;99.87254879999995;99.87254879999995;99.81474719999997;99.81245919999995;99.81245919999995;99.6249183999999;99.81245919999995;99.81474719999997;99.6249183999999;99.87728479999996;99.6377055999999;99.88399839999994;100.0;100.0;100.0;99.66284799999991;99.66284799999991;99.66284799999991;99.65667039999991;99.6377055999999;99.87728479999996;99.6249183999999;99.6249183999999;99.81245919999995;99.81245919999995;99.81474719999997;99.81245919999995;99.81474719999997;100.0;100.0;100.0;99.87728479999996;100.0;100.0;100.0;99.81245919999995;99.81245919999995;99.81245919999995;99.81245919999995;99.81474719999997;99.81474719999997;99.49427199999987;99.87728479999996;99.49427199999987;99.47530719999986;99.46912959999986;99.45634239999985;99.81245919999995;99.81245919999995;99.6377055999999;99.6249183999999;99.6249183999999;99.81474719999997;99.87728479999996;99.81245919999995;99.81245919999995;99.81474719999997;99.87728479999996;99.87728479999996;99.87728479999996;
8100.1620493333485;100.0;99.87254879999995;99.87254879999995;99.81474719999997;99.81245919999995;99.81245919999995;99.6249183999999;99.81245919999995;99.81474719999997;99.6249183999999;99.87728479999996;99.6249183999999;99.88399839999994;100.0;100.0;100.0;99.66284799999991;99.66284799999991;99.66284799999991;99.6438831999999;99.6249183999999;99.87728479999996;99.6249183999999;99.6249183999999;99.81245919999995;99.81245919999995;99.81474719999997;99.81245919999995;99.81474719999997;100.0;100.0;100.0;99.87728479999996;100.0;100.0;100.0;99.81245919999995;99.81245919999995;99.81245919999995;99.81245919999995;99.81474719999997;99.81474719999997;99.49427199999987;99.87728479999996;99.49427199999987;99.47530719999986;99.45634239999985;99.45634239999985;99.81245919999995;99.81245919999995;99.6249183999999;99.6249183999999;99.6249183999999;99.81474719999997;99.87728479999996;99.81245919999995;99.81245919999995;99.81474719999997;99.87728479999996;99.87728479999996;99.87728479999996;
8100.163138666682;100.0;99.87254879999995;99.87254879999995;99.81474719999997;99.81245919999995;99.81245919999995;99.6249183999999;99.81245919999995;99.81474719999997;99.6249183999999;99.87728479999996;99.6249183999999;99.88399839999994;100.0;100.0;100.0;99.66284799999991;99.66284799999991;99.66284799999991;99.6438831999999;99.6249183999999;99.87728479999996;99.6249183999999;99.6249183999999;99.81245919999995;99.81245919999995;99.81474719999997;99.81245919999995;99.81474719999997;100.0;100.0;100.0;99.87728479999996;100.0;100.0;100.0;99.81245919999995;99.81245919999995;99.81245919999995;99.81245919999995;99.81474719999997;99.81474719999997;99.49427199999987;99.87728479999996;99.48809439999987;99.47530719999986;99.45634239999985;99.45634239999985;99.81245919999995;99.81245919999995;99.6249183999999;99.6249183999999;99.6249183999999;99.81474719999997;99.87728479999996;99.81245919999995;99.81245919999995;99.81474719999997;99.87728479999996;99.87728479999996;99.87728479999996;
8100.163138666682;100.0;99.87254879999995;99.87254879999995;99.81474719999997;99.81245919999995;99.81245919999995;99.6249183999999;99.81245919999995;99.81474719999997;99.6249183999999;99.87728479999996;99.6249183999999;99.88399839999994;100.0;100.0;100.0;99.66284799999991;99.66284799999991;99.66284799999991;99.6438831999999;99.6249183999999;99.87728479999996;99.6249183999999;99.6249183999999;99.81245919999995;99.81245919999995;99.81474719999997;99.81245919999995;99.81474719999997;100.0;100.0;100.0;99.87728479999996;100.0;100.0;100.0;99.81245919999995;99.81245919999995;99.81245919999995;99.81245919999995;99.81474719999997;99.81474719999997;99.49427199999987;99.87728479999996;99.47530719999986;99.47530719999986;99.45634239999985;99.45634239999985;99.81245919999995;99.81245919999995;99.6249183999999;99.6249183999999;99.6249183999999;99.81474719999997;99.87728479999996;99.81245919999995;99.81245919999995;99.81474719999997;99.87728479999996;99.87728479999996;99.87728479999996;
8100.184794666682;100.0;99.87254879999995;99.87254879999995;99.81474719999997;99.81245919999995;99.81245919999995;99.6249183999999;99.81245919999995;99.81474719999997;99.6249183999999;99.87728479999996;99.6249183999999;99.87782079999994;100.0;100.0;100.0;99.66284799999991;99.66284799999991;99.65667039999991;99.6377055999999;99.6249183999999;99.87728479999996;99.6249183999999;99.6249183999999;99.81245919999995;99.81245919999995;99.81474719999997;99.81245919999995;99.81474719999997;100.0;100.0;100.0;99.87728479999996;100.0;100.0;100.0;99.81245919999995;99.81245919999995;99.81245919999995;99.81245919999995;99.81474719999997;99.81474719999997;99.49427199999987;99.87728479999996;99.47530719999986;99.46912959999986;99.45634239999985;99.45016479999985;99.81245919999995;99.81245919999995;99.6249183999999;99.6249183999999;99.6249183999999;99.81474719999997;99.87728479999996;99.81245919999995;99.81245919999995;99.81474719999997;99.87728479999996;99.87728479999996;99.87728479999996;
8100.184794666682;100.0;99.87254879999995;99.87254879999995;99.81474719999997;99.81245919999995;99.81245919999995;99.6249183999999;99.81245919999995;99.81474719999997;99.6249183999999;99.87728479999996;99.6249183999999;99.87782079999994;100.0;100.0;100.0;99.66284799999991;99.66284799999991;99.6438831999999;99.6249183999999;99.6249183999999;99.87728479999996;99.6249183999999;99.6249183999999;99.81245919999995;99.81245919999995;99.81474719999997;99.81245919999995;99.81474719999997;100.0;100.0;100.0;99.87728479999996;100.0;100.0;100.0;99.81245919999995;99.81245919999995;99.81245919999995;99.81245919999995;99.81474719999997;99.81474719999997;99.49427199999987;99.87728479999996;99.47530719999986;99.45634239999985;99.45634239999985;99.43737759999985;99.81245919999995;99.81245919999995;99.6249183999999;99.6249183999999;99.6249183999999;99.81474719999997;99.87728479999996;99.81245919999995;99.81245919999995;99.81474719999997;99.87728479999996;99.87728479999996;99.87728479999996;
8100.185884000016;100.0;99.87254879999995;99.87254879999995;99.81474719999997;99.81245919999995;99.81245919999995;99.6249183999999;99.81245919999995;99.81474719999997;99.6249183999999;99.87728479999996;99.6249183999999;99.87782079999994;100.0;100.0;100.0;99.66284799999991;99.66284799999991;99.6438831999999;99.6249183999999;99.6249183999999;99.87728479999996;99.6249183999999;99.6249183999999;99.81245919999995;99.81245919999995;99.81474719999997;99.81245919999995;99.81474719999997;100.0;100.0;100.0;99.87728479999996;100.0;100.0;100.0;99.81245919999995;99.81245919999995;99.81245919999995;99.81245919999995;99.81474719999997;99.81474719999997;99.48809439999987;99.87728479999996;99.47530719999986;99.45634239999985;99.45634239999985;99.43737759999985;99.81245919999995;99.81245919999995;99.6249183999999;99.6249183999999;99.6249183999999;99.81474719999997;99.87728479999996;99.81245919999995;99.81245919999995;99.81474719999997;99.87728479999996;99.87728479999996;99.87728479999996;
8100.185884000016;100.0;99.87254879999995;99.87254879999995;99.81474719999997;99.81245919999995;99.81245919999995;99.6249183999999;99.81245919999995;99.81474719999997;99.6249183999999;99.87728479999996;99.6249183999999;99.87782079999994;100.0;100.0;100.0;99.66284799999991;99.66284799999991;99.6438831999999;99.6249183999999;99.6249183999999;99.87728479999996;99.6249183999999;99.6249183999999;99.81245919999995;99.81245919999995;99.81474719999997;99.81245919999995;99.81474719999997;100.0;100.0;100.0;99.87728479999996;100.0;100.0;100.0;99.81245919999995;99.81245919999995;99.81245919999995;99.81245919999995;99.81474719999997;99.81474719999997;99.47530719999986;99.87728479999996;99.47530719999986;99.45634239999985;99.45634239999985;99.43737759999985;99.81245919999995;99.81245919999995;99.6249183999999;99.6249183999999;99.6249183999999;99.81474719999997;99.87728479999996;99.81245919999995;99.81245919999995;99.81474719999997;99.87728479999996;99.87728479999996;99.87728479999996;
8100.194794666682;100.0;99.87254879999995;99.87254879999995;99.81474719999997;99.81245919999995;99.81245919999995;99.6249183999999;99.81245919999995;99.81474719999997;99.6249183999999;99.87728479999996;99.6249183999999;99.87782079999994;100.0;100.0;100.0;99.66284799999991;99.66284799999991;99.6438831999999;99.6249183999999;99.6249183999999;99.87728479999996;99.6249183999999;99.6249183999999;99.81245919999995;99.81245919999995;99.81474719999997;99.81245919999995;99.81474719999997;100.0;100.0;100.0;99.87728479999996;100.0;100.0;100.0;99.81245919999995;99.81245919999995;99.81245919999995;99.81245919999995;99.81474719999997;99.81474719999997;99.47530719999986;99.87728479999996;99.47530719999986;99.45634239999985;99.45634239999985;99.43737759999985;99.81245919999995;99.81245919999995;99.6249183999999;99.6249183999999;99.6249183999999;99.81474719999997;99.87728479999996;99.81245919999995;99.81245919999995;99.81474719999997;99.87728479999996;99.87728479999996;99.87728479999996;
8100.207540000016;100.0;99.87254879999995;99.87254879999995;99.81474719999997;99.81245919999995;99.81245919999995;99.6249183999999;99.81245919999995;99.81474719999997;99.6249183999999;99.87728479999996;99.6249183999999;99.87782079999994;100.0;100.0;100.0;99.66284799999991;99.65667039999991;99.6377055999999;99.6249183999999;99.6249183999999;99.87728479999996;99.6249183999999;99.6249183999999;99.81245919999995;99.81245919999995;99.81474719999997;99.81245919999995;99.81474719999997;100.0;100.0;100.0;99.87728479999996;100.0;100.0;100.0;99.81245919999995;99.81245919999995;99.81245919999995;99.81245919999995;99.81474719999997;99.81474719999997;99.47530719999986;99.87728479999996;99.46912959999986;99.45634239999985;99.45016479999985;99.43737759999985;99.81245919999995;99.81245919999995;99.6249183999999;99.6249183999999;99.6249183999999;99.81474719999997;99.87728479999996;99.81245919999995;99.81245919999995;99.81474719999997;99.87728479999996;99.87728479999996;99.87728479999996;
8100.207540000016;100.0;99.87254879999995;99.87254879999995;99.81474719999997;99.81245919999995;99.81245919999995;99.6249183999999;99.81245919999995;99.81474719999997;99.6249183999999;99.87728479999996;99.6249183999999;99.87782079999994;100.0;100.0;100.0;99.66284799999991;99.6438831999999;99.6249183999999;99.6249183999999;99.6249183999999;99.87728479999996;99.6249183999999;99.6249183999999;99.81245919999995;99.81245919999995;99.81474719999997;99.81245919999995;99.81474719999997;100.0;100.0;100.0;99.87728479999996;100.0;100.0;100.0;99.81245919999995;99.81245919999995;99.81245919999995;99.81245919999995;99.81474719999997;99.81474719999997;99.47530719999986;99.87728479999996;99.45634239999985;99.45634239999985;99.43737759999985;99.43737759999985;99.81245919999995;99.81245919999995;99.6249183999999;99.6249183999999;99.6249183999999;99.81474719999997;99.87728479999996;99.81245919999995;99.81245919999995;99.81474719999997;99.87728479999996;99.87728479999996;99.87728479999996;
8100.20862933335;100.0;99.87254879999995;99.87254879999995;99.81474719999997;99.81245919999995;99.81245919999995;99.6249183999999;99.81245919999995;99.81474719999997;99.6249183999999;99.87728479999996;99.6249183999999;99.87782079999994;100.0;100.0;100.0;99.66284799999991;99.6438831999999;99.6249183999999;99.6249183999999;99.6249183999999;99.87728479999996;99.6249183999999;99.6249183999999;99.81245919999995;99.81245919999995;99.81474719999997;99.81245919999995;99.81474719999997;100.0;100.0;100.0;99.87728479999996;100.0;100.0;100.0;99.81245919999995;99.81245919999995;99.81245919999995;99.81245919999995;99.81474719999997;99.81474719999997;99.47530719999986;99.87728479999996;99.45634239999985;99.45634239999985;99.43737759999985;99.43737759999985;99.81245919999995;99.81245919999995;99.6249183999999;99.6249183999999;99.6249183999999;99.81474719999997;99.87728479999996;99.81245919999995;99.81245919999995;99.81474719999997;99.87728479999996;99.87728479999996;99.87728479999996;
8100.2302853333495;100.0;99.87254879999995;99.87254879999995;99.81474719999997;99.81245919999995;99.81245919999995;99.6249183999999;99.81245919999995;99.81474719999997;99.6249183999999;99.87728479999996;99.6249183999999;99.87782079999994;100.0;100.0;100.0;99.65667039999991;99.6377055999999;99.6249183999999;99.6249183999999;99.6249183999999;99.87728479999996;99.6249183999999;99.6249183999999;99.81245919999995;99.81245919999995;99.81474719999997;99.81245919999995;99.81474719999997;100.0;100.0;100.0;99.87728479999996;100.0;100.0;100.0;99.81245919999995;99.81245919999995;99.81245919999995;99.81245919999995;99.81474719999997;99.81474719999997;99.46912959999986;99.87728479999996;99.45634239999985;99.45016479999985;99.43737759999985;99.43737759999985;99.81245919999995;99.81245919999995;99.6249183999999;99.6249183999999;99.6249183999999;99.81474719999997;99.87728479999996;99.81245919999995;99.81245919999995;99.81474719999997;99.87728479999996;99.87728479999996;99.87728479999996;
8100.2302853333495;100.0;99.87254879999995;99.87254879999995;99.81474719999997;99.81245919999995;99.81245919999995;99.6249183999999;99.81245919999995;99.81474719999997;99.6249183999999;99.87728479999996;99.6249183999999;99.87782079999994;100.0;100.0;100.0;99.6438831999999;99.6249183999999;99.6249183999999;99.6249183999999;99.6249183999999;99.87728479999996;99.6249183999999;99.6249183999999;99.81245919999995;99.81245919999995;99.81474719999997;99.81245919999995;99.81474719999997;100.0;100.0;100.0;99.87728479999996;100.0;100.0;100.0;99.81245919999995;99.81245919999995;99.81245919999995;99.81245919999995;99.81474719999997;99.81474719999997;99.45634239999985;99.87728479999996;99.45634239999985;99.43737759999985;99.43737759999985;99.43737759999985;99.81245919999995;99.81245919999995;99.6249183999999;99.6249183999999;99.6249183999999;99.81474719999997;99.87728479999996;99.81245919999995;99.81245919999995;99.81474719999997;99.87728479999996;99.87728479999996;99.87728479999996;
8100.253030666683;100.0;99.87254879999995;99.87254879999995;99.81474719999997;99.81245919999995;99.81245919999995;99.6249183999999;99.81245919999995;99.81474719999997;99.6249183999999;99.87728479999996;99.6249183999999;99.87782079999994;100.0;100.0;100.0;99.6377055999999;99.6249183999999;99.6249183999999;99.6249183999999;99.6249183999999;99.87728479999996;99.6249183999999;99.6249183999999;99.81245919999995;99.81245919999995;99.81474719999997;99.81245919999995;99.81474719999997;100.0;100.0;100.0;99.87728479999996;100.0;100.0;100.0;99.81245919999995;99.81245919999995;99.81245919999995;99.81245919999995;99.81474719999997;99.81474719999997;99.45634239999985;99.87728479999996;99.45016479999985;99.43737759999985;99.43737759999985;99.43737759999985;99.81245919999995;99.81245919999995;99.6249183999999;99.6249183999999;99.6249183999999;99.81474719999997;99.87728479999996;99.81245919999995;99.81245919999995;99.81474719999997;99.87728479999996;99.87728479999996;99.87728479999996;
8100.253030666683;100.0;99.87254879999995;99.87254879999995;99.81474719999997;99.81245919999995;99.81245919999995;99.6249183999999;99.81245919999995;99.81474719999997;99.6249183999999;99.87728479999996;99.6249183999999;99.87782079999994;100.0;100.0;100.0;99.6249183999999;99.6249183999999;99.6249183999999;99.6249183999999;99.6249183999999;99.87728479999996;99.6249183999999;99.6249183999999;99.81245919999995;99.81245919999995;99.81474719999997;99.81245919999995;99.81474719999997;100.0;100.0;100.0;99.87728479999996;100.0;100.0;100.0;99.81245919999995;99.81245919999995;99.81245919999995;99.81245919999995;99.81474719999997;99.81474719999997;99.45634239999985;99.87728479999996;99.43737759999985;99.43737759999985;99.43737759999985;99.43737759999985;99.81245919999995;99.81245919999995;99.6249183999999;99.6249183999999;99.6249183999999;99.81474719999997;99.87728479999996;99.81245919999995;99.81245919999995;99.81474719999997;99.87728479999996;99.87728479999996;99.87728479999996;
8100.275776000017;100.0;99.87254879999995;99.87254879999995;99.81474719999997;99.81245919999995;99.81245919999995;99.6249183999999;99.81245919999995;99.81474719999997;99.6249183999999;99.87728479999996;99.6249183999999;99.87782079999994;100.0;100.0;100.0;99.6249183999999;99.6249183999999;99.6249183999999;99.6249183999999;99.6249183999999;99.87728479999996;99.6249183999999;99.6249183999999;99.81245919999995;99.81245919999995;99.81474719999997;99.81245919999995;99.81474719999997;100.0;100.0;100.0;99.87728479999996;100.0;100.0;100.0;99.81245919999995;99.81245919999995;99.81245919999995;99.81245919999995;99.81474719999997;99.81474719999997;99.45016479999985;99.87728479999996;99.43737759999985;99.43737759999985;99.43737759999985;99.43737759999985;99.81245919999995;99.81245919999995;99.6249183999999;99.6249183999999;99.6249183999999;99.81474719999997;99.87728479999996;99.81245919999995;99.81245919999995;99.81474719999997;99.87728479999996;99.87728479999996;99.87728479999996;
8100.275776000017;100.0;99.87254879999995;99.87254879999995;99.81474719999997;99.81245919999995;99.81245919999995;99.6249183999999;99.81245919999995;99.81474719999997;99.6249183999999;99.87728479999996;99.6249183999999;99.87782079999994;100.0;100.0;100.0;99.6249183999999;99.6249183999999;99.6249183999999;99.6249183999999;99.6249183999999;99.87728479999996;99.6249183999999;99.6249183999999;99.81245919999995;99.81245919999995;99.81474719999997;99.81245919999995;99.81474719999997;100.0;100.0;100.0;99.87728479999996;100.0;100.0;100.0;99.81245919999995;99.81245919999995;99.81245919999995;99.81245919999995;99.81474719999997;99.81474719999997;99.43737759999985;99.87728479999996;99.43737759999985;99.43737759999985;99.43737759999985;99.43737759999985;99.81245919999995;99.81245919999995;99.6249183999999;99.6249183999999;99.6249183999999;99.81474719999997;99.87728479999996;99.81245919999995;99.81245919999995;99.81474719999997;99.87728479999996;99.87728479999996;99.87728479999996;
8100.29852133335;100.0;99.87254879999995;99.87254879999995;99.81474719999997;99.81245919999995;99.81245919999995;99.6249183999999;99.81245919999995;99.81474719999997;99.6249183999999;99.87728479999996;99.6249183999999;99.87782079999994;100.0;100.0;100.0;99.6249183999999;99.6249183999999;99.6249183999999;99.6249183999999;99.6249183999999;99.87728479999996;99.6249183999999;99.6249183999999;99.81245919999995;99.81245919999995;99.81474719999997;99.81245919999995;99.81474719999997;100.0;100.0;100.0;99.87728479999996;100.0;100.0;100.0;99.81245919999995;99.81245919999995;99.81245919999995;99.81245919999995;99.81474719999997;99.81474719999997;99.43737759999985;99.87728479999996;99.43737759999985;99.43737759999985;99.43737759999985;99.43737759999985;99.81245919999995;99.81245919999995;99.6249183999999;99.6249183999999;99.6249183999999;99.81474719999997;99.87728479999996;99.81245919999995;99.81245919999995;99.81474719999997;99.87728479999996;99.87728479999996;99.87728479999996;
8400.000000000016;100.0;99.87254879999995;99.87254879999995;99.81474719999997;99.81245919999995;99.81245919999995;99.6249183999999;99.81245919999995;99.81474719999997;99.6249183999999;99.87728479999996;99.6249183999999;99.87782079999994;100.0;100.0;100.0;99.6249183999999;99.6249183999999;99.6249183999999;99.6249183999999;99.6249183999999;99.87728479999996;99.6249183999999;99.6249183999999;99.81245919999995;99.81245919999995;99.81474719999997;99.81245919999995;99.81474719999997;100.0;100.0;100.0;99.87728479999996;100.0;100.0;100.0;99.81245919999995;99.81245919999995;99.81245919999995;99.81245919999995;99.81474719999997;99.81474719999997;99.43737759999985;99.87728479999996;99.43737759999985;99.43737759999985;99.43737759999985;99.43737759999985;99.81245919999995;99.81245919999995;99.6249183999999;99.6249183999999;99.6249183999999;99.81474719999997;99.87728479999996;99.81245919999995;99.81245919999995;99.81474719999997;99.87728479999996;99.87728479999996;99.87728479999996;
9000.000000000016;100.0;99.87254879999995;99.87254879999995;99.81474719999997;99.81245919999995;99.81245919999995;99.6249183999999;99.81245919999995;99.81474719999997;99.6249183999999;99.87728479999996;99.6249183999999;99.87782079999994;100.0;100.0;100.0;99.6249183999999;99.6249183999999;99.6249183999999;99.6249183999999;99.6249183999999;99.87728479999996;99.6249183999999;99.6249183999999;99.81245919999995;99.81245919999995;99.81474719999997;99.81245919999995;99.81474719999997;100.0;100.0;100.0;99.87728479999996;100.0;100.0;100.0;99.81245919999995;99.81245919999995;99.81245919999995;99.81245919999995;99.81474719999997;99.81474719999997;99.43737759999985;99.87728479999996;99.43737759999985;99.43737759999985;99.43737759999985;99.43737759999985;99.81245919999995;99.81245919999995;99.6249183999999;99.6249183999999;99.6249183999999;99.81474719999997;99.87728479999996;99.81245919999995;99.81245919999995;99.81474719999997;99.87728479999996;99.87728479999996;99.87728479999996;
9000.026666666683;100.0;99.87244879999994;99.87244879999994;99.81474719999997;99.81245919999995;99.81245919999995;99.6249183999999;99.81245919999995;99.81474719999997;99.6249183999999;99.87718479999995;99.6249183999999;99.87782079999994;100.0;100.0;100.0;99.6249183999999;99.6249183999999;99.6249183999999;99.6249183999999;99.6249183999999;99.87718479999995;99.6249183999999;99.6249183999999;99.81245919999995;99.81245919999995;99.81474719999997;99.81245919999995;99.81474719999997;100.0;100.0;100.0;99.87718479999995;100.0;100.0;100.0;99.81245919999995;99.81245919999995;99.81245919999995;99.81245919999995;99.81474719999997;99.81474719999997;99.43737759999985;99.87718479999995;99.43737759999985;99.43737759999985;99.43737759999985;99.43737759999985;99.81245919999995;99.81245919999995;99.6249183999999;99.6249183999999;99.6249183999999;99.81474719999997;99.87718479999995;99.81245919999995;99.81245919999995;99.81474719999997;99.87718479999995;99.87718479999995;99.87718479999995;
9000.026666666683;100.0;99.87244879999994;99.87244879999994;99.81474719999997;99.81245919999995;99.81245919999995;99.6249183999999;99.81245919999995;99.81474719999997;99.6249183999999;99.86439759999995;99.6249183999999;99.87782079999994;100.0;100.0;100.0;99.6249183999999;99.6249183999999;99.6249183999999;99.6249183999999;99.6249183999999;99.86439759999995;99.6249183999999;99.6249183999999;99.81245919999995;99.81245919999995;99.81474719999997;99.81245919999995;99.81474719999997;100.0;100.0;100.0;99.86439759999995;100.0;100.0;100.0;99.81245919999995;99.81245919999995;99.81245919999995;99.81245919999995;99.81474719999997;99.81474719999997;99.43737759999985;99.86439759999995;99.43737759999985;99.43737759999985;99.43737759999985;99.43737759999985;99.81245919999995;99.81245919999995;99.6249183999999;99.6249183999999;99.6249183999999;99.81474719999997;99.86439759999995;99.81245919999995;99.81245919999995;99.81474719999997;99.86439759999995;99.86439759999995;99.86439759999995;
9000.026666666683;100.0;99.85918799999995;99.85918799999995;99.81474719999997;99.81245919999995;99.81245919999995;99.6249183999999;99.81245919999995;99.81474719999997;99.6249183999999;99.86439759999995;99.6249183999999;99.87782079999994;100.0;100.0;100.0;99.6249183999999;99.6249183999999;99.6249183999999;99.6249183999999;99.6249183999999;99.86439759999995;99.6249183999999;99.6249183999999;99.81245919999995;99.81245919999995;99.81474719999997;99.81245919999995;99.81474719999997;100.0;100.0;100.0;99.86439759999995;100.0;100.0;100.0;99.81245919999995;99.81245919999995;99.81245919999995;99.81245919999995;99.81474719999997;99.81474719999997;99.43737759999985;99.86439759999995;99.43737759999985;99.43737759999985;99.43737759999985;99.43737759999985;99.81245919999995;99.81245919999995;99.6249183999999;99.6249183999999;99.6249183999999;99.81474719999997;99.86439759999995;99.81245919999995;99.81245919999995;99.81474719999997;99.86439759999995;99.86439759999995;99.86439759999995;
9000.049412000017;100.0;99.85918799999995;99.85918799999995;99.80856959999997;99.81245919999995;99.81245919999995;99.6249183999999;99.81245919999995;99.80856959999997;99.6249183999999;99.86439759999995;99.6249183999999;99.87782079999994;100.0;100.0;100.0;99.6249183999999;99.6249183999999;99.6249183999999;99.6249183999999;99.6249183999999;99.86439759999995;99.6249183999999;99.6249183999999;99.81245919999995;99.81245919999995;99.80856959999997;99.81245919999995;99.80856959999997;100.0;100.0;100.0;99.86439759999995;100.0;100.0;100.0;99.81245919999995;99.81245919999995;99.81245919999995;99.81245919999995;99.80856959999997;99.80856959999997;99.43737759999985;99.86439759999995;99.43737759999985;99.43737759999985;99.43737759999985;99.43737759999985;99.81245919999995;99.81245919999995;99.6249183999999;99.6249183999999;99.6249183999999;99.80856959999997;99.86439759999995;99.81245919999995;99.81245919999995;99.80856959999997;99.86439759999995;99.86439759999995;99.86439759999995;
9000.049412000017;100.0;99.85918799999995;99.85918799999995;99.79530879999997;99.81245919999995;99.81245919999995;99.6249183999999;99.81245919999995;99.79530879999997;99.6249183999999;99.86439759999995;99.6249183999999;99.87782079999994;100.0;100.0;100.0;99.6249183999999;99.6249183999999;99.6249183999999;99.6249183999999;99.6249183999999;99.86439759999995;99.6249183999999;99.6249183999999;99.81245919999995;99.81245919999995;99.79530879999997;99.81245919999995;99.79530879999997;100.0;100.0;100.0;99.86439759999995;100.0;100.0;100.0;99.81245919999995;99.81245919999995;99.81245919999995;99.81245919999995;99.79530879999997;99.79530879999997;99.43737759999985;99.86439759999995;99.43737759999985;99.43737759999985;99.43737759999985;99.43737759999985;99.81245919999995;99.81245919999995;99.6249183999999;99.6249183999999;99.6249183999999;99.79530879999997;99.86439759999995;99.81245919999995;99.81245919999995;99.79530879999997;99.86439759999995;99.86439759999995;99.86439759999995;
9000.05050133335;100.0;99.85918799999995;99.85918799999995;99.79530879999997;99.81245919999995;99.81245919999995;99.6249183999999;99.81245919999995;99.79530879999997;99.6249183999999;99.86439759999995;99.6249183999999;99.87782079999994;100.0;100.0;100.0;99.6249183999999;99.6249183999999;99.6249183999999;99.6249183999999;99.6249183999999;99.86439759999995;99.6249183999999;99.6249183999999;99.81245919999995;99.81245919999995;99.79530879999997;99.81245919999995;99.79530879999997;100.0;100.0;100.0;99.86439759999995;100.0;100.0;100.0;99.81245919999995;99.80605279999995;99.81245919999995;99.81245919999995;99.79530879999997;99.79530879999997;99.43737759999985;99.86439759999995;99.43737759999985;99.43737759999985;99.43737759999985;99.43737759999985;99.81245919999995;99.80605279999995;99.6249183999999;99.6249183999999;99.6249183999999;99.79530879999997;99.86439759999995;99.81245919999995;99.81245919999995;99.79530879999997;99.86439759999995;99.86439759999995;99.86439759999995;
9000.05050133335;100.0;99.85918799999995;99.85918799999995;99.79530879999997;99.81245919999995;99.81245919999995;99.6249183999999;99.81245919999995;99.79530879999997;99.6249183999999;99.86439759999995;99.6249183999999;99.87782079999994;100.0;100.0;100.0;99.6249183999999;99.6249183999999;99.6249183999999;99.6249183999999;99.6249183999999;99.86439759999995;99.6249183999999;99.6249183999999;99.81245919999995;99.81245919999995;99.79530879999997;99.81245919999995;99.79530879999997;100.0;100.0;100.0;99.86439759999995;100.0;100.0;100.0;99.81245919999995;99.79279199999995;99.81245919999995;99.81245919999995;99.79530879999997;99.79530879999997;99.43737759999985;99.86439759999995;99.43737759999985;99.43737759999985;99.43737759999985;99.43737759999985;99.81245919999995;99.79279199999995;99.6249183999999;99.6249183999999;99.6249183999999;99.79530879999997;99.86439759999995;99.81245919999995;99.81245919999995;99.79530879999997;99.86439759999995;99.86439759999995;99.86439759999995;
9000.059412000017;100.0;99.85918799999995;99.85918799999995;99.79530879999997;99.81245919999995;99.81245919999995;99.6249183999999;99.81245919999995;99.79530879999997;99.6249183999999;99.86439759999995;99.6249183999999;99.87782079999994;100.0;100.0;100.0;99.6249183999999;99.6249183999999;99.6249183999999;99.6249183999999;99.6249183999999;99.86439759999995;99.6249183999999;99.6249183999999;99.81245919999995;99.81245919999995;99.79530879999997;99.81245919999995;99.79530879999997;100.0;100.0;100.0;99.86439759999995;100.0;100.0;100.0;99.81245919999995;99.79279199999995;99.81245919999995;99.81245919999995;99.79530879999997;99.79530879999997;99.43737759999985;99.86439759999995;99.43737759999985;99.43737759999985;99.43737759999985;99.43737759999985;99.81245919999995;99.79279199999995;99.6249183999999;99.6249183999999;99.6249183999999;99.79530879999997;99.86439759999995;99.81245919999995;99.81245919999995;99.79530879999997;99.86439759999995;99.86439759999995;99.86439759999995;
9000.073246666683;100.0;99.85918799999995;99.85918799999995;99.79530879999997;99.80605279999995;99.81245919999995;99.6249183999999;99.80605279999995;99.79530879999997;99.6249183999999;99.86439759999995;99.6249183999999;99.87782079999994;100.0;100.0;100.0;99.6249183999999;99.6249183999999;99.6249183999999;99.6249183999999;99.6249183999999;99.86439759999995;99.6249183999999;99.6249183999999;99.81245919999995;99.80605279999995;99.79530879999997;99.80605279999995;99.79530879999997;100.0;100.0;100.0;99.86439759999995;100.0;100.0;100.0;99.81245919999995;99.79279199999995;99.81245919999995;99.80605279999995;99.79530879999997;99.79530879999997;99.43737759999985;99.86439759999995;99.43737759999985;99.43737759999985;99.43737759999985;99.43737759999985;99.81245919999995;99.79279199999995;99.6249183999999;99.6249183999999;99.6185119999999;99.79530879999997;99.86439759999995;99.81245919999995;99.80605279999995;99.79530879999997;99.86439759999995;99.86439759999995;99.86439759999995;
9000.073246666683;100.0;99.85918799999995;99.85918799999995;99.79530879999997;99.79279199999995;99.81245919999995;99.6249183999999;99.79279199999995;99.79530879999997;99.6249183999999;99.86439759999995;99.6249183999999;99.87782079999994;100.0;100.0;100.0;99.6249183999999;99.6249183999999;99.6249183999999;99.6249183999999;99.6249183999999;99.86439759999995;99.6249183999999;99.6249183999999;99.81245919999995;99.79279199999995;99.79530879999997;99.79279199999995;99.79530879999997;100.0;100.0;100.0;99.86439759999995;100.0;100.0;100.0;99.81245919999995;99.79279199999995;99.81245919999995;99.79279199999995;99.79530879999997;99.79530879999997;99.43737759999985;99.86439759999995;99.43737759999985;99.43737759999985;99.43737759999985;99.43737759999985;99.81245919999995;99.79279199999995;99.6249183999999;99.6249183999999;99.6052511999999;99.79530879999997;99.86439759999995;99.81245919999995;99.79279199999995;99.79530879999997;99.86439759999995;99.86439759999995;99.86439759999995;
9000.074336000016;100.0;99.85918799999995;99.85918799999995;99.79530879999997;99.79279199999995;99.81245919999995;99.6249183999999;99.79279199999995;99.79530879999997;99.6249183999999;99.86439759999995;99.6249183999999;99.87782079999994;100.0;100.0;100.0;99.6249183999999;99.6249183999999;99.6249183999999;99.6249183999999;99.6249183999999;99.86439759999995;99.6249183999999;99.6249183999999;99.81245919999995;99.79279199999995;99.79530879999997;99.79279199999995;99.79530879999997;100.0;100.0;100.0;99.86439759999995;100.0;100.0;100.0;99.80605279999995;99.79279199999995;99.81245919999995;99.79279199999995;99.79530879999997;99.79530879999997;99.43737759999985;99.86439759999995;99.43737759999985;99.43737759999985;99.43737759999985;99.43737759999985;99.80605279999995;99.79279199999995;99.6249183999999;99.6249183999999;99.6052511999999;99.79530879999997;99.86439759999995;99.81245919999995;99.79279199999995;99.79530879999997;99.86439759999995;99.86439759999995;99.86439759999995;
9000.074336000016;100.0;99.85918799999995;99.85918799999995;99.79530879999997;99.79279199999995;99.81245919999995;99.6249183999999;99.79279199999995;99.79530879999997;99.6249183999999;99.86439759999995;99.6249183999999;99.87782079999994;100.0;100.0;100.0;99.6249183999999;99.6249183999999;99.6249183999999;99.6249183999999;99.6249183999999;99.86439759999995;99.6249183999999;99.6249183999999;99.81245919999995;99.79279199999995;99.79530879999997;99.79279199999995;99.79530879999997;100.0;100.0;100.0;99.86439759999995;100.0;100.0;100.0;99.79279199999995;99.79279199999995;99.81245919999995;99.79279199999995;99.79530879999997;99.79530879999997;99.43737759999985;99.86439759999995;99.43737759999985;99.43737759999985;99.43737759999985;99.43737759999985;99.79279199999995;99.79279199999995;99.6249183999999;99.6249183999999;99.6052511999999;99.79530879999997;99.86439759999995;99.81245919999995;99.79279199999995;99.79530879999997;99.86439759999995;99.86439759999995;99.86439759999995;
9000.084336000016;100.0;99.85918799999995;99.85918799999995;99.79530879999997;99.79279199999995;99.81245919999995;99.6249183999999;99.79279199999995;99.79530879999997;99.6249183999999;99.86439759999995;99.6249183999999;99.87782079999994;100.0;100.0;100.0;99.6249183999999;99.6249183999999;99.6249183999999;99.6249183999999;99.6249183999999;99.86439759999995;99.6249183999999;99.6249183999999;99.81245919999995;99.79279199999995;99.79530879999997;99.79279199999995;99.79530879999997;100.0;100.0;100.0;99.86439759999995;100.0;100.0;100.0;99.79279199999995;99.79279199999995;99.81245919999995;99.79279199999995;99.79530879999997;99.79530879999997;99.43737759999985;99.86439759999995;99.43737759999985;99.43737759999985;99.43737759999985;99.43737759999985;99.79279199999995;99.79279199999995;99.6249183999999;99.6249183999999;99.6052511999999;99.79530879999997;99.86439759999995;99.81245919999995;99.79279199999995;99.79530879999997;99.86439759999995;99.86439759999995;99.86439759999995;
9000.09708133335;100.0;99.85918799999995;99.85918799999995;99.79530879999997;99.79279199999995;99.80605279999995;99.6185119999999;99.79279199999995;99.79530879999997;99.6249183999999;99.86439759999995;99.6249183999999;99.87782079999994;100.0;100.0;100.0;99.6249183999999;99.6249183999999;99.6249183999999;99.6249183999999;99.6249183999999;99.86439759999995;99.6249183999999;99.6185119999999;99.80605279999995;99.79279199999995;99.79530879999997;99.79279199999995;99.79530879999997;100.0;100.0;100.0;99.86439759999995;100.0;100.0;100.0;99.79279199999995;99.79279199999995;99.80605279999995;99.79279199999995;99.79530879999997;99.79530879999997;99.43737759999985;99.86439759999995;99.43737759999985;99.43737759999985;99.43737759999985;99.43737759999985;99.79279199999995;99.79279199999995;99.6249183999999;99.6185119999999;99.6052511999999;99.79530879999997;99.86439759999995;99.80605279999995;99.79279199999995;99.79530879999997;99.86439759999995;99.86439759999995;99.86439759999995;
9000.09708133335;100.0;99.85918799999995;99.85918799999995;99.79530879999997;99.79279199999995;99.79279199999995;99.6052511999999;99.79279199999995;99.79530879999997;99.6249183999999;99.86439759999995;99.6249183999999;99.87782079999994;100.0;100.0;100.0;99.6249183999999;99.6249183999999;99.6249183999999;99.6249183999999;99.6249183999999;99.86439759999995;99.6249183999999;99.6052511999999;99.79279199999995;99.79279199999995;99.79530879999997;99.79279199999995;99.79530879999997;100.0;100.0;100.0;99.86439759999995;100.0;100.0;100.0;99.79279199999995;99.79279199999995;99.79279199999995;99.79279199999995;99.79530879999997;99.79530879999997;99.43737759999985;99.86439759999995;99.43737759999985;99.43737759999985;99.43737759999985;99.43737759999985;99.79279199999995;99.79279199999995;99.6249183999999;99.6052511999999;99.6052511999999;99.79530879999997;99.86439759999995;99.79279199999995;99.79279199999995;99.79530879999997;99.86439759999995;99.86439759999995;99.86439759999995;
9000.098170666683;100.0;99.85918799999995;99.85918799999995;99.79530879999997;99.79279199999995;99.79279199999995;99.6052511999999;99.79279199999995;99.79530879999997;99.6249183999999;99.86439759999995;99.6249183999999;99.87782079999994;100.0;100.0;100.0;99.6249183999999;99.6249183999999;99.6249183999999;99.6249183999999;99.6249183999999;99.86439759999995;99.6249183999999;99.6052511999999;99.79279199999995;99.79279199999995;99.79530879999997;99.79279199999995;99.79530879999997;100.0;100.0;100.0;99.86439759999995;100.0;100.0;100.0;99.79279199999995;99.79279199999995;99.79279199999995;99.79279199999995;99.79530879999997;99.79530879999997;99.43737759999985;99.86439759999995;99.43737759999985;99.43737759999985;99.43737759999985;99.43097119999985;99.79279199999995;99.79279199999995;99.6249183999999;99.6052511999999;99.6052511999999;99.79530879999997;99.86439759999995;99.79279199999995;99.79279199999995;99.79530879999997;99.86439759999995;99.86439759999995;99.86439759999995;
9000.098170666683;100.0;99.85918799999995;99.85918799999995;99.79530879999997;99.79279199999995;99.79279199999995;99.6052511999999;99.79279199999995;99.79530879999997;99.6249183999999;99.86439759999995;99.6249183999999;99.87782079999994;100.0;100.0;100.0;99.6249183999999;99.6249183999999;99.6249183999999;99.6249183999999;99.6249183999999;99.86439759999995;99.6249183999999;99.6052511999999;99.79279199999995;99.79279199999995;99.79530879999997;99.79279199999995;99.79530879999997;100.0;100.0;100.0;99.86439759999995;100.0;100.0;100.0;99.79279199999995;99.79279199999995;99.79279199999995;99.79279199999995;99.79530879999997;99.79530879999997;99.43737759999985;99.86439759999995;99.43737759999985;99.43737759999985;99.43737759999985;99.41771039999985;99.79279199999995;99.79279199999995;99.6249183999999;99.6052511999999;99.6052511999999;99.79530879999997;99.86439759999995;99.79279199999995;99.79279199999995;99.79530879999997;99.86439759999995;99.86439759999995;99.86439759999995;
9000.10708133335;100.0;99.85918799999995;99.85918799999995;99.79530879999997;99.79279199999995;99.79279199999995;99.6052511999999;99.79279199999995;99.79530879999997;99.6249183999999;99.86439759999995;99.6249183999999;99.87782079999994;100.0;100.0;100.0;99.6249183999999;99.6249183999999;99.6249183999999;99.6249183999999;99.6249183999999;99.86439759999995;99.6249183999999;99.6052511999999;99.79279199999995;99.79279199999995;99.79530879999997;99.79279199999995;99.79530879999997;100.0;100.0;100.0;99.86439759999995;100.0;100.0;100.0;99.79279199999995;99.79279199999995;99.79279199999995;99.79279199999995;99.79530879999997;99.79530879999997;99.43737759999985;99.86439759999995;99.43737759999985;99.43737759999985;99.43737759999985;99.41771039999985;99.79279199999995;99.79279199999995;99.6249183999999;99.6052511999999;99.6052511999999;99.79530879999997;99.86439759999995;99.79279199999995;99.79279199999995;99.79530879999997;99.86439759999995;99.86439759999995;99.86439759999995;
9000.108170666683;100.0;99.85918799999995;99.85918799999995;99.79530879999997;99.79279199999995;99.79279199999995;99.6052511999999;99.79279199999995;99.79530879999997;99.6249183999999;99.86439759999995;99.6249183999999;99.87782079999994;100.0;100.0;100.0;99.6249183999999;99.6249183999999;99.6249183999999;99.6249183999999;99.6249183999999;99.86439759999995;99.6249183999999;99.6052511999999;99.79279199999995;99.79279199999995;99.79530879999997;99.79279199999995;99.79530879999997;100.0;100.0;100.0;99.86439759999995;100.0;100.0;100.0;99.79279199999995;99.79279199999995;99.79279199999995;99.79279199999995;99.79530879999997;99.79530879999997;99.43737759999985;99.86439759999995;99.43737759999985;99.43737759999985;99.43737759999985;99.41771039999985;99.79279199999995;99.79279199999995;99.6249183999999;99.6052511999999;99.6052511999999;99.79530879999997;99.86439759999995;99.79279199999995;99.79279199999995;99.79530879999997;99.86439759999995;99.86439759999995;99.86439759999995;
9000.120916000016;100.0;99.85918799999995;99.85918799999995;99.79530879999997;99.79279199999995;99.79279199999995;99.5988447999999;99.79279199999995;99.79530879999997;99.6185119999999;99.86439759999995;99.6249183999999;99.87782079999994;100.0;100.0;100.0;99.6249183999999;99.6249183999999;99.6249183999999;99.6249183999999;99.6249183999999;99.86439759999995;99.6185119999999;99.5988447999999;99.79279199999995;99.79279199999995;99.79530879999997;99.79279199999995;99.79530879999997;100.0;100.0;100.0;99.86439759999995;100.0;100.0;100.0;99.79279199999995;99.79279199999995;99.79279199999995;99.79279199999995;99.79530879999997;99.79530879999997;99.43737759999985;99.86439759999995;99.43737759999985;99.43737759999985;99.43737759999985;99.41771039999985;99.79279199999995;99.79279199999995;99.6185119999999;99.6052511999999;99.5988447999999;99.79530879999997;99.86439759999995;99.79279199999995;99.79279199999995;99.79530879999997;99.86439759999995;99.86439759999995;99.86439759999995;
9000.120916000016;100.0;99.85918799999995;99.85918799999995;99.79530879999997;99.79279199999995;99.79279199999995;99.5855839999999;99.79279199999995;99.79530879999997;99.6052511999999;99.86439759999995;99.6249183999999;99.87782079999994;100.0;100.0;100.0;99.6249183999999;99.6249183999999;99.6249183999999;99.6249183999999;99.6249183999999;99.86439759999995;99.6052511999999;99.5855839999999;99.79279199999995;99.79279199999995;99.79530879999997;99.79279199999995;99.79530879999997;100.0;100.0;100.0;99.86439759999995;100.0;100.0;100.0;99.79279199999995;99.79279199999995;99.79279199999995;99.79279199999995;99.79530879999997;99.79530879999997;99.43737759999985;99.86439759999995;99.43737759999985;99.43737759999985;99.43737759999985;99.41771039999985;99.79279199999995;99.79279199999995;99.6052511999999;99.6052511999999;99.5855839999999;99.79530879999997;99.86439759999995;99.79279199999995;99.79279199999995;99.79530879999997;99.86439759999995;99.86439759999995;99.86439759999995;
9000.122005333349;100.0;99.85918799999995;99.85918799999995;99.79530879999997;99.79279199999995;99.79279199999995;99.5855839999999;99.79279199999995;99.79530879999997;99.6052511999999;99.86439759999995;99.6249183999999;99.87782079999994;100.0;100.0;100.0;99.6249183999999;99.6249183999999;99.6249183999999;99.6249183999999;99.6249183999999;99.86439759999995;99.6052511999999;99.5855839999999;99.79279199999995;99.79279199999995;99.79530879999997;99.79279199999995;99.79530879999997;100.0;100.0;100.0;99.86439759999995;100.0;100.0;100.0;99.79279199999995;99.79279199999995;99.79279199999995;99.79279199999995;99.79530879999997;99.79530879999997;99.43737759999985;99.86439759999995;99.43737759999985;99.43737759999985;99.43097119999985;99.41771039999985;99.79279199999995;99.79279199999995;99.6052511999999;99.6052511999999;99.5855839999999;99.79530879999997;99.86439759999995;99.79279199999995;99.79279199999995;99.79530879999997;99.86439759999995;99.86439759999995;99.86439759999995;
9000.122005333349;100.0;99.85918799999995;99.85918799999995;99.79530879999997;99.79279199999995;99.79279199999995;99.5855839999999;99.79279199999995;99.79530879999997;99.6052511999999;99.86439759999995;99.6249183999999;99.87782079999994;100.0;100.0;100.0;99.6249183999999;99.6249183999999;99.6249183999999;99.6249183999999;99.6249183999999;99.86439759999995;99.6052511999999;99.5855839999999;99.79279199999995;99.79279199999995;99.79530879999997;99.79279199999995;99.79530879999997;100.0;100.0;100.0;99.86439759999995;100.0;100.0;100.0;99.79279199999995;99.79279199999995;99.79279199999995;99.79279199999995;99.79530879999997;99.79530879999997;99.43737759999985;99.86439759999995;99.43737759999985;99.43737759999985;99.41771039999985;99.41771039999985;99.79279199999995;99.79279199999995;99.6052511999999;99.6052511999999;99.5855839999999;99.79530879999997;99.86439759999995;99.79279199999995;99.79279199999995;99.79530879999997;99.86439759999995;99.86439759999995;99.86439759999995;
9000.130916000016;100.0;99.85918799999995;99.85918799999995;99.79530879999997;99.79279199999995;99.79279199999995;99.5855839999999;99.79279199999995;99.79530879999997;99.6052511999999;99.86439759999995;99.6249183999999;99.87782079999994;100.0;100.0;100.0;99.6249183999999;99.6249183999999;99.6249183999999;99.6249183999999;99.6249183999999;99.86439759999995;99.6052511999999;99.5855839999999;99.79279199999995;99.79279199999995;99.79530879999997;99.79279199999995;99.79530879999997;100.0;100.0;100.0;99.86439759999995;100.0;100.0;100.0;99.79279199999995;99.79279199999995;99.79279199999995;99.79279199999995;99.79530879999997;99.79530879999997;99.43737759999985;99.86439759999995;99.43737759999985;99.43737759999985;99.41771039999985;99.41771039999985;99.79279199999995;99.79279199999995;99.6052511999999;99.6052511999999;99.5855839999999;99.79530879999997;99.86439759999995;99.79279199999995;99.79279199999995;99.79530879999997;99.86439759999995;99.86439759999995;99.86439759999995;
9000.144750666683;100.0;99.85918799999995;99.85918799999995;99.79530879999997;99.79279199999995;99.79279199999995;99.5855839999999;99.79279199999995;99.79530879999997;99.5988447999999;99.86439759999995;99.6185119999999;99.87782079999994;100.0;100.0;100.0;99.6249183999999;99.6249183999999;99.6249183999999;99.6249183999999;99.6185119999999;99.86439759999995;99.5988447999999;99.5855839999999;99.79279199999995;99.79279199999995;99.79530879999997;99.79279199999995;99.79530879999997;100.0;100.0;100.0;99.86439759999995;100.0;100.0;100.0;99.79279199999995;99.79279199999995;99.79279199999995;99.79279199999995;99.79530879999997;99.79530879999997;99.43737759999985;99.86439759999995;99.43737759999985;99.43737759999985;99.41771039999985;99.41130399999984;99.79279199999995;99.79279199999995;99.6052511999999;99.5988447999999;99.5855839999999;99.79530879999997;99.86439759999995;99.79279199999995;99.79279199999995;99.79530879999997;99.86439759999995;99.86439759999995;99.86439759999995;
9000.144750666683;100.0;99.85918799999995;99.85918799999995;99.79530879999997;99.79279199999995;99.79279199999995;99.5855839999999;99.79279199999995;99.79530879999997;99.5855839999999;99.86439759999995;99.6052511999999;99.87782079999994;100.0;100.0;100.0;99.6249183999999;99.6249183999999;99.6249183999999;99.6249183999999;99.6052511999999;99.86439759999995;99.5855839999999;99.5855839999999;99.79279199999995;99.79279199999995;99.79530879999997;99.79279199999995;99.79530879999997;100.0;100.0;100.0;99.86439759999995;100.0;100.0;100.0;99.79279199999995;99.79279199999995;99.79279199999995;99.79279199999995;99.79530879999997;99.79530879999997;99.43737759999985;99.86439759999995;99.43737759999985;99.43737759999985;99.41771039999985;99.39804319999985;99.79279199999995;99.79279199999995;99.6052511999999;99.5855839999999;99.5855839999999;99.79530879999997;99.86439759999995;99.79279199999995;99.79279199999995;99.79530879999997;99.86439759999995;99.86439759999995;99.86439759999995;
9000.145840000016;100.0;99.85918799999995;99.85918799999995;99.79530879999997;99.79279199999995;99.79279199999995;99.5855839999999;99.79279199999995;99.79530879999997;99.5855839999999;99.86439759999995;99.6052511999999;99.87782079999994;100.0;100.0;100.0;99.6249183999999;99.6249183999999;99.6249183999999;99.6249183999999;99.6052511999999;99.86439759999995;99.5855839999999;99.5855839999999;99.79279199999995;99.79279199999995;99.79530879999997;99.79279199999995;99.79530879999997;100.0;100.0;100.0;99.86439759999995;100.0;100.0;100.0;99.79279199999995;99.79279199999995;99.79279199999995;99.79279199999995;99.79530879999997;99.79530879999997;99.43737759999985;99.86439759999995;99.43737759999985;99.43097119999985;99.41771039999985;99.39804319999985;99.79279199999995;99.79279199999995;99.6052511999999;99.5855839999999;99.5855839999999;99.79530879999997;99.86439759999995;99.79279199999995;99.79279199999995;99.79530879999997;99.86439759999995;99.86439759999995;99.86439759999995;
9000.145840000016;100.0;99.85918799999995;99.85918799999995;99.79530879999997;99.79279199999995;99.79279199999995;99.5855839999999;99.79279199999995;99.79530879999997;99.5855839999999;99.86439759999995;99.6052511999999;99.87782079999994;100.0;100.0;100.0;99.6249183999999;99.6249183999999;99.6249183999999;99.6249183999999;99.6052511999999;99.86439759999995;99.5855839999999;99.5855839999999;99.79279199999995;99.79279199999995;99.79530879999997;99.79279199999995;99.79530879999997;100.0;100.0;100.0;99.86439759999995;100.0;100.0;100.0;99.79279199999995;99.79279199999995;99.79279199999995;99.79279199999995;99.79530879999997;99.79530879999997;99.43737759999985;99.86439759999995;99.43737759999985;99.41771039999985;99.41771039999985;99.39804319999985;99.79279199999995;99.79279199999995;99.6052511999999;99.5855839999999;99.5855839999999;99.79530879999997;99.86439759999995;99.79279199999995;99.79279199999995;99.79530879999997;99.86439759999995;99.86439759999995;99.86439759999995;
9000.154750666683;100.0;99.85918799999995;99.85918799999995;99.79530879999997;99.79279199999995;99.79279199999995;99.5855839999999;99.79279199999995;99.79530879999997;99.5855839999999;99.86439759999995;99.6052511999999;99.87782079999994;100.0;100.0;100.0;99.6249183999999;99.6249183999999;99.6249183999999;99.6249183999999;99.6052511999999;99.86439759999995;99.5855839999999;99.5855839999999;99.79279199999995;99.79279199999995;99.79530879999997;99.79279199999995;99.79530879999997;100.0;100.0;100.0;99.86439759999995;100.0;100.0;100.0;99.79279199999995;99.79279199999995;99.79279199999995;99.79279199999995;99.79530879999997;99.79530879999997;99.43737759999985;99.86439759999995;99.43737759999985;99.41771039999985;99.41771039999985;99.39804319999985;99.79279199999995;99.79279199999995;99.6052511999999;99.5855839999999;99.5855839999999;99.79530879999997;99.86439759999995;99.79279199999995;99.79279199999995;99.79530879999997;99.86439759999995;99.86439759999995;99.86439759999995;
9000.16858533335;100.0;99.85918799999995;99.85918799999995;99.79530879999997;99.79279199999995;99.79279199999995;99.5855839999999;99.79279199999995;99.79530879999997;99.5855839999999;99.86439759999995;99.5988447999999;99.87141439999994;100.0;100.0;100.0;99.6249183999999;99.6249183999999;99.6249183999999;99.6185119999999;99.5988447999999;99.86439759999995;99.5855839999999;99.5855839999999;99.79279199999995;99.79279199999995;99.79530879999997;99.79279199999995;99.79530879999997;100.0;100.0;100.0;99.86439759999995;100.0;100.0;100.0;99.79279199999995;99.79279199999995;99.79279199999995;99.79279199999995;99.79530879999997;99.79530879999997;99.43737759999985;99.86439759999995;99.43737759999985;99.41771039999985;99.41130399999984;99.39804319999985;99.79279199999995;99.79279199999995;99.5988447999999;99.5855839999999;99.5855839999999;99.79530879999997;99.86439759999995;99.79279199999995;99.79279199999995;99.79530879999997;99.86439759999995;99.86439759999995;99.86439759999995;
9000.16858533335;100.0;99.85918799999995;99.85918799999995;99.79530879999997;99.79279199999995;99.79279199999995;99.5855839999999;99.79279199999995;99.79530879999997;99.5855839999999;99.86439759999995;99.5855839999999;99.87141439999994;100.0;100.0;100.0;99.6249183999999;99.6249183999999;99.6249183999999;99.6052511999999;99.5855839999999;99.86439759999995;99.5855839999999;99.5855839999999;99.79279199999995;99.79279199999995;99.79530879999997;99.79279199999995;99.79530879999997;100.0;100.0;100.0;99.86439759999995;100.0;100.0;100.0;99.79279199999995;99.79279199999995;99.79279199999995;99.79279199999995;99.79530879999997;99.79530879999997;99.43737759999985;99.86439759999995;99.43737759999985;99.41771039999985;99.39804319999985;99.39804319999985;99.79279199999995;99.79279199999995;99.5855839999999;99.5855839999999;99.5855839999999;99.79530879999997;99.86439759999995;99.79279199999995;99.79279199999995;99.79530879999997;99.86439759999995;99.86439759999995;99.86439759999995;
9000.169674666682;100.0;99.85918799999995;99.85918799999995;99.79530879999997;99.79279199999995;99.79279199999995;99.5855839999999;99.79279199999995;99.79530879999997;99.5855839999999;99.86439759999995;99.5855839999999;99.87141439999994;100.0;100.0;100.0;99.6249183999999;99.6249183999999;99.6249183999999;99.6052511999999;99.5855839999999;99.86439759999995;99.5855839999999;99.5855839999999;99.79279199999995;99.79279199999995;99.79530879999997;99.79279199999995;99.79530879999997;100.0;100.0;100.0;99.86439759999995;100.0;100.0;100.0;99.79279199999995;99.79279199999995;99.79279199999995;99.79279199999995;99.79530879999997;99.79530879999997;99.43737759999985;99.86439759999995;99.43097119999985;99.41771039999985;99.39804319999985;99.39804319999985;99.79279199999995;99.79279199999995;99.5855839999999;99.5855839999999;99.5855839999999;99.79530879999997;99.86439759999995;99.79279199999995;99.79279199999995;99.79530879999997;99.86439759999995;99.86439759999995;99.86439759999995;
9000.169674666682;100.0;99.85918799999995;99.85918799999995;99.79530879999997;99.79279199999995;99.79279199999995;99.5855839999999;99.79279199999995;99.79530879999997;99.5855839999999;99.86439759999995;99.5855839999999;99.87141439999994;100.0;100.0;100.0;99.6249183999999;99.6249183999999;99.6249183999999;99.6052511999999;99.5855839999999;99.86439759999995;99.5855839999999;99.5855839999999;99.79279199999995;99.79279199999995;99.79530879999997;99.79279199999995;99.79530879999997;100.0;100.0;100.0;99.86439759999995;100.0;100.0;100.0;99.79279199999995;99.79279199999995;99.79279199999995;99.79279199999995;99.79530879999997;99.79530879999997;99.43737759999985;99.86439759999995;99.41771039999985;99.41771039999985;99.39804319999985;99.39804319999985;99.79279199999995;99.79279199999995;99.5855839999999;99.5855839999999;99.5855839999999;99.79530879999997;99.86439759999995;99.79279199999995;99.79279199999995;99.79530879999997;99.86439759999995;99.86439759999995;99.86439759999995;
9000.192420000016;100.0;99.85918799999995;99.85918799999995;99.79530879999997;99.79279199999995;99.79279199999995;99.5855839999999;99.79279199999995;99.79530879999997;99.5855839999999;99.86439759999995;99.5855839999999;99.86500799999993;100.0;100.0;100.0;99.6249183999999;99.6249183999999;99.6185119999999;99.5988447999999;99.5855839999999;99.86439759999995;99.5855839999999;99.5855839999999;99.79279199999995;99.79279199999995;99.79530879999997;99.79279199999995;99.79530879999997;100.0;100.0;100.0;99.86439759999995;100.0;100.0;100.0;99.79279199999995;99.79279199999995;99.79279199999995;99.79279199999995;99.79530879999997;99.79530879999997;99.43737759999985;99.86439759999995;99.41771039999985;99.41130399999984;99.39804319999985;99.39163679999984;99.79279199999995;99.79279199999995;99.5855839999999;99.5855839999999;99.5855839999999;99.79530879999997;99.86439759999995;99.79279199999995;99.79279199999995;99.79530879999997;99.86439759999995;99.86439759999995;99.86439759999995;
9000.192420000016;100.0;99.85918799999995;99.85918799999995;99.79530879999997;99.79279199999995;99.79279199999995;99.5855839999999;99.79279199999995;99.79530879999997;99.5855839999999;99.86439759999995;99.5855839999999;99.86500799999993;100.0;100.0;100.0;99.6249183999999;99.6249183999999;99.6052511999999;99.5855839999999;99.5855839999999;99.86439759999995;99.5855839999999;99.5855839999999;99.79279199999995;99.79279199999995;99.79530879999997;99.79279199999995;99.79530879999997;100.0;100.0;100.0;99.86439759999995;100.0;100.0;100.0;99.79279199999995;99.79279199999995;99.79279199999995;99.79279199999995;99.79530879999997;99.79530879999997;99.43737759999985;99.86439759999995;99.41771039999985;99.39804319999985;99.39804319999985;99.37837599999985;99.79279199999995;99.79279199999995;99.5855839999999;99.5855839999999;99.5855839999999;99.79530879999997;99.86439759999995;99.79279199999995;99.79279199999995;99.79530879999997;99.86439759999995;99.86439759999995;99.86439759999995;
9000.193509333349;100.0;99.85918799999995;99.85918799999995;99.79530879999997;99.79279199999995;99.79279199999995;99.5855839999999;99.79279199999995;99.79530879999997;99.5855839999999;99.86439759999995;99.5855839999999;99.86500799999993;100.0;100.0;100.0;99.6249183999999;99.6249183999999;99.6052511999999;99.5855839999999;99.5855839999999;99.86439759999995;99.5855839999999;99.5855839999999;99.79279199999995;99.79279199999995;99.79530879999997;99.79279199999995;99.79530879999997;100.0;100.0;100.0;99.86439759999995;100.0;100.0;100.0;99.79279199999995;99.79279199999995;99.79279199999995;99.79279199999995;99.79530879999997;99.79530879999997;99.43097119999985;99.86439759999995;99.41771039999985;99.39804319999985;99.39804319999985;99.37837599999985;99.79279199999995;99.79279199999995;99.5855839999999;99.5855839999999;99.5855839999999;99.79530879999997;99.86439759999995;99.79279199999995;99.79279199999995;99.79530879999997;99.86439759999995;99.86439759999995;99.86439759999995;
9000.193509333349;100.0;99.85918799999995;99.85918799999995;99.79530879999997;99.79279199999995;99.79279199999995;99.5855839999999;99.79279199999995;99.79530879999997;99.5855839999999;99.86439759999995;99.5855839999999;99.86500799999993;100.0;100.0;100.0;99.6249183999999;99.6249183999999;99.6052511999999;99.5855839999999;99.5855839999999;99.86439759999995;99.5855839999999;99.5855839999999;99.79279199999995;99.79279199999995;99.79530879999997;99.79279199999995;99.79530879999997;100.0;100.0;100.0;99.86439759999995;100.0;100.0;100.0;99.79279199999995;99.79279199999995;99.79279199999995;99.79279199999995;99.79530879999997;99.79530879999997;99.41771039999985;99.86439759999995;99.41771039999985;99.39804319999985;99.39804319999985;99.37837599999985;99.79279199999995;99.79279199999995;99.5855839999999;99.5855839999999;99.5855839999999;99.79530879999997;99.86439759999995;99.79279199999995;99.79279199999995;99.79530879999997;99.86439759999995;99.86439759999995;99.86439759999995;
9000.202420000016;100.0;99.85918799999995;99.85918799999995;99.79530879999997;99.79279199999995;99.79279199999995;99.5855839999999;99.79279199999995;99.79530879999997;99.5855839999999;99.86439759999995;99.5855839999999;99.86500799999993;100.0;100.0;100.0;99.6249183999999;99.6249183999999;99.6052511999999;99.5855839999999;99.5855839999999;99.86439759999995;99.5855839999999;99.5855839999999;99.79279199999995;99.79279199999995;99.79530879999997;99.79279199999995;99.79530879999997;100.0;100.0;100.0;99.86439759999995;100.0;100.0;100.0;99.79279199999995;99.79279199999995;99.79279199999995;99.79279199999995;99.79530879999997;99.79530879999997;99.41771039999985;99.86439759999995;99.41771039999985;99.39804319999985;99.39804319999985;99.37837599999985;99.79279199999995;99.79279199999995;99.5855839999999;99.5855839999999;99.5855839999999;99.79530879999997;99.86439759999995;99.79279199999995;99.79279199999995;99.79530879999997;99.86439759999995;99.86439759999995;99.86439759999995;
9000.216254666682;100.0;99.85918799999995;99.85918799999995;99.79530879999997;99.79279199999995;99.79279199999995;99.5855839999999;99.79279199999995;99.79530879999997;99.5855839999999;99.86439759999995;99.5855839999999;99.86500799999993;100.0;100.0;100.0;99.6249183999999;99.6185119999999;99.5988447999999;99.5855839999999;99.5855839999999;99.86439759999995;99.5855839999999;99.5855839999999;99.79279199999995;99.79279199999995;99.79530879999997;99.79279199999995;99.79530879999997;100.0;100.0;100.0;99.86439759999995;100.0;100.0;100.0;99.79279199999995;99.79279199999995;99.79279199999995;99.79279199999995;99.79530879999997;99.79530879999997;99.41771039999985;99.86439759999995;99.41130399999984;99.39804319999985;99.39163679999984;99.37837599999985;99.79279199999995;99.79279199999995;99.5855839999999;99.5855839999999;99.5855839999999;99.79530879999997;99.86439759999995;99.79279199999995;99.79279199999995;99.79530879999997;99.86439759999995;99.86439759999995;99.86439759999995;
9000.216254666682;100.0;99.85918799999995;99.85918799999995;99.79530879999997;99.79279199999995;99.79279199999995;99.5855839999999;99.79279199999995;99.79530879999997;99.5855839999999;99.86439759999995;99.5855839999999;99.86500799999993;100.0;100.0;100.0;99.6249183999999;99.6052511999999;99.5855839999999;99.5855839999999;99.5855839999999;99.86439759999995;99.5855839999999;99.5855839999999;99.79279199999995;99.79279199999995;99.79530879999997;99.79279199999995;99.79530879999997;100.0;100.0;100.0;99.86439759999995;100.0;100.0;100.0;99.79279199999995;99.79279199999995;99.79279199999995;99.79279199999995;99.79530879999997;99.79530879999997;99.41771039999985;99.86439759999995;99.39804319999985;99.39804319999985;99.37837599999985;99.37837599999985;99.79279199999995;99.79279199999995;99.5855839999999;99.5855839999999;99.5855839999999;99.79530879999997;99.86439759999995;99.79279199999995;99.79279199999995;99.79530879999997;99.86439759999995;99.86439759999995;99.86439759999995;
9000.217344000015;100.0;99.85918799999995;99.85918799999995;99.79530879999997;99.79279199999995;99.79279199999995;99.5855839999999;99.79279199999995;99.79530879999997;99.5855839999999;99.86439759999995;99.5855839999999;99.86500799999993;100.0;100.0;100.0;99.6249183999999;99.6052511999999;99.5855839999999;99.5855839999999;99.5855839999999;99.86439759999995;99.5855839999999;99.5855839999999;99.79279199999995;99.79279199999995;99.79530879999997;99.79279199999995;99.79530879999997;100.0;100.0;100.0;99.86439759999995;100.0;100.0;100.0;99.79279199999995;99.79279199999995;99.79279199999995;99.79279199999995;99.79530879999997;99.79530879999997;99.41771039999985;99.86439759999995;99.39804319999985;99.39804319999985;99.37837599999985;99.37837599999985;99.79279199999995;99.79279199999995;99.5855839999999;99.5855839999999;99.5855839999999;99.79530879999997;99.86439759999995;99.79279199999995;99.79279199999995;99.79530879999997;99.86439759999995;99.86439759999995;99.86439759999995;
9000.240089333349;100.0;99.85918799999995;99.85918799999995;99.79530879999997;99.79279199999995;99.79279199999995;99.5855839999999;99.79279199999995;99.79530879999997;99.5855839999999;99.86439759999995;99.5855839999999;99.86500799999993;100.0;100.0;100.0;99.6185119999999;99.5988447999999;99.5855839999999;99.5855839999999;99.5855839999999;99.86439759999995;99.5855839999999;99.5855839999999;99.79279199999995;99.79279199999995;99.79530879999997;99.79279199999995;99.79530879999997;100.0;100.0;100.0;99.86439759999995;100.0;100.0;100.0;99.79279199999995;99.79279199999995;99.79279199999995;99.79279199999995;99.79530879999997;99.79530879999997;99.41130399999984;99.86439759999995;99.39804319999985;99.39163679999984;99.37837599999985;99.37837599999985;99.79279199999995;99.79279199999995;99.5855839999999;99.5855839999999;99.5855839999999;99.79530879999997;99.86439759999995;99.79279199999995;99.79279199999995;99.79530879999997;99.86439759999995;99.86439759999995;99.86439759999995;
9000.240089333349;100.0;99.85918799999995;99.85918799999995;99.79530879999997;99.79279199999995;99.79279199999995;99.5855839999999;99.79279199999995;99.79530879999997;99.5855839999999;99.86439759999995;99.5855839999999;99.86500799999993;100.0;100.0;100.0;99.6052511999999;99.5855839999999;99.5855839999999;99.5855839999999;99.5855839999999;99.86439759999995;99.5855839999999;99.5855839999999;99.79279199999995;99.79279199999995;99.79530879999997;99.79279199999995;99.79530879999997;100.0;100.0;100.0;99.86439759999995;100.0;100.0;100.0;99.79279199999995;99.79279199999995;99.79279199999995;99.79279199999995;99.79530879999997;99.79530879999997;99.39804319999985;99.86439759999995;99.39804319999985;99.37837599999985;99.37837599999985;99.37837599999985;99.79279199999995;99.79279199999995;99.5855839999999;99.5855839999999;99.5855839999999;99.79530879999997;99.86439759999995;99.79279199999995;99.79279199999995;99.79530879999997;99.86439759999995;99.86439759999995;99.86439759999995;
9000.263924000015;100.0;99.85918799999995;99.85918799999995;99.79530879999997;99.79279199999995;99.79279199999995;99.5855839999999;99.79279199999995;99.79530879999997;99.5855839999999;99.86439759999995;99.5855839999999;99.86500799999993;100.0;100.0;100.0;99.5988447999999;99.5855839999999;99.5855839999999;99.5855839999999;99.5855839999999;99.86439759999995;99.5855839999999;99.5855839999999;99.79279199999995;99.79279199999995;99.79530879999997;99.79279199999995;99.79530879999997;100.0;100.0;100.0;99.86439759999995;100.0;100.0;100.0;99.79279199999995;99.79279199999995;99.79279199999995;99.79279199999995;99.79530879999997;99.79530879999997;99.39804319999985;99.86439759999995;99.39163679999984;99.37837599999985;99.37837599999985;99.37837599999985;99.79279199999995;99.79279199999995;99.5855839999999;99.5855839999999;99.5855839999999;99.79530879999997;99.86439759999995;99.79279199999995;99.79279199999995;99.79530879999997;99.86439759999995;99.86439759999995;99.86439759999995;
9000.263924000015;100.0;99.85918799999995;99.85918799999995;99.79530879999997;99.79279199999995;99.79279199999995;99.5855839999999;99.79279199999995;99.79530879999997;99.5855839999999;99.86439759999995;99.5855839999999;99.86500799999993;100.0;100.0;100.0;99.5855839999999;99.5855839999999;99.5855839999999;99.5855839999999;99.5855839999999;99.86439759999995;99.5855839999999;99.5855839999999;99.79279199999995;99.79279199999995;99.79530879999997;99.79279199999995;99.79530879999997;100.0;100.0;100.0;99.86439759999995;100.0;100.0;100.0;99.79279199999995;99.79279199999995;99.79279199999995;99.79279199999995;99.79530879999997;99.79530879999997;99.39804319999985;99.86439759999995;99.37837599999985;99.37837599999985;99.37837599999985;99.37837599999985;99.79279199999995;99.79279199999995;99.5855839999999;99.5855839999999;99.5855839999999;99.79530879999997;99.86439759999995;99.79279199999995;99.79279199999995;99.79530879999997;99.86439759999995;99.86439759999995;99.86439759999995;
9000.287758666682;100.0;99.85918799999995;99.85918799999995;99.79530879999997;99.79279199999995;99.79279199999995;99.5855839999999;99.79279199999995;99.79530879999997;99.5855839999999;99.86439759999995;99.5855839999999;99.86500799999993;100.0;100.0;100.0;99.5855839999999;99.5855839999999;99.5855839999999;99.5855839999999;99.5855839999999;99.86439759999995;99.5855839999999;99.5855839999999;99.79279199999995;99.79279199999995;99.79530879999997;99.79279199999995;99.79530879999997;100.0;100.0;100.0;99.86439759999995;100.0;100.0;100.0;99.79279199999995;99.79279199999995;99.79279199999995;99.79279199999995;99.79530879999997;99.79530879999997;99.39163679999984;99.86439759999995;99.37837599999985;99.37837599999985;99.37837599999985;99.37837599999985;99.79279199999995;99.79279199999995;99.5855839999999;99.5855839999999;99.5855839999999;99.79530879999997;99.86439759999995;99.79279199999995;99.79279199999995;99.79530879999997;99.86439759999995;99.86439759999995;99.86439759999995;
9000.287758666682;100.0;99.85918799999995;99.85918799999995;99.79530879999997;99.79279199999995;99.79279199999995;99.5855839999999;99.79279199999995;99.79530879999997;99.5855839999999;99.86439759999995;99.5855839999999;99.86500799999993;100.0;100.0;100.0;99.5855839999999;99.5855839999999;99.5855839999999;99.5855839999999;99.5855839999999;99.86439759999995;99.5855839999999;99.5855839999999;99.79279199999995;99.79279199999995;99.79530879999997;99.79279199999995;99.79530879999997;100.0;100.0;100.0;99.86439759999995;100.0;100.0;100.0;99.79279199999995;99.79279199999995;99.79279199999995;99.79279199999995;99.79530879999997;99.79530879999997;99.37837599999985;99.86439759999995;99.37837599999985;99.37837599999985;99.37837599999985;99.37837599999985;99.79279199999995;99.79279199999995;99.5855839999999;99.5855839999999;99.5855839999999;99.79530879999997;99.86439759999995;99.79279199999995;99.79279199999995;99.79530879999997;99.86439759999995;99.86439759999995;99.86439759999995;
9000.311593333348;100.0;99.85918799999995;99.85918799999995;99.79530879999997;99.79279199999995;99.79279199999995;99.5855839999999;99.79279199999995;99.79530879999997;99.5855839999999;99.86439759999995;99.5855839999999;99.86500799999993;100.0;100.0;100.0;99.5855839999999;99.5855839999999;99.5855839999999;99.5855839999999;99.5855839999999;99.86439759999995;99.5855839999999;99.5855839999999;99.79279199999995;99.79279199999995;99.79530879999997;99.79279199999995;99.79530879999997;100.0;100.0;100.0;99.86439759999995;100.0;100.0;100.0;99.79279199999995;99.79279199999995;99.79279199999995;99.79279199999995;99.79530879999997;99.79530879999997;99.37837599999985;99.86439759999995;99.37837599999985;99.37837599999985;99.37837599999985;99.37837599999985;99.79279199999995;99.79279199999995;99.5855839999999;99.5855839999999;99.5855839999999;99.79530879999997;99.86439759999995;99.79279199999995;99.79279199999995;99.79530879999997;99.86439759999995;99.86439759999995;99.86439759999995;
9600.000000000015;100.0;99.85918799999995;99.85918799999995;99.79530879999997;99.79279199999995;99.79279199999995;99.5855839999999;99.79279199999995;99.79530879999997;99.5855839999999;99.86439759999995;99.5855839999999;99.86500799999993;100.0;100.0;100.0;99.5855839999999;99.5855839999999;99.5855839999999;99.5855839999999;99.5855839999999;99.86439759999995;99.5855839999999;99.5855839999999;99.79279199999995;99.79279199999995;99.79530879999997;99.79279199999995;99.79530879999997;100.0;100.0;100.0;99.86439759999995;100.0;100.0;100.0;99.79279199999995;99.79279199999995;99.79279199999995;99.79279199999995;99.79530879999997;99.79530879999997;99.37837599999985;99.86439759999995;99.37837599999985;99.37837599999985;99.37837599999985;99.37837599999985;99.79279199999995;99.79279199999995;99.5855839999999;99.5855839999999;99.5855839999999;99.79530879999997;99.86439759999995;99.79279199999995;99.79279199999995;99.79530879999997;99.86439759999995;99.86439759999995;99.86439759999995;
9900.026666666683;100.0;99.85908799999994;99.85908799999994;99.79530879999997;99.79279199999995;99.79279199999995;99.5855839999999;99.79279199999995;99.79530879999997;99.5855839999999;99.86429759999994;99.5855839999999;99.86500799999993;100.0;100.0;100.0;99.5855839999999;99.5855839999999;99.5855839999999;99.5855839999999;99.5855839999999;99.86429759999994;99.5855839999999;99.5855839999999;99.79279199999995;99.79279199999995;99.79530879999997;99.79279199999995;99.79530879999997;100.0;100.0;100.0;99.86429759999994;100.0;100.0;100.0;99.79279199999995;99.79279199999995;99.79279199999995;99.79279199999995;99.79530879999997;99.79530879999997;99.37837599999985;99.86429759999994;99.37837599999985;99.37837599999985;99.37837599999985;99.37837599999985;99.79279199999995;99.79279199999995;99.5855839999999;99.5855839999999;99.5855839999999;99.79530879999997;99.86429759999994;99.79279199999995;99.79279199999995;99.79530879999997;99.86429759999994;99.86429759999994;99.86429759999994;
9900.026666666683;100.0;99.85908799999994;99.85908799999994;99.79530879999997;99.79279199999995;99.79279199999995;99.5855839999999;99.79279199999995;99.79530879999997;99.5855839999999;99.85151039999994;99.5855839999999;99.86500799999993;100.0;100.0;100.0;99.5855839999999;99.5855839999999;99.5855839999999;99.5855839999999;99.5855839999999;99.85151039999994;99.5855839999999;99.5855839999999;99.79279199999995;99.79279199999995;99.79530879999997;99.79279199999995;99.79530879999997;100.0;100.0;100.0;99.85151039999994;100.0;100.0;100.0;99.79279199999995;99.79279199999995;99.79279199999995;99.79279199999995;99.79530879999997;99.79530879999997;99.37837599999985;99.85151039999994;99.37837599999985;99.37837599999985;99.37837599999985;99.37837599999985;99.79279199999995;99.79279199999995;99.5855839999999;99.5855839999999;99.5855839999999;99.79530879999997;99.85151039999994;99.79279199999995;99.79279199999995;99.79530879999997;99.85151039999994;99.85151039999994;99.85151039999994;
9900.026666666683;100.0;99.84582719999995;99.84582719999995;99.79530879999997;99.79279199999995;99.79279199999995;99.5855839999999;99.79279199999995;99.79530879999997;99.5855839999999;99.85151039999994;99.5855839999999;99.86500799999993;100.0;100.0;100.0;99.5855839999999;99.5855839999999;99.5855839999999;99.5855839999999;99.5855839999999;99.85151039999994;99.5855839999999;99.5855839999999;99.79279199999995;99.79279199999995;99.79530879999997;99.79279199999995;99.79530879999997;100.0;100.0;100.0;99.85151039999994;100.0;100.0;100.0;99.79279199999995;99.79279199999995;99.79279199999995;99.79279199999995;99.79530879999997;99.79530879999997;99.37837599999985;99.85151039999994;99.37837599999985;99.37837599999985;99.37837599999985;99.37837599999985;99.79279199999995;99.79279199999995;99.5855839999999;99.5855839999999;99.5855839999999;99.79530879999997;99.85151039999994;99.79279199999995;99.79279199999995;99.79530879999997;99.85151039999994;99.85151039999994;99.85151039999994;
9900.049412000017;100.0;99.84582719999995;99.84582719999995;99.78913119999997;99.79279199999995;99.79279199999995;99.5855839999999;99.79279199999995;99.78913119999997;99.5855839999999;99.85151039999994;99.5855839999999;99.86500799999993;100.0;100.0;100.0;99.5855839999999;99.5855839999999;99.5855839999999;99.5855839999999;99.5855839999999;99.85151039999994;99.5855839999999;99.5855839999999;99.79279199999995;99.79279199999995;99.78913119999997;99.79279199999995;99.78913119999997;100.0;100.0;100.0;99.85151039999994;100.0;100.0;100.0;99.79279199999995;99.79279199999995;99.79279199999995;99.79279199999995;99.78913119999997;99.78913119999997;99.37837599999985;99.85151039999994;99.37837599999985;99.37837599999985;99.37837599999985;99.37837599999985;99.79279199999995;99.79279199999995;99.5855839999999;99.5855839999999;99.5855839999999;99.78913119999997;99.85151039999994;99.79279199999995;99.79279199999995;99.78913119999997;99.85151039999994;99.85151039999994;99.85151039999994;
9900.049412000017;100.0;99.84582719999995;99.84582719999995;99.77587039999997;99.79279199999995;99.79279199999995;99.5855839999999;99.79279199999995;99.77587039999997;99.5855839999999;99.85151039999994;99.5855839999999;99.86500799999993;100.0;100.0;100.0;99.5855839999999;99.5855839999999;99.5855839999999;99.5855839999999;99.5855839999999;99.85151039999994;99.5855839999999;99.5855839999999;99.79279199999995;99.79279199999995;99.77587039999997;99.79279199999995;99.77587039999997;100.0;100.0;100.0;99.85151039999994;100.0;100.0;100.0;99.79279199999995;99.79279199999995;99.79279199999995;99.79279199999995;99.77587039999997;99.77587039999997;99.37837599999985;99.85151039999994;99.37837599999985;99.37837599999985;99.37837599999985;99.37837599999985;99.79279199999995;99.79279199999995;99.5855839999999;99.5855839999999;99.5855839999999;99.77587039999997;99.85151039999994;99.79279199999995;99.79279199999995;99.77587039999997;99.85151039999994;99.85151039999994;99.85151039999994;
9900.05050133335;100.0;99.84582719999995;99.84582719999995;99.77587039999997;99.79279199999995;99.79279199999995;99.5855839999999;99.79279199999995;99.77587039999997;99.5855839999999;99.85151039999994;99.5855839999999;99.86500799999993;100.0;100.0;100.0;99.5855839999999;99.5855839999999;99.5855839999999;99.5855839999999;99.5855839999999;99.85151039999994;99.5855839999999;99.5855839999999;99.79279199999995;99.79279199999995;99.77587039999997;99.79279199999995;99.77587039999997;100.0;100.0;100.0;99.85151039999994;100.0;100.0;100.0;99.79279199999995;99.78638559999995;99.79279199999995;99.79279199999995;99.77587039999997;99.77587039999997;99.37837599999985;99.85151039999994;99.37837599999985;99.37837599999985;99.37837599999985;99.37837599999985;99.79279199999995;99.78638559999995;99.5855839999999;99.5855839999999;99.5855839999999;99.77587039999997;99.85151039999994;99.79279199999995;99.79279199999995;99.77587039999997;99.85151039999994;99.85151039999994;99.85151039999994;
9900.05050133335;100.0;99.84582719999995;99.84582719999995;99.77587039999997;99.79279199999995;99.79279199999995;99.5855839999999;99.79279199999995;99.77587039999997;99.5855839999999;99.85151039999994;99.5855839999999;99.86500799999993;100.0;100.0;100.0;99.5855839999999;99.5855839999999;99.5855839999999;99.5855839999999;99.5855839999999;99.85151039999994;99.5855839999999;99.5855839999999;99.79279199999995;99.79279199999995;99.77587039999997;99.79279199999995;99.77587039999997;100.0;100.0;100.0;99.85151039999994;100.0;100.0;100.0;99.79279199999995;99.77312479999995;99.79279199999995;99.79279199999995;99.77587039999997;99.77587039999997;99.37837599999985;99.85151039999994;99.37837599999985;99.37837599999985;99.37837599999985;99.37837599999985;99.79279199999995;99.77312479999995;99.5855839999999;99.5855839999999;99.5855839999999;99.77587039999997;99.85151039999994;99.79279199999995;99.79279199999995;99.77587039999997;99.85151039999994;99.85151039999994;99.85151039999994;
9900.059412000017;100.0;99.84582719999995;99.84582719999995;99.77587039999997;99.79279199999995;99.79279199999995;99.5855839999999;99.79279199999995;99.77587039999997;99.5855839999999;99.85151039999994;99.5855839999999;99.86500799999993;100.0;100.0;100.0;99.5855839999999;99.5855839999999;99.5855839999999;99.5855839999999;99.5855839999999;99.85151039999994;99.5855839999999;99.5855839999999;99.79279199999995;99.79279199999995;99.77587039999997;99.79279199999995;99.77587039999997;100.0;100.0;100.0;99.85151039999994;100.0;100.0;100.0;99.79279199999995;99.77312479999995;99.79279199999995;99.79279199999995;99.77587039999997;99.77587039999997;99.37837599999985;99.85151039999994;99.37837599999985;99.37837599999985;99.37837599999985;99.37837599999985;99.79279199999995;99.77312479999995;99.5855839999999;99.5855839999999;99.5855839999999;99.77587039999997;99.85151039999994;99.79279199999995;99.79279199999995;99.77587039999997;99.85151039999994;99.85151039999994;99.85151039999994;
9900.073246666683;100.0;99.84582719999995;99.84582719999995;99.77587039999997;99.78638559999995;99.79279199999995;99.5855839999999;99.78638559999995;99.77587039999997;99.5855839999999;99.85151039999994;99.5855839999999;99.86500799999993;100.0;100.0;100.0;99.5855839999999;99.5855839999999;99.5855839999999;99.5855839999999;99.5855839999999;99.85151039999994;99.5855839999999;99.5855839999999;99.79279199999995;99.78638559999995;99.77587039999997;99.78638559999995;99.77587039999997;100.0;100.0;100.0;99.85151039999994;100.0;100.0;100.0;99.79279199999995;99.77312479999995;99.79279199999995;99.78638559999995;99.77587039999997;99.77587039999997;99.37837599999985;99.85151039999994;99.37837599999985;99.37837599999985;99.37837599999985;99.37837599999985;99.79279199999995;99.77312479999995;99.5855839999999;99.5855839999999;99.5791775999999;99.77587039999997;99.85151039999994;99.79279199999995;99.78638559999995;99.77587039999997;99.85151039999994;99.85151039999994;99.85151039999994;
9900.073246666683;100.0;99.84582719999995;99.84582719999995;99.77587039999997;99.77312479999995;99.79279199999995;99.5855839999999;99.77312479999995;99.77587039999997;99.5855839999999;99.85151039999994;99.5855839999999;99.86500799999993;100.0;100.0;100.0;99.5855839999999;99.5855839999999;99.5855839999999;99.5855839999999;99.5855839999999;99.85151039999994;99.5855839999999;99.5855839999999;99.79279199999995;99.77312479999995;99.77587039999997;99.77312479999995;99.77587039999997;100.0;100.0;100.0;99.85151039999994;100.0;100.0;100.0;99.79279199999995;99.77312479999995;99.79279199999995;99.77312479999995;99.77587039999997;99.77587039999997;99.37837599999985;99.85151039999994;99.37837599999985;99.37837599999985;99.37837599999985;99.37837599999985;99.79279199999995;99.77312479999995;99.5855839999999;99.5855839999999;99.5659167999999;99.77587039999997;99.85151039999994;99.79279199999995;99.77312479999995;99.77587039999997;99.85151039999994;99.85151039999994;99.85151039999994;
9900.074336000016;100.0;99.84582719999995;99.84582719999995;99.77587039999997;99.77312479999995;99.79279199999995;99.5855839999999;99.77312479999995;99.77587039999997;99.5855839999999;99.85151039999994;99.5855839999999;99.86500799999993;100.0;100.0;100.0;99.5855839999999;99.5855839999999;99.5855839999999;99.5855839999999;99.5855839999999;99.85151039999994;99.5855839999999;99.5855839999999;99.79279199999995;99.77312479999995;99.77587039999997;99.77312479999995;99.77587039999997;100.0;100.0;100.0;99.85151039999994;100.0;100.0;100.0;99.78638559999995;99.77312479999995;99.79279199999995;99.77312479999995;99.77587039999997;99.77587039999997;99.37837599999985;99.85151039999994;99.37837599999985;99.37837599999985;99.37837599999985;99.37837599999985;99.78638559999995;99.77312479999995;99.5855839999999;99.5855839999999;99.5659167999999;99.77587039999997;99.85151039999994;99.79279199999995;99.77312479999995;99.77587039999997;99.85151039999994;99.85151039999994;99.85151039999994;
9900.074336000016;100.0;99.84582719999995;99.84582719999995;99.77587039999997;99.77312479999995;99.79279199999995;99.5855839999999;99.77312479999995;99.77587039999997;99.5855839999999;99.85151039999994;99.5855839999999;99.86500799999993;100.0;100.0;100.0;99.5855839999999;99.5855839999999;99.5855839999999;99.5855839999999;99.5855839999999;99.85151039999994;99.5855839999999;99.5855839999999;99.79279199999995;99.77312479999995;99.77587039999997;99.77312479999995;99.77587039999997;100.0;100.0;100.0;99.85151039999994;100.0;100.0;100.0;99.77312479999995;99.77312479999995;99.79279199999995;99.77312479999995;99.77587039999997;99.77587039999997;99.37837599999985;99.85151039999994;99.37837599999985;99.37837599999985;99.37837599999985;99.37837599999985;99.77312479999995;99.77312479999995;99.5855839999999;99.5855839999999;99.5659167999999;99.77587039999997;99.85151039999994;99.79279199999995;99.77312479999995;99.77587039999997;99.85151039999994;99.85151039999994;99.85151039999994;
9900.084336000016;100.0;99.84582719999995;99.84582719999995;99.77587039999997;99.77312479999995;99.79279199999995;99.5855839999999;99.77312479999995;99.77587039999997;99.5855839999999;99.85151039999994;99.5855839999999;99.86500799999993;100.0;100.0;100.0;99.5855839999999;99.5855839999999;99.5855839999999;99.5855839999999;99.5855839999999;99.85151039999994;99.5855839999999;99.5855839999999;99.79279199999995;99.77312479999995;99.77587039999997;99.77312479999995;99.77587039999997;100.0;100.0;100.0;99.85151039999994;100.0;100.0;100.0;99.77312479999995;99.77312479999995;99.79279199999995;99.77312479999995;99.77587039999997;99.77587039999997;99.37837599999985;99.85151039999994;99.37837599999985;99.37837599999985;99.37837599999985;99.37837599999985;99.77312479999995;99.77312479999995;99.5855839999999;99.5855839999999;99.5659167999999;99.77587039999997;99.85151039999994;99.79279199999995;99.77312479999995;99.77587039999997;99.85151039999994;99.85151039999994;99.85151039999994;
9900.09708133335;100.0;99.84582719999995;99.84582719999995;99.77587039999997;99.77312479999995;99.78638559999995;99.5791775999999;99.77312479999995;99.77587039999997;99.5855839999999;99.85151039999994;99.5855839999999;99.86500799999993;100.0;100.0;100.0;99.5855839999999;99.5855839999999;99.5855839999999;99.5855839999999;99.5855839999999;99.85151039999994;99.5855839999999;99.5791775999999;99.78638559999995;99.77312479999995;99.77587039999997;99.77312479999995;99.77587039999997;100.0;100.0;100.0;99.85151039999994;100.0;100.0;100.0;99.77312479999995;99.77312479999995;99.78638559999995;99.77312479999995;99.77587039999997;99.77587039999997;99.37837599999985;99.85151039999994;99.37837599999985;99.37837599999985;99.37837599999985;99.37837599999985;99.77312479999995;99.77312479999995;99.5855839999999;99.5791775999999;99.5659167999999;99.77587039999997;99.85151039999994;99.78638559999995;99.77312479999995;99.77587039999997;99.85151039999994;99.85151039999994;99.85151039999994;
9900.09708133335;100.0;99.84582719999995;99.84582719999995;99.77587039999997;99.77312479999995;99.77312479999995;99.5659167999999;99.77312479999995;99.77587039999997;99.5855839999999;99.85151039999994;99.5855839999999;99.86500799999993;100.0;100.0;100.0;99.5855839999999;99.5855839999999;99.5855839999999;99.5855839999999;99.5855839999999;99.85151039999994;99.5855839999999;99.5659167999999;99.77312479999995;99.77312479999995;99.77587039999997;99.77312479999995;99.77587039999997;100.0;100.0;100.0;99.85151039999994;100.0;100.0;100.0;99.77312479999995;99.77312479999995;99.77312479999995;99.77312479999995;99.77587039999997;99.77587039999997;99.37837599999985;99.85151039999994;99.37837599999985;99.37837599999985;99.37837599999985;99.37837599999985;99.77312479999995;99.77312479999995;99.5855839999999;99.5659167999999;99.5659167999999;99.77587039999997;99.85151039999994;99.77312479999995;99.77312479999995;99.77587039999997;99.85151039999994;99.85151039999994;99.85151039999994;
9900.098170666683;100.0;99.84582719999995;99.84582719999995;99.77587039999997;99.77312479999995;99.77312479999995;99.5659167999999;99.77312479999995;99.77587039999997;99.5855839999999;99.85151039999994;99.5855839999999;99.86500799999993;100.0;100.0;100.0;99.5855839999999;99.5855839999999;99.5855839999999;99.5855839999999;99.5855839999999;99.85151039999994;99.5855839999999;99.5659167999999;99.77312479999995;99.77312479999995;99.77587039999997;99.77312479999995;99.77587039999997;100.0;100.0;100.0;99.85151039999994;100.0;100.0;100.0;99.77312479999995;99.77312479999995;99.77312479999995;99.77312479999995;99.77587039999997;99.77587039999997;99.37837599999985;99.85151039999994;99.37837599999985;99.37837599999985;99.37837599999985;99.37196959999984;99.77312479999995;99.77312479999995;99.5855839999999;99.5659167999999;99.5659167999999;99.77587039999997;99.85151039999994;99.77312479999995;99.77312479999995;99.77587039999997;99.85151039999994;99.85151039999994;99.85151039999994;
9900.098170666683;100.0;99.84582719999995;99.84582719999995;99.77587039999997;99.77312479999995;99.77312479999995;99.5659167999999;99.77312479999995;99.77587039999997;99.5855839999999;99.85151039999994;99.5855839999999;99.86500799999993;100.0;100.0;100.0;99.5855839999999;99.5855839999999;99.5855839999999;99.5855839999999;99.5855839999999;99.85151039999994;99.5855839999999;99.5659167999999;99.77312479999995;99.77312479999995;99.77587039999997;99.77312479999995;99.77587039999997;100.0;100.0;100.0;99.85151039999994;100.0;100.0;100.0;99.77312479999995;99.77312479999995;99.77312479999995;99.77312479999995;99.77587039999997;99.77587039999997;99.37837599999985;99.85151039999994;99.37837599999985;99.37837599999985;99.37837599999985;99.35870879999985;99.77312479999995;99.77312479999995;99.5855839999999;99.5659167999999;99.5659167999999;99.77587039999997;99.85151039999994;99.77312479999995;99.77312479999995;99.77587039999997;99.85151039999994;99.85151039999994;99.85151039999994;
9900.10708133335;100.0;99.84582719999995;99.84582719999995;99.77587039999997;99.77312479999995;99.77312479999995;99.5659167999999;99.77312479999995;99.77587039999997;99.5855839999999;99.85151039999994;99.5855839999999;99.86500799999993;100.0;100.0;100.0;99.5855839999999;99.5855839999999;99.5855839999999;99.5855839999999;99.5855839999999;99.85151039999994;99.5855839999999;99.5659167999999;99.77312479999995;99.77312479999995;99.77587039999997;99.77312479999995;99.77587039999997;100.0;100.0;100.0;99.85151039999994;100.0;100.0;100.0;99.77312479999995;99.77312479999995;99.77312479999995;99.77312479999995;99.77587039999997;99.77587039999997;99.37837599999985;99.85151039999994;99.37837599999985;99.37837599999985;99.37837599999985;99.35870879999985;99.77312479999995;99.77312479999995;99.5855839999999;99.5659167999999;99.5659167999999;99.77587039999997;99.85151039999994;99.77312479999995;99.77312479999995;99.77587039999997;99.85151039999994;99.85151039999994;99.85151039999994;
9900.108170666683;100.0;99.84582719999995;99.84582719999995;99.77587039999997;99.77312479999995;99.77312479999995;99.5659167999999;99.77312479999995;99.77587039999997;99.5855839999999;99.85151039999994;99.5855839999999;99.86500799999993;100.0;100.0;100.0;99.5855839999999;99.5855839999999;99.5855839999999;99.5855839999999;99.5855839999999;99.85151039999994;99.5855839999999;99.5659167999999;99.77312479999995;99.77312479999995;99.77587039999997;99.77312479999995;99.77587039999997;100.0;100.0;100.0;99.85151039999994;100.0;100.0;100.0;99.77312479999995;99.77312479999995;99.77312479999995;99.77312479999995;99.77587039999997;99.77587039999997;99.37837599999985;99.85151039999994;99.37837599999985;99.37837599999985;99.37837599999985;99.35870879999985;99.77312479999995;99.77312479999995;99.5855839999999;99.5659167999999;99.5659167999999;99.77587039999997;99.85151039999994;99.77312479999995;99.77312479999995;99.77587039999997;99.85151039999994;99.85151039999994;99.85151039999994;
9900.120916000016;100.0;99.84582719999995;99.84582719999995;99.77587039999997;99.77312479999995;99.77312479999995;99.5595103999999;99.77312479999995;99.77587039999997;99.5791775999999;99.85151039999994;99.5855839999999;99.86500799999993;100.0;100.0;100.0;99.5855839999999;99.5855839999999;99.5855839999999;99.5855839999999;99.5855839999999;99.85151039999994;99.5791775999999;99.5595103999999;99.77312479999995;99.77312479999995;99.77587039999997;99.77312479999995;99.77587039999997;100.0;100.0;100.0;99.85151039999994;100.0;100.0;100.0;99.77312479999995;99.77312479999995;99.77312479999995;99.77312479999995;99.77587039999997;99.77587039999997;99.37837599999985;99.85151039999994;99.37837599999985;99.37837599999985;99.37837599999985;99.35870879999985;99.77312479999995;99.77312479999995;99.5791775999999;99.5659167999999;99.5595103999999;99.77587039999997;99.85151039999994;99.77312479999995;99.77312479999995;99.77587039999997;99.85151039999994;99.85151039999994;99.85151039999994;
9900.120916000016;100.0;99.84582719999995;99.84582719999995;99.77587039999997;99.77312479999995;99.77312479999995;99.5462495999999;99.77312479999995;99.77587039999997;99.5659167999999;99.85151039999994;99.5855839999999;99.86500799999993;100.0;100.0;100.0;99.5855839999999;99.5855839999999;99.5855839999999;99.5855839999999;99.5855839999999;99.85151039999994;99.5659167999999;99.5462495999999;99.77312479999995;99.77312479999995;99.77587039999997;99.77312479999995;99.77587039999997;100.0;100.0;100.0;99.85151039999994;100.0;100.0;100.0;99.77312479999995;99.77312479999995;99.77312479999995;99.77312479999995;99.77587039999997;99.77587039999997;99.37837599999985;99.85151039999994;99.37837599999985;99.37837599999985;99.37837599999985;99.35870879999985;99.77312479999995;99.77312479999995;99.5659167999999;99.5659167999999;99.5462495999999;99.77587039999997;99.85151039999994;99.77312479999995;99.77312479999995;99.77587039999997;99.85151039999994;99.85151039999994;99.85151039999994;
9900.122005333349;100.0;99.84582719999995;99.84582719999995;99.77587039999997;99.77312479999995;99.77312479999995;99.5462495999999;99.77312479999995;99.77587039999997;99.5659167999999;99.85151039999994;99.5855839999999;99.86500799999993;100.0;100.0;100.0;99.5855839999999;99.5855839999999;99.5855839999999;99.5855839999999;99.5855839999999;99.85151039999994;99.5659167999999;99.5462495999999;99.77312479999995;99.77312479999995;99.77587039999997;99.77312479999995;99.77587039999997;100.0;100.0;100.0;99.85151039999994;100.0;100.0;100.0;99.77312479999995;99.77312479999995;99.77312479999995;99.77312479999995;99.77587039999997;99.77587039999997;99.37837599999985;99.85151039999994;99.37837599999985;99.37837599999985;99.37196959999984;99.35870879999985;99.77312479999995;99.77312479999995;99.5659167999999;99.5659167999999;99.5462495999999;99.77587039999997;99.85151039999994;99.77312479999995;99.77312479999995;99.77587039999997;99.85151039999994;99.85151039999994;99.85151039999994;
9900.122005333349;100.0;99.84582719999995;99.84582719999995;99.77587039999997;99.77312479999995;99.77312479999995;99.5462495999999;99.77312479999995;99.77587039999997;99.5659167999999;99.85151039999994;99.5855839999999;99.86500799999993;100.0;100.0;100.0;99.5855839999999;99.5855839999999;99.5855839999999;99.5855839999999;99.5855839999999;99.85151039999994;99.5659167999999;99.5462495999999;99.77312479999995;99.77312479999995;99.77587039999997;99.77312479999995;99.77587039999997;100.0;100.0;100.0;99.85151039999994;100.0;100.0;100.0;99.77312479999995;99.77312479999995;99.77312479999995;99.77312479999995;99.77587039999997;99.77587039999997;99.37837599999985;99.85151039999994;99.37837599999985;99.37837599999985;99.35870879999985;99.35870879999985;99.77312479999995;99.77312479999995;99.5659167999999;99.5659167999999;99.5462495999999;99.77587039999997;99.85151039999994;99.77312479999995;99.77312479999995;99.77587039999997;99.85151039999994;99.85151039999994;99.85151039999994;
9900.130916000016;100.0;99.84582719999995;99.84582719999995;99.77587039999997;99.77312479999995;99.77312479999995;99.5462495999999;99.77312479999995;99.77587039999997;99.5659167999999;99.85151039999994;99.5855839999999;99.86500799999993;100.0;100.0;100.0;99.5855839999999;99.5855839999999;99.5855839999999;99.5855839999999;99.5855839999999;99.85151039999994;99.5659167999999;99.5462495999999;99.77312479999995;99.77312479999995;99.77587039999997;99.77312479999995;99.77587039999997;100.0;100.0;100.0;99.85151039999994;100.0;100.0;100.0;99.77312479999995;99.77312479999995;99.77312479999995;99.77312479999995;99.77587039999997;99.77587039999997;99.37837599999985;99.85151039999994;99.37837599999985;99.37837599999985;99.35870879999985;99.35870879999985;99.77312479999995;99.77312479999995;99.5659167999999;99.5659167999999;99.5462495999999;99.77587039999997;99.85151039999994;99.77312479999995;99.77312479999995;99.77587039999997;99.85151039999994;99.85151039999994;99.85151039999994;
9900.144750666683;100.0;99.84582719999995;99.84582719999995;99.77587039999997;99.77312479999995;99.77312479999995;99.5462495999999;99.77312479999995;99.77587039999997;99.5595103999999;99.85151039999994;99.5791775999999;99.86500799999993;100.0;100.0;100.0;99.5855839999999;99.5855839999999;99.5855839999999;99.5855839999999;99.5791775999999;99.85151039999994;99.5595103999999;99.5462495999999;99.77312479999995;99.77312479999995;99.77587039999997;99.77312479999995;99.77587039999997;100.0;100.0;100.0;99.85151039999994;100.0;100.0;100.0;99.77312479999995;99.77312479999995;99.77312479999995;99.77312479999995;99.77587039999997;99.77587039999997;99.37837599999985;99.85151039999994;99.37837599999985;99.37837599999985;99.35870879999985;99.35230239999984;99.77312479999995;99.77312479999995;99.5659167999999;99.5595103999999;99.5462495999999;99.77587039999997;99.85151039999994;99.77312479999995;99.77312479999995;99.77587039999997;99.85151039999994;99.85151039999994;99.85151039999994;
9900.144750666683;100.0;99.84582719999995;99.84582719999995;99.77587039999997;99.77312479999995;99.77312479999995;99.5462495999999;99.77312479999995;99.77587039999997;99.5462495999999;99.85151039999994;99.5659167999999;99.86500799999993;100.0;100.0;100.0;99.5855839999999;99.5855839999999;99.5855839999999;99.5855839999999;99.5659167999999;99.85151039999994;99.5462495999999;99.5462495999999;99.77312479999995;99.77312479999995;99.77587039999997;99.77312479999995;99.77587039999997;100.0;100.0;100.0;99.85151039999994;100.0;100.0;100.0;99.77312479999995;99.77312479999995;99.77312479999995;99.77312479999995;99.77587039999997;99.77587039999997;99.37837599999985;99.85151039999994;99.37837599999985;99.37837599999985;99.35870879999985;99.33904159999985;99.77312479999995;99.77312479999995;99.5659167999999;99.5462495999999;99.5462495999999;99.77587039999997;99.85151039999994;99.77312479999995;99.77312479999995;99.77587039999997;99.85151039999994;99.85151039999994;99.85151039999994;
9900.145840000016;100.0;99.84582719999995;99.84582719999995;99.77587039999997;99.77312479999995;99.77312479999995;99.5462495999999;99.77312479999995;99.77587039999997;99.5462495999999;99.85151039999994;99.5659167999999;99.86500799999993;100.0;100.0;100.0;99.5855839999999;99.5855839999999;99.5855839999999;99.5855839999999;99.5659167999999;99.85151039999994;99.5462495999999;99.5462495999999;99.77312479999995;99.77312479999995;99.77587039999997;99.77312479999995;99.77587039999997;100.0;100.0;100.0;99.85151039999994;100.0;100.0;100.0;99.77312479999995;99.77312479999995;99.77312479999995;99.77312479999995;99.77587039999997;99.77587039999997;99.37837599999985;99.85151039999994;99.37837599999985;99.37196959999984;99.35870879999985;99.33904159999985;99.77312479999995;99.77312479999995;99.5659167999999;99.5462495999999;99.5462495999999;99.77587039999997;99.85151039999994;99.77312479999995;99.77312479999995;99.77587039999997;99.85151039999994;99.85151039999994;99.85151039999994;
9900.145840000016;100.0;99.84582719999995;99.84582719999995;99.77587039999997;99.77312479999995;99.77312479999995;99.5462495999999;99.77312479999995;99.77587039999997;99.5462495999999;99.85151039999994;99.5659167999999;99.86500799999993;100.0;100.0;100.0;99.5855839999999;99.5855839999999;99.5855839999999;99.5855839999999;99.5659167999999;99.85151039999994;99.5462495999999;99.5462495999999;99.77312479999995;99.77312479999995;99.77587039999997;99.77312479999995;99.77587039999997;100.0;100.0;100.0;99.85151039999994;100.0;100.0;100.0;99.77312479999995;99.77312479999995;99.77312479999995;99.77312479999995;99.77587039999997;99.77587039999997;99.37837599999985;99.85151039999994;99.37837599999985;99.35870879999985;99.35870879999985;99.33904159999985;99.77312479999995;99.77312479999995;99.5659167999999;99.5462495999999;99.5462495999999;99.77587039999997;99.85151039999994;99.77312479999995;99.77312479999995;99.77587039999997;99.85151039999994;99.85151039999994;99.85151039999994;
9900.154750666683;100.0;99.84582719999995;99.84582719999995;99.77587039999997;99.77312479999995;99.77312479999995;99.5462495999999;99.77312479999995;99.77587039999997;99.5462495999999;99.85151039999994;99.5659167999999;99.86500799999993;100.0;100.0;100.0;99.5855839999999;99.5855839999999;99.5855839999999;99.5855839999999;99.5659167999999;99.85151039999994;99.5462495999999;99.5462495999999;99.77312479999995;99.77312479999995;99.77587039999997;99.77312479999995;99.77587039999997;100.0;100.0;100.0;99.85151039999994;100.0;100.0;100.0;99.77312479999995;99.77312479999995;99.77312479999995;99.77312479999995;99.77587039999997;99.77587039999997;99.37837599999985;99.85151039999994;99.37837599999985;99.35870879999985;99.35870879999985;99.33904159999985;99.77312479999995;99.77312479999995;99.5659167999999;99.5462495999999;99.5462495999999;99.77587039999997;99.85151039999994;99.77312479999995;99.77312479999995;99.77587039999997;99.85151039999994;99.85151039999994;99.85151039999994;
9900.16858533335;100.0;99.84582719999995;99.84582719999995;99.77587039999997;99.77312479999995;99.77312479999995;99.5462495999999;99.77312479999995;99.77587039999997;99.5462495999999;99.85151039999994;99.5595103999999;99.85860159999993;100.0;100.0;100.0;99.5855839999999;99.5855839999999;99.5855839999999;99.5791775999999;99.5595103999999;99.85151039999994;99.5462495999999;99.5462495999999;99.77312479999995;99.77312479999995;99.77587039999997;99.77312479999995;99.77587039999997;100.0;100.0;100.0;99.85151039999994;100.0;100.0;100.0;99.77312479999995;99.77312479999995;99.77312479999995;99.77312479999995;99.77587039999997;99.77587039999997;99.37837599999985;99.85151039999994;99.37837599999985;99.35870879999985;99.35230239999984;99.33904159999985;99.77312479999995;99.77312479999995;99.5595103999999;99.5462495999999;99.5462495999999;99.77587039999997;99.85151039999994;99.77312479999995;99.77312479999995;99.77587039999997;99.85151039999994;99.85151039999994;99.85151039999994;
9900.16858533335;100.0;99.84582719999995;99.84582719999995;99.77587039999997;99.77312479999995;99.77312479999995;99.5462495999999;99.77312479999995;99.77587039999997;99.5462495999999;99.85151039999994;99.5462495999999;99.85860159999993;100.0;100.0;100.0;99.5855839999999;99.5855839999999;99.5855839999999;99.5659167999999;99.5462495999999;99.85151039999994;99.5462495999999;99.5462495999999;99.77312479999995;99.77312479999995;99.77587039999997;99.77312479999995;99.77587039999997;100.0;100.0;100.0;99.85151039999994;100.0;100.0;100.0;99.77312479999995;99.77312479999995;99.77312479999995;99.77312479999995;99.77587039999997;99.77587039999997;99.37837599999985;99.85151039999994;99.37837599999985;99.35870879999985;99.33904159999985;99.33904159999985;99.77312479999995;99.77312479999995;99.5462495999999;99.5462495999999;99.5462495999999;99.77587039999997;99.85151039999994;99.77312479999995;99.77312479999995;99.77587039999997;99.85151039999994;99.85151039999994;99.85151039999994;
9900.169674666682;100.0;99.84582719999995;99.84582719999995;99.77587039999997;99.77312479999995;99.77312479999995;99.5462495999999;99.77312479999995;99.77587039999997;99.5462495999999;99.85151039999994;99.5462495999999;99.85860159999993;100.0;100.0;100.0;99.5855839999999;99.5855839999999;99.5855839999999;99.5659167999999;99.5462495999999;99.85151039999994;99.5462495999999;99.5462495999999;99.77312479999995;99.77312479999995;99.77587039999997;99.77312479999995;99.77587039999997;100.0;100.0;100.0;99.85151039999994;100.0;100.0;100.0;99.77312479999995;99.77312479999995;99.77312479999995;99.77312479999995;99.77587039999997;99.77587039999997;99.37837599999985;99.85151039999994;99.37196959999984;99.35870879999985;99.33904159999985;99.33904159999985;99.77312479999995;99.77312479999995;99.5462495999999;99.5462495999999;99.5462495999999;99.77587039999997;99.85151039999994;99.77312479999995;99.77312479999995;99.77587039999997;99.85151039999994;99.85151039999994;99.85151039999994;
9900.169674666682;100.0;99.84582719999995;99.84582719999995;99.77587039999997;99.77312479999995;99.77312479999995;99.5462495999999;99.77312479999995;99.77587039999997;99.5462495999999;99.85151039999994;99.5462495999999;99.85860159999993;100.0;100.0;100.0;99.5855839999999;99.5855839999999;99.5855839999999;99.5659167999999;99.5462495999999;99.85151039999994;99.5462495999999;99.5462495999999;99.77312479999995;99.77312479999995;99.77587039999997;99.77312479999995;99.77587039999997;100.0;100.0;100.0;99.85151039999994;100.0;100.0;100.0;99.77312479999995;99.77312479999995;99.77312479999995;99.77312479999995;99.77587039999997;99.77587039999997;99.37837599999985;99.85151039999994;99.35870879999985;99.35870879999985;99.33904159999985;99.33904159999985;99.77312479999995;99.77312479999995;99.5462495999999;99.5462495999999;99.5462495999999;99.77587039999997;99.85151039999994;99.77312479999995;99.77312479999995;99.77587039999997;99.85151039999994;99.85151039999994;99.85151039999994;
9900.192420000016;100.0;99.84582719999995;99.84582719999995;99.77587039999997;99.77312479999995;99.77312479999995;99.5462495999999;99.77312479999995;99.77587039999997;99.5462495999999;99.85151039999994;99.5462495999999;99.85219519999993;100.0;100.0;100.0;99.5855839999999;99.5855839999999;99.5791775999999;99.5595103999999;99.5462495999999;99.85151039999994;99.5462495999999;99.5462495999999;99.77312479999995;99.77312479999995;99.77587039999997;99.77312479999995;99.77587039999997;100.0;100.0;100.0;99.85151039999994;100.0;100.0;100.0;99.77312479999995;99.77312479999995;99.77312479999995;99.77312479999995;99.77587039999997;99.77587039999997;99.37837599999985;99.85151039999994;99.35870879999985;99.35230239999984;99.33904159999985;99.33263519999984;99.77312479999995;99.77312479999995;99.5462495999999;99.5462495999999;99.5462495999999;99.77587039999997;99.85151039999994;99.77312479999995;99.77312479999995;99.77587039999997;99.85151039999994;99.85151039999994;99.85151039999994;
9900.192420000016;100.0;99.84582719999995;99.84582719999995;99.77587039999997;99.77312479999995;99.77312479999995;99.5462495999999;99.77312479999995;99.77587039999997;99.5462495999999;99.85151039999994;99.5462495999999;99.85219519999993;100.0;100.0;100.0;99.5855839999999;99.5855839999999;99.5659167999999;99.5462495999999;99.5462495999999;99.85151039999994;99.5462495999999;99.5462495999999;99.77312479999995;99.77312479999995;99.77587039999997;99.77312479999995;99.77587039999997;100.0;100.0;100.0;99.85151039999994;100.0;100.0;100.0;99.77312479999995;99.77312479999995;99.77312479999995;99.77312479999995;99.77587039999997;99.77587039999997;99.37837599999985;99.85151039999994;99.35870879999985;99.33904159999985;99.33904159999985;99.31937439999984;99.77312479999995;99.77312479999995;99.5462495999999;99.5462495999999;99.5462495999999;99.77587039999997;99.85151039999994;99.77312479999995;99.77312479999995;99.77587039999997;99.85151039999994;99.85151039999994;99.85151039999994;
9900.193509333349;100.0;99.84582719999995;99.84582719999995;99.77587039999997;99.77312479999995;99.77312479999995;99.5462495999999;99.77312479999995;99.77587039999997;99.5462495999999;99.85151039999994;99.5462495999999;99.85219519999993;100.0;100.0;100.0;99.5855839999999;99.5855839999999;99.5659167999999;99.5462495999999;99.5462495999999;99.85151039999994;99.5462495999999;99.5462495999999;99.77312479999995;99.77312479999995;99.77587039999997;99.77312479999995;99.77587039999997;100.0;100.0;100.0;99.85151039999994;100.0;100.0;100.0;99.77312479999995;99.77312479999995;99.77312479999995;99.77312479999995;99.77587039999997;99.77587039999997;99.37196959999984;99.85151039999994;99.35870879999985;99.33904159999985;99.33904159999985;99.31937439999984;99.77312479999995;99.77312479999995;99.5462495999999;99.5462495999999;99.5462495999999;99.77587039999997;99.85151039999994;99.77312479999995;99.77312479999995;99.77587039999997;99.85151039999994;99.85151039999994;99.85151039999994;
9900.193509333349;100.0;99.84582719999995;99.84582719999995;99.77587039999997;99.77312479999995;99.77312479999995;99.5462495999999;99.77312479999995;99.77587039999997;99.5462495999999;99.85151039999994;99.5462495999999;99.85219519999993;100.0;100.0;100.0;99.5855839999999;99.5855839999999;99.5659167999999;99.5462495999999;99.5462495999999;99.85151039999994;99.5462495999999;99.5462495999999;99.77312479999995;99.77312479999995;99.77587039999997;99.77312479999995;99.77587039999997;100.0;100.0;100.0;99.85151039999994;100.0;100.0;100.0;99.77312479999995;99.77312479999995;99.77312479999995;99.77312479999995;99.77587039999997;99.77587039999997;99.35870879999985;99.85151039999994;99.35870879999985;99.33904159999985;99.33904159999985;99.31937439999984;99.77312479999995;99.77312479999995;99.5462495999999;99.5462495999999;99.5462495999999;99.77587039999997;99.85151039999994;99.77312479999995;99.77312479999995;99.77587039999997;99.85151039999994;99.85151039999994;99.85151039999994;
9900.202420000016;100.0;99.84582719999995;99.84582719999995;99.77587039999997;99.77312479999995;99.77312479999995;99.5462495999999;99.77312479999995;99.77587039999997;99.5462495999999;99.85151039999994;99.5462495999999;99.85219519999993;100.0;100.0;100.0;99.5855839999999;99.5855839999999;99.5659167999999;99.5462495999999;99.5462495999999;99.85151039999994;99.5462495999999;99.5462495999999;99.77312479999995;99.77312479999995;99.77587039999997;99.77312479999995;99.77587039999997;100.0;100.0;100.0;99.85151039999994;100.0;100.0;100.0;99.77312479999995;99.77312479999995;99.77312479999995;99.77312479999995;99.77587039999997;99.77587039999997;99.35870879999985;99.85151039999994;99.35870879999985;99.33904159999985;99.33904159999985;99.31937439999984;99.77312479999995;99.77312479999995;99.5462495999999;99.5462495999999;99.5462495999999;99.77587039999997;99.85151039999994;99.77312479999995;99.77312479999995;99.77587039999997;99.85151039999994;99.85151039999994;99.85151039999994;
9900.216254666682;100.0;99.84582719999995;99.84582719999995;99.77587039999997;99.77312479999995;99.77312479999995;99.5462495999999;99.77312479999995;99.77587039999997;99.5462495999999;99.85151039999994;99.5462495999999;99.85219519999993;100.0;100.0;100.0;99.5855839999999;99.5791775999999;99.5595103999999;99.5462495999999;99.5462495999999;99.85151039999994;99.5462495999999;99.5462495999999;99.77312479999995;99.77312479999995;99.77587039999997;99.77312479999995;99.77587039999997;100.0;100.0;100.0;99.85151039999994;100.0;100.0;100.0;99.77312479999995;99.77312479999995;99.77312479999995;99.77312479999995;99.77587039999997;99.77587039999997;99.35870879999985;99.85151039999994;99.35230239999984;99.33904159999985;99.33263519999984;99.31937439999984;99.77312479999995;99.77312479999995;99.5462495999999;99.5462495999999;99.5462495999999;99.77587039999997;99.85151039999994;99.77312479999995;99.77312479999995;99.77587039999997;99.85151039999994;99.85151039999994;99.85151039999994;
9900.216254666682;100.0;99.84582719999995;99.84582719999995;99.77587039999997;99.77312479999995;99.77312479999995;99.5462495999999;99.77312479999995;99.77587039999997;99.5462495999999;99.85151039999994;99.5462495999999;99.85219519999993;100.0;100.0;100.0;99.5855839999999;99.5659167999999;99.5462495999999;99.5462495999999;99.5462495999999;99.85151039999994;99.5462495999999;99.5462495999999;99.77312479999995;99.77312479999995;99.77587039999997;99.77312479999995;99.77587039999997;100.0;100.0;100.0;99.85151039999994;100.0;100.0;100.0;99.77312479999995;99.77312479999995;99.77312479999995;99.77312479999995;99.77587039999997;99.77587039999997;99.35870879999985;99.85151039999994;99.33904159999985;99.33904159999985;99.31937439999984;99.31937439999984;99.77312479999995;99.77312479999995;99.5462495999999;99.5462495999999;99.5462495999999;99.77587039999997;99.85151039999994;99.77312479999995;99.77312479999995;99.77587039999997;99.85151039999994;99.85151039999994;99.85151039999994;
9900.217344000015;100.0;99.84582719999995;99.84582719999995;99.77587039999997;99.77312479999995;99.77312479999995;99.5462495999999;99.77312479999995;99.77587039999997;99.5462495999999;99.85151039999994;99.5462495999999;99.85219519999993;100.0;100.0;100.0;99.5855839999999;99.5659167999999;99.5462495999999;99.5462495999999;99.5462495999999;99.85151039999994;99.5462495999999;99.5462495999999;99.77312479999995;99.77312479999995;99.77587039999997;99.77312479999995;99.77587039999997;100.0;100.0;100.0;99.85151039999994;100.0;100.0;100.0;99.77312479999995;99.77312479999995;99.77312479999995;99.77312479999995;99.77587039999997;99.77587039999997;99.35870879999985;99.85151039999994;99.33904159999985;99.33904159999985;99.31937439999984;99.31937439999984;99.77312479999995;99.77312479999995;99.5462495999999;99.5462495999999;99.5462495999999;99.77587039999997;99.85151039999994;99.77312479999995;99.77312479999995;99.77587039999997;99.85151039999994;99.85151039999994;99.85151039999994;
9900.240089333349;100.0;99.84582719999995;99.84582719999995;99.77587039999997;99.77312479999995;99.77312479999995;99.5462495999999;99.77312479999995;99.77587039999997;99.5462495999999;99.85151039999994;99.5462495999999;99.85219519999993;100.0;100.0;100.0;99.5791775999999;99.5595103999999;99.5462495999999;99.5462495999999;99.5462495999999;99.85151039999994;99.5462495999999;99.5462495999999;99.77312479999995;99.77312479999995;99.77587039999997;99.77312479999995;99.77587039999997;100.0;100.0;100.0;99.85151039999994;100.0;100.0;100.0;99.77312479999995;99.77312479999995;99.77312479999995;99.77312479999995;99.77587039999997;99.77587039999997;99.35230239999984;99.85151039999994;99.33904159999985;99.33263519999984;99.31937439999984;99.31937439999984;99.77312479999995;99.77312479999995;99.5462495999999;99.5462495999999;99.5462495999999;99.77587039999997;99.85151039999994;99.77312479999995;99.77312479999995;99.77587039999997;99.85151039999994;99.85151039999994;99.85151039999994;
9900.240089333349;100.0;99.84582719999995;99.84582719999995;99.77587039999997;99.77312479999995;99.77312479999995;99.5462495999999;99.77312479999995;99.77587039999997;99.5462495999999;99.85151039999994;99.5462495999999;99.85219519999993;100.0;100.0;100.0;99.5659167999999;99.5462495999999;99.5462495999999;99.5462495999999;99.5462495999999;99.85151039999994;99.5462495999999;99.5462495999999;99.77312479999995;99.77312479999995;99.77587039999997;99.77312479999995;99.77587039999997;100.0;100.0;100.0;99.85151039999994;100.0;100.0;100.0;99.77312479999995;99.77312479999995;99.77312479999995;99.77312479999995;99.77587039999997;99.77587039999997;99.33904159999985;99.85151039999994;99.33904159999985;99.31937439999984;99.31937439999984;99.31937439999984;99.77312479999995;99.77312479999995;99.5462495999999;99.5462495999999;99.5462495999999;99.77587039999997;99.85151039999994;99.77312479999995;99.77312479999995;99.77587039999997;99.85151039999994;99.85151039999994;99.85151039999994;
9900.263924000015;100.0;99.84582719999995;99.84582719999995;99.77587039999997;99.77312479999995;99.77312479999995;99.5462495999999;99.77312479999995;99.77587039999997;99.5462495999999;99.85151039999994;99.5462495999999;99.85219519999993;100.0;100.0;100.0;99.5595103999999;99.5462495999999;99.5462495999999;99.5462495999999;99.5462495999999;99.85151039999994;99.5462495999999;99.5462495999999;99.77312479999995;99.77312479999995;99.77587039999997;99.77312479999995;99.77587039999997;100.0;100.0;100.0;99.85151039999994;100.0;100.0;100.0;99.77312479999995;99.77312479999995;99.77312479999995;99.77312479999995;99.77587039999997;99.77587039999997;99.33904159999985;99.85151039999994;99.33263519999984;99.31937439999984;99.31937439999984;99.31937439999984;99.77312479999995;99.77312479999995;99.5462495999999;99.5462495999999;99.5462495999999;99.77587039999997;99.85151039999994;99.77312479999995;99.77312479999995;99.77587039999997;99.85151039999994;99.85151039999994;99.85151039999994;
9900.263924000015;100.0;99.84582719999995;99.84582719999995;99.77587039999997;99.77312479999995;99.77312479999995;99.5462495999999;99.77312479999995;99.77587039999997;99.5462495999999;99.85151039999994;99.5462495999999;99.85219519999993;100.0;100.0;100.0;99.5462495999999;99.5462495999999;99.5462495999999;99.5462495999999;99.5462495999999;99.85151039999994;99.5462495999999;99.5462495999999;99.77312479999995;99.77312479999995;99.77587039999997;99.77312479999995;99.77587039999997;100.0;100.0;100.0;99.85151039999994;100.0;100.0;100.0;99.77312479999995;99.77312479999995;99.77312479999995;99.77312479999995;99.77587039999997;99.77587039999997;99.33904159999985;99.85151039999994;99.31937439999984;99.31937439999984;99.31937439999984;99.31937439999984;99.77312479999995;99.77312479999995;99.5462495999999;99.5462495999999;99.5462495999999;99.77587039999997;99.85151039999994;99.77312479999995;99.77312479999995;99.77587039999997;99.85151039999994;99.85151039999994;99.85151039999994;
9900.287758666682;100.0;99.84582719999995;99.84582719999995;99.77587039999997;99.77312479999995;99.77312479999995;99.5462495999999;99.77312479999995;99.77587039999997;99.5462495999999;99.85151039999994;99.5462495999999;99.85219519999993;100.0;100.0;100.0;99.5462495999999;99.5462495999999;99.5462495999999;99.5462495999999;99.5462495999999;99.85151039999994;99.5462495999999;99.5462495999999;99.77312479999995;99.77312479999995;99.77587039999997;99.77312479999995;99.77587039999997;100.0;100.0;100.0;99.85151039999994;100.0;100.0;100.0;99.77312479999995;99.77312479999995;99.77312479999995;99.77312479999995;99.77587039999997;99.77587039999997;99.33263519999984;99.85151039999994;99.31937439999984;99.31937439999984;99.31937439999984;99.31937439999984;99.77312479999995;99.77312479999995;99.5462495999999;99.5462495999999;99.5462495999999;99.77587039999997;99.85151039999994;99.77312479999995;99.77312479999995;99.77587039999997;99.85151039999994;99.85151039999994;99.85151039999994;
9900.287758666682;100.0;99.84582719999995;99.84582719999995;99.77587039999997;99.77312479999995;99.77312479999995;99.5462495999999;99.77312479999995;99.77587039999997;99.5462495999999;99.85151039999994;99.5462495999999;99.85219519999993;100.0;100.0;100.0;99.5462495999999;99.5462495999999;99.5462495999999;99.5462495999999;99.5462495999999;99.85151039999994;99.5462495999999;99.5462495999999;99.77312479999995;99.77312479999995;99.77587039999997;99.77312479999995;99.77587039999997;100.0;100.0;100.0;99.85151039999994;100.0;100.0;100.0;99.77312479999995;99.77312479999995;99.77312479999995;99.77312479999995;99.77587039999997;99.77587039999997;99.31937439999984;99.85151039999994;99.31937439999984;99.31937439999984;99.31937439999984;99.31937439999984;99.77312479999995;99.77312479999995;99.5462495999999;99.5462495999999;99.5462495999999;99.77587039999997;99.85151039999994;99.77312479999995;99.77312479999995;99.77587039999997;99.85151039999994;99.85151039999994;99.85151039999994;
9900.311593333348;100.0;99.84582719999995;99.84582719999995;99.77587039999997;99.77312479999995;99.77312479999995;99.5462495999999;99.77312479999995;99.77587039999997;99.5462495999999;99.85151039999994;99.5462495999999;99.85219519999993;100.0;100.0;100.0;99.5462495999999;99.5462495999999;99.5462495999999;99.5462495999999;99.5462495999999;99.85151039999994;99.5462495999999;99.5462495999999;99.77312479999995;99.77312479999995;99.77587039999997;99.77312479999995;99.77587039999997;100.0;100.0;100.0;99.85151039999994;100.0;100.0;100.0;99.77312479999995;99.77312479999995;99.77312479999995;99.77312479999995;99.77587039999997;99.77587039999997;99.31937439999984;99.85151039999994;99.31937439999984;99.31937439999984;99.31937439999984;99.31937439999984;99.77312479999995;99.77312479999995;99.5462495999999;99.5462495999999;99.5462495999999;99.77587039999997;99.85151039999994;99.77312479999995;99.77312479999995;99.77587039999997;99.85151039999994;99.85151039999994;99.85151039999994;
10200.000000000015;100.0;99.84582719999995;99.84582719999995;99.77587039999997;99.77312479999995;99.77312479999995;99.5462495999999;99.77312479999995;99.77587039999997;99.5462495999999;99.85151039999994;99.5462495999999;99.85219519999993;100.0;100.0;100.0;99.5462495999999;99.5462495999999;99.5462495999999;99.5462495999999;99.5462495999999;99.85151039999994;99.5462495999999;99.5462495999999;99.77312479999995;99.77312479999995;99.77587039999997;99.77312479999995;99.77587039999997;100.0;100.0;100.0;99.85151039999994;100.0;100.0;100.0;99.77312479999995;99.77312479999995;99.77312479999995;99.77312479999995;99.77587039999997;99.77587039999997;99.31937439999984;99.85151039999994;99.31937439999984;99.31937439999984;99.31937439999984;99.31937439999984;99.77312479999995;99.77312479999995;99.5462495999999;99.5462495999999;99.5462495999999;99.77587039999997;99.85151039999994;99.77312479999995;99.77312479999995;99.77587039999997;99.85151039999994;99.85151039999994;99.85151039999994;
10800.000000000015;100.0;99.84582719999995;99.84582719999995;99.77587039999997;99.77312479999995;99.77312479999995;99.5462495999999;99.77312479999995;99.77587039999997;99.5462495999999;99.85151039999994;99.5462495999999;99.85219519999993;100.0;100.0;100.0;99.5462495999999;99.5462495999999;99.5462495999999;99.5462495999999;99.5462495999999;99.85151039999994;99.5462495999999;99.5462495999999;99.77312479999995;99.77312479999995;99.77587039999997;99.77312479999995;99.77587039999997;100.0;100.0;100.0;99.85151039999994;100.0;100.0;100.0;99.77312479999995;99.77312479999995;99.77312479999995;99.77312479999995;99.77587039999997;99.77587039999997;99.31937439999984;99.85151039999994;99.31937439999984;99.31937439999984;99.31937439999984;99.31937439999984;99.77312479999995;99.77312479999995;99.5462495999999;99.5462495999999;99.5462495999999;99.77587039999997;99.85151039999994;99.77312479999995;99.77312479999995;99.77587039999997;99.85151039999994;99.85151039999994;99.85151039999994;
10800.026666666683;100.0;99.84572719999994;99.84572719999994;99.77587039999997;99.77312479999995;99.77312479999995;99.5462495999999;99.77312479999995;99.77587039999997;99.5462495999999;99.85141039999993;99.5462495999999;99.85219519999993;100.0;100.0;100.0;99.5462495999999;99.5462495999999;99.5462495999999;99.5462495999999;99.5462495999999;99.85141039999993;99.5462495999999;99.5462495999999;99.77312479999995;99.77312479999995;99.77587039999997;99.77312479999995;99.77587039999997;100.0;100.0;100.0;99.85141039999993;100.0;100.0;100.0;99.77312479999995;99.77312479999995;99.77312479999995;99.77312479999995;99.77587039999997;99.77587039999997;99.31937439999984;99.85141039999993;99.31937439999984;99.31937439999984;99.31937439999984;99.31937439999984;99.77312479999995;99.77312479999995;99.5462495999999;99.5462495999999;99.5462495999999;99.77587039999997;99.85141039999993;99.77312479999995;99.77312479999995;99.77587039999997;99.85141039999993;99.85141039999993;99.85141039999993;
10800.026666666683;100.0;99.84572719999994;99.84572719999994;99.77587039999997;99.77312479999995;99.77312479999995;99.5462495999999;99.77312479999995;99.77587039999997;99.5462495999999;99.83862319999993;99.5462495999999;99.85219519999993;100.0;100.0;100.0;99.5462495999999;99.5462495999999;99.5462495999999;99.5462495999999;99.5462495999999;99.83862319999993;99.5462495999999;99.5462495999999;99.77312479999995;99.77312479999995;99.77587039999997;99.77312479999995;99.77587039999997;100.0;100.0;100.0;99.83862319999993;100.0;100.0;100.0;99.77312479999995;99.77312479999995;99.77312479999995;99.77312479999995;99.77587039999997;99.77587039999997;99.31937439999984;99.83862319999993;99.31937439999984;99.31937439999984;99.31937439999984;99.31937439999984;99.77312479999995;99.77312479999995;99.5462495999999;99.5462495999999;99.5462495999999;99.77587039999997;99.83862319999993;99.77312479999995;99.77312479999995;99.77587039999997;99.83862319999993;99.83862319999993;99.83862319999993;
10800.026666666683;100.0;99.83246639999994;99.83246639999994;99.77587039999997;99.77312479999995;99.77312479999995;99.5462495999999;99.77312479999995;99.77587039999997;99.5462495999999;99.83862319999993;99.5462495999999;99.85219519999993;100.0;100.0;100.0;99.5462495999999;99.5462495999999;99.5462495999999;99.5462495999999;99.5462495999999;99.83862319999993;99.5462495999999;99.5462495999999;99.77312479999995;99.77312479999995;99.77587039999997;99.77312479999995;99.77587039999997;100.0;100.0;100.0;99.83862319999993;100.0;100.0;100.0;99.77312479999995;99.77312479999995;99.77312479999995;99.77312479999995;99.77587039999997;99.77587039999997;99.31937439999984;99.83862319999993;99.31937439999984;99.31937439999984;99.31937439999984;99.31937439999984;99.77312479999995;99.77312479999995;99.5462495999999;99.5462495999999;99.5462495999999;99.77587039999997;99.83862319999993;99.77312479999995;99.77312479999995;99.77587039999997;99.83862319999993;99.83862319999993;99.83862319999993;
10800.049412000017;100.0;99.83246639999994;99.83246639999994;99.76969279999997;99.77312479999995;99.77312479999995;99.5462495999999;99.77312479999995;99.76969279999997;99.5462495999999;99.83862319999993;99.5462495999999;99.85219519999993;100.0;100.0;100.0;99.5462495999999;99.5462495999999;99.5462495999999;99.5462495999999;99.5462495999999;99.83862319999993;99.5462495999999;99.5462495999999;99.77312479999995;99.77312479999995;99.76969279999997;99.77312479999995;99.76969279999997;100.0;100.0;100.0;99.83862319999993;100.0;100.0;100.0;99.77312479999995;99.77312479999995;99.77312479999995;99.77312479999995;99.76969279999997;99.76969279999997;99.31937439999984;99.83862319999993;99.31937439999984;99.31937439999984;99.31937439999984;99.31937439999984;99.77312479999995;99.77312479999995;99.5462495999999;99.5462495999999;99.5462495999999;99.76969279999997;99.83862319999993;99.77312479999995;99.77312479999995;99.76969279999997;99.83862319999993;99.83862319999993;99.83862319999993;
10800.049412000017;100.0;99.83246639999994;99.83246639999994;99.75643199999998;99.77312479999995;99.77312479999995;99.5462495999999;99.77312479999995;99.75643199999998;99.5462495999999;99.83862319999993;99.5462495999999;99.85219519999993;100.0;100.0;100.0;99.5462495999999;99.5462495999999;99.5462495999999;99.5462495999999;99.5462495999999;99.83862319999993;99.5462495999999;99.5462495999999;99.77312479999995;99.77312479999995;99.75643199999998;99.77312479999995;99.75643199999998;100.0;100.0;100.0;99.83862319999993;100.0;100.0;100.0;99.77312479999995;99.77312479999995;99.77312479999995;99.77312479999995;99.75643199999998;99.75643199999998;99.31937439999984;99.83862319999993;99.31937439999984;99.31937439999984;99.31937439999984;99.31937439999984;99.77312479999995;99.77312479999995;99.5462495999999;99.5462495999999;99.5462495999999;99.75643199999998;99.83862319999993;99.77312479999995;99.77312479999995;99.75643199999998;99.83862319999993;99.83862319999993;99.83862319999993;
10800.05050133335;100.0;99.83246639999994;99.83246639999994;99.75643199999998;99.77312479999995;99.77312479999995;99.5462495999999;99.77312479999995;99.75643199999998;99.5462495999999;99.83862319999993;99.5462495999999;99.85219519999993;100.0;100.0;100.0;99.5462495999999;99.5462495999999;99.5462495999999;99.5462495999999;99.5462495999999;99.83862319999993;99.5462495999999;99.5462495999999;99.77312479999995;99.77312479999995;99.75643199999998;99.77312479999995;99.75643199999998;100.0;100.0;100.0;99.83862319999993;100.0;100.0;100.0;99.77312479999995;99.76671839999995;99.77312479999995;99.77312479999995;99.75643199999998;99.75643199999998;99.31937439999984;99.83862319999993;99.31937439999984;99.31937439999984;99.31937439999984;99.31937439999984;99.77312479999995;99.76671839999995;99.5462495999999;99.5462495999999;99.5462495999999;99.75643199999998;99.83862319999993;99.77312479999995;99.77312479999995;99.75643199999998;99.83862319999993;99.83862319999993;99.83862319999993;
10800.05050133335;100.0;99.83246639999994;99.83246639999994;99.75643199999998;99.77312479999995;99.77312479999995;99.5462495999999;99.77312479999995;99.75643199999998;99.5462495999999;99.83862319999993;99.5462495999999;99.85219519999993;100.0;100.0;100.0;99.5462495999999;99.5462495999999;99.5462495999999;99.5462495999999;99.5462495999999;99.83862319999993;99.5462495999999;99.5462495999999;99.77312479999995;99.77312479999995;99.75643199999998;99.77312479999995;99.75643199999998;100.0;100.0;100.0;99.83862319999993;100.0;100.0;100.0;99.77312479999995;99.75345759999995;99.77312479999995;99.77312479999995;99.75643199999998;99.75643199999998;99.31937439999984;99.83862319999993;99.31937439999984;99.31937439999984;99.31937439999984;99.31937439999984;99.77312479999995;99.75345759999995;99.5462495999999;99.5462495999999;99.5462495999999;99.75643199999998;99.83862319999993;99.77312479999995;99.77312479999995;99.75643199999998;99.83862319999993;99.83862319999993;99.83862319999993;
10800.059412000017;100.0;99.83246639999994;99.83246639999994;99.75643199999998;99.77312479999995;99.77312479999995;99.5462495999999;99.77312479999995;99.75643199999998;99.5462495999999;99.83862319999993;99.5462495999999;99.85219519999993;100.0;100.0;100.0;99.5462495999999;99.5462495999999;99.5462495999999;99.5462495999999;99.5462495999999;99.83862319999993;99.5462495999999;99.5462495999999;99.77312479999995;99.77312479999995;99.75643199999998;99.77312479999995;99.75643199999998;100.0;100.0;100.0;99.83862319999993;100.0;100.0;100.0;99.77312479999995;99.75345759999995;99.77312479999995;99.77312479999995;99.75643199999998;99.75643199999998;99.31937439999984;99.83862319999993;99.31937439999984;99.31937439999984;99.31937439999984;99.31937439999984;99.77312479999995;99.75345759999995;99.5462495999999;99.5462495999999;99.5462495999999;99.75643199999998;99.83862319999993;99.77312479999995;99.77312479999995;99.75643199999998;99.83862319999993;99.83862319999993;99.83862319999993;
10800.073246666683;100.0;99.83246639999994;99.83246639999994;99.75643199999998;99.76671839999995;99.77312479999995;99.5462495999999;99.76671839999995;99.75643199999998;99.5462495999999;99.83862319999993;99.5462495999999;99.85219519999993;100.0;100.0;100.0;99.5462495999999;99.5462495999999;99.5462495999999;99.5462495999999;99.5462495999999;99.83862319999993;99.5462495999999;99.5462495999999;99.77312479999995;99.76671839999995;99.75643199999998;99.76671839999995;99.75643199999998;100.0;100.0;100.0;99.83862319999993;100.0;100.0;100.0;99.77312479999995;99.75345759999995;99.77312479999995;99.76671839999995;99.75643199999998;99.75643199999998;99.31937439999984;99.83862319999993;99.31937439999984;99.31937439999984;99.31937439999984;99.31937439999984;99.77312479999995;99.75345759999995;99.5462495999999;99.5462495999999;99.5398431999999;99.75643199999998;99.83862319999993;99.77312479999995;99.76671839999995;99.75643199999998;99.83862319999993;99.83862319999993;99.83862319999993;
10800.073246666683;100.0;99.83246639999994;99.83246639999994;99.75643199999998;99.75345759999995;99.77312479999995;99.5462495999999;99.75345759999995;99.75643199999998;99.5462495999999;99.83862319999993;99.5462495999999;99.85219519999993;100.0;100.0;100.0;99.5462495999999;99.5462495999999;99.5462495999999;99.5462495999999;99.5462495999999;99.83862319999993;99.5462495999999;99.5462495999999;99.77312479999995;99.75345759999995;99.75643199999998;99.75345759999995;99.75643199999998;100.0;100.0;100.0;99.83862319999993;100.0;100.0;100.0;99.77312479999995;99.75345759999995;99.77312479999995;99.75345759999995;99.75643199999998;99.75643199999998;99.31937439999984;99.83862319999993;99.31937439999984;99.31937439999984;99.31937439999984;99.31937439999984;99.77312479999995;99.75345759999995;99.5462495999999;99.5462495999999;99.5265823999999;99.75643199999998;99.83862319999993;99.77312479999995;99.75345759999995;99.75643199999998;99.83862319999993;99.83862319999993;99.83862319999993;
10800.074336000016;100.0;99.83246639999994;99.83246639999994;99.75643199999998;99.75345759999995;99.77312479999995;99.5462495999999;99.75345759999995;99.75643199999998;99.5462495999999;99.83862319999993;99.5462495999999;99.85219519999993;100.0;100.0;100.0;99.5462495999999;99.5462495999999;99.5462495999999;99.5462495999999;99.5462495999999;99.83862319999993;99.5462495999999;99.5462495999999;99.77312479999995;99.75345759999995;99.75643199999998;99.75345759999995;99.75643199999998;100.0;100.0;100.0;99.83862319999993;100.0;100.0;100.0;99.76671839999995;99.75345759999995;99.77312479999995;99.75345759999995;99.75643199999998;99.75643199999998;99.31937439999984;99.83862319999993;99.31937439999984;99.31937439999984;99.31937439999984;99.31937439999984;99.76671839999995;99.75345759999995;99.5462495999999;99.5462495999999;99.5265823999999;99.75643199999998;99.83862319999993;99.77312479999995;99.75345759999995;99.75643199999998;99.83862319999993;99.83862319999993;99.83862319999993;
10800.074336000016;100.0;99.83246639999994;99.83246639999994;99.75643199999998;99.75345759999995;99.77312479999995;99.5462495999999;99.75345759999995;99.75643199999998;99.5462495999999;99.83862319999993;99.5462495999999;99.85219519999993;100.0;100.0;100.0;99.5462495999999;99.5462495999999;99.5462495999999;99.5462495999999;99.5462495999999;99.83862319999993;99.5462495999999;99.5462495999999;99.77312479999995;99.75345759999995;99.75643199999998;99.75345759999995;99.75643199999998;100.0;100.0;100.0;99.83862319999993;100.0;100.0;100.0;99.75345759999995;99.75345759999995;99.77312479999995;99.75345759999995;99.75643199999998;99.75643199999998;99.31937439999984;99.83862319999993;99.31937439999984;99.31937439999984;99.31937439999984;99.31937439999984;99.75345759999995;99.75345759999995;99.5462495999999;99.5462495999999;99.5265823999999;99.75643199999998;99.83862319999993;99.77312479999995;99.75345759999995;99.75643199999998;99.83862319999993;99.83862319999993;99.83862319999993;
10800.084336000016;100.0;99.83246639999994;99.83246639999994;99.75643199999998;99.75345759999995;99.77312479999995;99.5462495999999;99.75345759999995;99.75643199999998;99.5462495999999;99.83862319999993;99.5462495999999;99.85219519999993;100.0;100.0;100.0;99.5462495999999;99.5462495999999;99.5462495999999;99.5462495999999;99.5462495999999;99.83862319999993;99.5462495999999;99.5462495999999;99.77312479999995;99.75345759999995;99.75643199999998;99.75345759999995;99.75643199999998;100.0;100.0;100.0;99.83862319999993;100.0;100.0;100.0;99.75345759999995;99.75345759999995;99.77312479999995;99.75345759999995;99.75643199999998;99.75643199999998;99.31937439999984;99.83862319999993;99.31937439999984;99.31937439999984;99.31937439999984;99.31937439999984;99.75345759999995;99.75345759999995;99.5462495999999;99.5462495999999;99.5265823999999;99.75643199999998;99.83862319999993;99.77312479999995;99.75345759999995;99.75643199999998;99.83862319999993;99.83862319999993;99.83862319999993;
10800.09708133335;100.0;99.83246639999994;99.83246639999994;99.75643199999998;99.75345759999995;99.76671839999995;99.5398431999999;99.75345759999995;99.75643199999998;99.5462495999999;99.83862319999993;99.5462495999999;99.85219519999993;100.0;100.0;100.0;99.5462495999999;99.5462495999999;99.5462495999999;99.5462495999999;99.5462495999999;99.83862319999993;99.5462495999999;99.5398431999999;99.76671839999995;99.75345759999995;99.75643199999998;99.75345759999995;99.75643199999998;100.0;100.0;100.0;99.83862319999993;100.0;100.0;100.0;99.75345759999995;99.75345759999995;99.76671839999995;99.75345759999995;99.75643199999998;99.75643199999998;99.31937439999984;99.83862319999993;99.31937439999984;99.31937439999984;99.31937439999984;99.31937439999984;99.75345759999995;99.75345759999995;99.5462495999999;99.5398431999999;99.5265823999999;99.75643199999998;99.83862319999993;99.76671839999995;99.75345759999995;99.75643199999998;99.83862319999993;99.83862319999993;99.83862319999993;
10800.09708133335;100.0;99.83246639999994;99.83246639999994;99.75643199999998;99.75345759999995;99.75345759999995;99.5265823999999;99.75345759999995;99.75643199999998;99.5462495999999;99.83862319999993;99.5462495999999;99.85219519999993;100.0;100.0;100.0;99.5462495999999;99.5462495999999;99.5462495999999;99.5462495999999;99.5462495999999;99.83862319999993;99.5462495999999;99.5265823999999;99.75345759999995;99.75345759999995;99.75643199999998;99.75345759999995;99.75643199999998;100.0;100.0;100.0;99.83862319999993;100.0;100.0;100.0;99.75345759999995;99.75345759999995;99.75345759999995;99.75345759999995;99.75643199999998;99.75643199999998;99.31937439999984;99.83862319999993;99.31937439999984;99.31937439999984;99.31937439999984;99.31937439999984;99.75345759999995;99.75345759999995;99.5462495999999;99.5265823999999;99.5265823999999;99.75643199999998;99.83862319999993;99.75345759999995;99.75345759999995;99.75643199999998;99.83862319999993;99.83862319999993;99.83862319999993;
10800.098170666683;100.0;99.83246639999994;99.83246639999994;99.75643199999998;99.75345759999995;99.75345759999995;99.5265823999999;99.75345759999995;99.75643199999998;99.5462495999999;99.83862319999993;99.5462495999999;99.85219519999993;100.0;100.0;100.0;99.5462495999999;99.5462495999999;99.5462495999999;99.5462495999999;99.5462495999999;99.83862319999993;99.5462495999999;99.5265823999999;99.75345759999995;99.75345759999995;99.75643199999998;99.75345759999995;99.75643199999998;100.0;100.0;100.0;99.83862319999993;100.0;100.0;100.0;99.75345759999995;99.75345759999995;99.75345759999995;99.75345759999995;99.75643199999998;99.75643199999998;99.31937439999984;99.83862319999993;99.31937439999984;99.31937439999984;99.31937439999984;99.31296799999984;99.75345759999995;99.75345759999995;99.5462495999999;99.5265823999999;99.5265823999999;99.75643199999998;99.83862319999993;99.75345759999995;99.75345759999995;99.75643199999998;99.83862319999993;99.83862319999993;99.83862319999993;
10800.098170666683;100.0;99.83246639999994;99.83246639999994;99.75643199999998;99.75345759999995;99.75345759999995;99.5265823999999;99.75345759999995;99.75643199999998;99.5462495999999;99.83862319999993;99.5462495999999;99.85219519999993;100.0;100.0;100.0;99.5462495999999;99.5462495999999;99.5462495999999;99.5462495999999;99.5462495999999;99.83862319999993;99.5462495999999;99.5265823999999;99.75345759999995;99.75345759999995;99.75643199999998;99.75345759999995;99.75643199999998;100.0;100.0;100.0;99.83862319999993;100.0;100.0;100.0;99.75345759999995;99.75345759999995;99.75345759999995;99.75345759999995;99.75643199999998;99.75643199999998;99.31937439999984;99.83862319999993;99.31937439999984;99.31937439999984;99.31937439999984;99.29970719999984;99.75345759999995;99.75345759999995;99.5462495999999;99.5265823999999;99.5265823999999;99.75643199999998;99.83862319999993;99.75345759999995;99.75345759999995;99.75643199999998;99.83862319999993;99.83862319999993;99.83862319999993;
10800.10708133335;100.0;99.83246639999994;99.83246639999994;99.75643199999998;99.75345759999995;99.75345759999995;99.5265823999999;99.75345759999995;99.75643199999998;99.5462495999999;99.83862319999993;99.5462495999999;99.85219519999993;100.0;100.0;100.0;99.5462495999999;99.5462495999999;99.5462495999999;99.5462495999999;99.5462495999999;99.83862319999993;99.5462495999999;99.5265823999999;99.75345759999995;99.75345759999995;99.75643199999998;99.75345759999995;99.75643199999998;100.0;100.0;100.0;99.83862319999993;100.0;100.0;100.0;99.75345759999995;99.75345759999995;99.75345759999995;99.75345759999995;99.75643199999998;99.75643199999998;99.31937439999984;99.83862319999993;99.31937439999984;99.31937439999984;99.31937439999984;99.29970719999984;99.75345759999995;99.75345759999995;99.5462495999999;99.5265823999999;99.5265823999999;99.75643199999998;99.83862319999993;99.75345759999995;99.75345759999995;99.75643199999998;99.83862319999993;99.83862319999993;99.83862319999993;
10800.108170666683;100.0;99.83246639999994;99.83246639999994;99.75643199999998;99.75345759999995;99.75345759999995;99.5265823999999;99.75345759999995;99.75643199999998;99.5462495999999;99.83862319999993;99.5462495999999;99.85219519999993;100.0;100.0;100.0;99.5462495999999;99.5462495999999;99.5462495999999;99.5462495999999;99.5462495999999;99.83862319999993;99.5462495999999;99.5265823999999;99.75345759999995;99.75345759999995;99.75643199999998;99.75345759999995;99.75643199999998;100.0;100.0;100.0;99.83862319999993;100.0;100.0;100.0;99.75345759999995;99.75345759999995;99.75345759999995;99.75345759999995;99.75643199999998;99.75643199999998;99.31937439999984;99.83862319999993;99.31937439999984;99.31937439999984;99.31937439999984;99.29970719999984;99.75345759999995;99.75345759999995;99.5462495999999;99.5265823999999;99.5265823999999;99.75643199999998;99.83862319999993;99.75345759999995;99.75345759999995;99.75643199999998;99.83862319999993;99.83862319999993;99.83862319999993;
10800.120916000016;100.0;99.83246639999994;99.83246639999994;99.75643199999998;99.75345759999995;99.75345759999995;99.52017599999989;99.75345759999995;99.75643199999998;99.5398431999999;99.83862319999993;99.5462495999999;99.85219519999993;100.0;100.0;100.0;99.5462495999999;99.5462495999999;99.5462495999999;99.5462495999999;99.5462495999999;99.83862319999993;99.5398431999999;99.52017599999989;99.75345759999995;99.75345759999995;99.75643199999998;99.75345759999995;99.75643199999998;100.0;100.0;100.0;99.83862319999993;100.0;100.0;100.0;99.75345759999995;99.75345759999995;99.75345759999995;99.75345759999995;99.75643199999998;99.75643199999998;99.31937439999984;99.83862319999993;99.31937439999984;99.31937439999984;99.31937439999984;99.29970719999984;99.75345759999995;99.75345759999995;99.5398431999999;99.5265823999999;99.52017599999989;99.75643199999998;99.83862319999993;99.75345759999995;99.75345759999995;99.75643199999998;99.83862319999993;99.83862319999993;99.83862319999993;
10800.120916000016;100.0;99.83246639999994;99.83246639999994;99.75643199999998;99.75345759999995;99.75345759999995;99.5069151999999;99.75345759999995;99.75643199999998;99.5265823999999;99.83862319999993;99.5462495999999;99.85219519999993;100.0;100.0;100.0;99.5462495999999;99.5462495999999;99.5462495999999;99.5462495999999;99.5462495999999;99.83862319999993;99.5265823999999;99.5069151999999;99.75345759999995;99.75345759999995;99.75643199999998;99.75345759999995;99.75643199999998;100.0;100.0;100.0;99.83862319999993;100.0;100.0;100.0;99.75345759999995;99.75345759999995;99.75345759999995;99.75345759999995;99.75643199999998;99.75643199999998;99.31937439999984;99.83862319999993;99.31937439999984;99.31937439999984;99.31937439999984;99.29970719999984;99.75345759999995;99.75345759999995;99.5265823999999;99.5265823999999;99.5069151999999;99.75643199999998;99.83862319999993;99.75345759999995;99.75345759999995;99.75643199999998;99.83862319999993;99.83862319999993;99.83862319999993;
10800.122005333349;100.0;99.83246639999994;99.83246639999994;99.75643199999998;99.75345759999995;99.75345759999995;99.5069151999999;99.75345759999995;99.75643199999998;99.5265823999999;99.83862319999993;99.5462495999999;99.85219519999993;100.0;100.0;100.0;99.5462495999999;99.5462495999999;99.5462495999999;99.5462495999999;99.5462495999999;99.83862319999993;99.5265823999999;99.5069151999999;99.75345759999995;99.75345759999995;99.75643199999998;99.75345759999995;99.75643199999998;100.0;100.0;100.0;99.83862319999993;100.0;100.0;100.0;99.75345759999995;99.75345759999995;99.75345759999995;99.75345759999995;99.75643199999998;99.75643199999998;99.31937439999984;99.83862319999993;99.31937439999984;99.31937439999984;99.31296799999984;99.29970719999984;99.75345759999995;99.75345759999995;99.5265823999999;99.5265823999999;99.5069151999999;99.75643199999998;99.83862319999993;99.75345759999995;99.75345759999995;99.75643199999998;99.83862319999993;99.83862319999993;99.83862319999993;
10800.122005333349;100.0;99.83246639999994;99.83246639999994;99.75643199999998;99.75345759999995;99.75345759999995;99.5069151999999;99.75345759999995;99.75643199999998;99.5265823999999;99.83862319999993;99.5462495999999;99.85219519999993;100.0;100.0;100.0;99.5462495999999;99.5462495999999;99.5462495999999;99.5462495999999;99.5462495999999;99.83862319999993;99.5265823999999;99.5069151999999;99.75345759999995;99.75345759999995;99.75643199999998;99.75345759999995;99.75643199999998;100.0;100.0;100.0;99.83862319999993;100.0;100.0;100.0;99.75345759999995;99.75345759999995;99.75345759999995;99.75345759999995;99.75643199999998;99.75643199999998;99.31937439999984;99.83862319999993;99.31937439999984;99.31937439999984;99.29970719999984;99.29970719999984;99.75345759999995;99.75345759999995;99.5265823999999;99.5265823999999;99.5069151999999;99.75643199999998;99.83862319999993;99.75345759999995;99.75345759999995;99.75643199999998;99.83862319999993;99.83862319999993;99.83862319999993;
10800.130916000016;100.0;99.83246639999994;99.83246639999994;99.75643199999998;99.75345759999995;99.75345759999995;99.5069151999999;99.75345759999995;99.75643199999998;99.5265823999999;99.83862319999993;99.5462495999999;99.85219519999993;100.0;100.0;100.0;99.5462495999999;99.5462495999999;99.5462495999999;99.5462495999999;99.5462495999999;99.83862319999993;99.5265823999999;99.5069151999999;99.75345759999995;99.75345759999995;99.75643199999998;99.75345759999995;99.75643199999998;100.0;100.0;100.0;99.83862319999993;100.0;100.0;100.0;99.75345759999995;99.75345759999995;99.75345759999995;99.75345759999995;99.75643199999998;99.75643199999998;99.31937439999984;99.83862319999993;99.31937439999984;99.31937439999984;99.29970719999984;99.29970719999984;99.75345759999995;99.75345759999995;99.5265823999999;99.5265823999999;99.5069151999999;99.75643199999998;99.83862319999993;99.75345759999995;99.75345759999995;99.75643199999998;99.83862319999993;99.83862319999993;99.83862319999993;
10800.144750666683;100.0;99.83246639999994;99.83246639999994;99.75643199999998;99.75345759999995;99.75345759999995;99.5069151999999;99.75345759999995;99.75643199999998;99.52017599999989;99.83862319999993;99.5398431999999;99.85219519999993;100.0;100.0;100.0;99.5462495999999;99.5462495999999;99.5462495999999;99.5462495999999;99.5398431999999;99.83862319999993;99.52017599999989;99.5069151999999;99.75345759999995;99.75345759999995;99.75643199999998;99.75345759999995;99.75643199999998;100.0;100.0;100.0;99.83862319999993;100.0;100.0;100.0;99.75345759999995;99.75345759999995;99.75345759999995;99.75345759999995;99.75643199999998;99.75643199999998;99.31937439999984;99.83862319999993;99.31937439999984;99.31937439999984;99.29970719999984;99.29330079999984;99.75345759999995;99.75345759999995;99.5265823999999;99.52017599999989;99.5069151999999;99.75643199999998;99.83862319999993;99.75345759999995;99.75345759999995;99.75643199999998;99.83862319999993;99.83862319999993;99.83862319999993;
10800.144750666683;100.0;99.83246639999994;99.83246639999994;99.75643199999998;99.75345759999995;99.75345759999995;99.5069151999999;99.75345759999995;99.75643199999998;99.5069151999999;99.83862319999993;99.5265823999999;99.85219519999993;100.0;100.0;100.0;99.5462495999999;99.5462495999999;99.5462495999999;99.5462495999999;99.5265823999999;99.83862319999993;99.5069151999999;99.5069151999999;99.75345759999995;99.75345759999995;99.75643199999998;99.75345759999995;99.75643199999998;100.0;100.0;100.0;99.83862319999993;100.0;100.0;100.0;99.75345759999995;99.75345759999995;99.75345759999995;99.75345759999995;99.75643199999998;99.75643199999998;99.31937439999984;99.83862319999993;99.31937439999984;99.31937439999984;99.29970719999984;99.28003999999984;99.75345759999995;99.75345759999995;99.5265823999999;99.5069151999999;99.5069151999999;99.75643199999998;99.83862319999993;99.75345759999995;99.75345759999995;99.75643199999998;99.83862319999993;99.83862319999993;99.83862319999993;
10800.145840000016;100.0;99.83246639999994;99.83246639999994;99.75643199999998;99.75345759999995;99.75345759999995;99.5069151999999;99.75345759999995;99.75643199999998;99.5069151999999;99.83862319999993;99.5265823999999;99.85219519999993;100.0;100.0;100.0;99.5462495999999;99.5462495999999;99.5462495999999;99.5462495999999;99.5265823999999;99.83862319999993;99.5069151999999;99.5069151999999;99.75345759999995;99.75345759999995;99.75643199999998;99.75345759999995;99.75643199999998;100.0;100.0;100.0;99.83862319999993;100.0;100.0;100.0;99.75345759999995;99.75345759999995;99.75345759999995;99.75345759999995;99.75643199999998;99.75643199999998;99.31937439999984;99.83862319999993;99.31937439999984;99.31296799999984;99.29970719999984;99.28003999999984;99.75345759999995;99.75345759999995;99.5265823999999;99.5069151999999;99.5069151999999;99.75643199999998;99.83862319999993;99.75345759999995;99.75345759999995;99.75643199999998;99.83862319999993;99.83862319999993;99.83862319999993;
10800.145840000016;100.0;99.83246639999994;99.83246639999994;99.75643199999998;99.75345759999995;99.75345759999995;99.5069151999999;99.75345759999995;99.75643199999998;99.5069151999999;99.83862319999993;99.5265823999999;99.85219519999993;100.0;100.0;100.0;99.5462495999999;99.5462495999999;99.5462495999999;99.5462495999999;99.5265823999999;99.83862319999993;99.5069151999999;99.5069151999999;99.75345759999995;99.75345759999995;99.75643199999998;99.75345759999995;99.75643199999998;100.0;100.0;100.0;99.83862319999993;100.0;100.0;100.0;99.75345759999995;99.75345759999995;99.75345759999995;99.75345759999995;99.75643199999998;99.75643199999998;99.31937439999984;99.83862319999993;99.31937439999984;99.29970719999984;99.29970719999984;99.28003999999984;99.75345759999995;99.75345759999995;99.5265823999999;99.5069151999999;99.5069151999999;99.75643199999998;99.83862319999993;99.75345759999995;99.75345759999995;99.75643199999998;99.83862319999993;99.83862319999993;99.83862319999993;
10800.154750666683;100.0;99.83246639999994;99.83246639999994;99.75643199999998;99.75345759999995;99.75345759999995;99.5069151999999;99.75345759999995;99.75643199999998;99.5069151999999;99.83862319999993;99.5265823999999;99.85219519999993;100.0;100.0;100.0;99.5462495999999;99.5462495999999;99.5462495999999;99.5462495999999;99.5265823999999;99.83862319999993;99.5069151999999;99.5069151999999;99.75345759999995;99.75345759999995;99.75643199999998;99.75345759999995;99.75643199999998;100.0;100.0;100.0;99.83862319999993;100.0;100.0;100.0;99.75345759999995;99.75345759999995;99.75345759999995;99.75345759999995;99.75643199999998;99.75643199999998;99.31937439999984;99.83862319999993;99.31937439999984;99.29970719999984;99.29970719999984;99.28003999999984;99.75345759999995;99.75345759999995;99.5265823999999;99.5069151999999;99.5069151999999;99.75643199999998;99.83862319999993;99.75345759999995;99.75345759999995;99.75643199999998;99.83862319999993;99.83862319999993;99.83862319999993;
10800.16858533335;100.0;99.83246639999994;99.83246639999994;99.75643199999998;99.75345759999995;99.75345759999995;99.5069151999999;99.75345759999995;99.75643199999998;99.5069151999999;99.83862319999993;99.52017599999989;99.84578879999992;100.0;100.0;100.0;99.5462495999999;99.5462495999999;99.5462495999999;99.5398431999999;99.52017599999989;99.83862319999993;99.5069151999999;99.5069151999999;99.75345759999995;99.75345759999995;99.75643199999998;99.75345759999995;99.75643199999998;100.0;100.0;100.0;99.83862319999993;100.0;100.0;100.0;99.75345759999995;99.75345759999995;99.75345759999995;99.75345759999995;99.75643199999998;99.75643199999998;99.31937439999984;99.83862319999993;99.31937439999984;99.29970719999984;99.29330079999984;99.28003999999984;99.75345759999995;99.75345759999995;99.52017599999989;99.5069151999999;99.5069151999999;99.75643199999998;99.83862319999993;99.75345759999995;99.75345759999995;99.75643199999998;99.83862319999993;99.83862319999993;99.83862319999993;
10800.16858533335;100.0;99.83246639999994;99.83246639999994;99.75643199999998;99.75345759999995;99.75345759999995;99.5069151999999;99.75345759999995;99.75643199999998;99.5069151999999;99.83862319999993;99.5069151999999;99.84578879999992;100.0;100.0;100.0;99.5462495999999;99.5462495999999;99.5462495999999;99.5265823999999;99.5069151999999;99.83862319999993;99.5069151999999;99.5069151999999;99.75345759999995;99.75345759999995;99.75643199999998;99.75345759999995;99.75643199999998;100.0;100.0;100.0;99.83862319999993;100.0;100.0;100.0;99.75345759999995;99.75345759999995;99.75345759999995;99.75345759999995;99.75643199999998;99.75643199999998;99.31937439999984;99.83862319999993;99.31937439999984;99.29970719999984;99.28003999999984;99.28003999999984;99.75345759999995;99.75345759999995;99.5069151999999;99.5069151999999;99.5069151999999;99.75643199999998;99.83862319999993;99.75345759999995;99.75345759999995;99.75643199999998;99.83862319999993;99.83862319999993;99.83862319999993;
10800.169674666682;100.0;99.83246639999994;99.83246639999994;99.75643199999998;99.75345759999995;99.75345759999995;99.5069151999999;99.75345759999995;99.75643199999998;99.5069151999999;99.83862319999993;99.5069151999999;99.84578879999992;100.0;100.0;100.0;99.5462495999999;99.5462495999999;99.5462495999999;99.5265823999999;99.5069151999999;99.83862319999993;99.5069151999999;99.5069151999999;99.75345759999995;99.75345759999995;99.75643199999998;99.75345759999995;99.75643199999998;100.0;100.0;100.0;99.83862319999993;100.0;100.0;100.0;99.75345759999995;99.75345759999995;99.75345759999995;99.75345759999995;99.75643199999998;99.75643199999998;99.31937439999984;99.83862319999993;99.31296799999984;99.29970719999984;99.28003999999984;99.28003999999984;99.75345759999995;99.75345759999995;99.5069151999999;99.5069151999999;99.5069151999999;99.75643199999998;99.83862319999993;99.75345759999995;99.75345759999995;99.75643199999998;99.83862319999993;99.83862319999993;99.83862319999993;
10800.169674666682;100.0;99.83246639999994;99.83246639999994;99.75643199999998;99.75345759999995;99.75345759999995;99.5069151999999;99.75345759999995;99.75643199999998;99.5069151999999;99.83862319999993;99.5069151999999;99.84578879999992;100.0;100.0;100.0;99.5462495999999;99.5462495999999;99.5462495999999;99.5265823999999;99.5069151999999;99.83862319999993;99.5069151999999;99.5069151999999;99.75345759999995;99.75345759999995;99.75643199999998;99.75345759999995;99.75643199999998;100.0;100.0;100.0;99.83862319999993;100.0;100.0;100.0;99.75345759999995;99.75345759999995;99.75345759999995;99.75345759999995;99.75643199999998;99.75643199999998;99.31937439999984;99.83862319999993;99.29970719999984;99.29970719999984;99.28003999999984;99.28003999999984;99.75345759999995;99.75345759999995;99.5069151999999;99.5069151999999;99.5069151999999;99.75643199999998;99.83862319999993;99.75345759999995;99.75345759999995;99.75643199999998;99.83862319999993;99.83862319999993;99.83862319999993;
10800.192420000016;100.0;99.83246639999994;99.83246639999994;99.75643199999998;99.75345759999995;99.75345759999995;99.5069151999999;99.75345759999995;99.75643199999998;99.5069151999999;99.83862319999993;99.5069151999999;99.83938239999992;100.0;100.0;100.0;99.5462495999999;99.5462495999999;99.5398431999999;99.52017599999989;99.5069151999999;99.83862319999993;99.5069151999999;99.5069151999999;99.75345759999995;99.75345759999995;99.75643199999998;99.75345759999995;99.75643199999998;100.0;100.0;100.0;99.83862319999993;100.0;100.0;100.0;99.75345759999995;99.75345759999995;99.75345759999995;99.75345759999995;99.75643199999998;99.75643199999998;99.31937439999984;99.83862319999993;99.29970719999984;99.29330079999984;99.28003999999984;99.27363359999984;99.75345759999995;99.75345759999995;99.5069151999999;99.5069151999999;99.5069151999999;99.75643199999998;99.83862319999993;99.75345759999995;99.75345759999995;99.75643199999998;99.83862319999993;99.83862319999993;99.83862319999993;
10800.192420000016;100.0;99.83246639999994;99.83246639999994;99.75643199999998;99.75345759999995;99.75345759999995;99.5069151999999;99.75345759999995;99.75643199999998;99.5069151999999;99.83862319999993;99.5069151999999;99.83938239999992;100.0;100.0;100.0;99.5462495999999;99.5462495999999;99.5265823999999;99.5069151999999;99.5069151999999;99.83862319999993;99.5069151999999;99.5069151999999;99.75345759999995;99.75345759999995;99.75643199999998;99.75345759999995;99.75643199999998;100.0;100.0;100.0;99.83862319999993;100.0;100.0;100.0;99.75345759999995;99.75345759999995;99.75345759999995;99.75345759999995;99.75643199999998;99.75643199999998;99.31937439999984;99.83862319999993;99.29970719999984;99.28003999999984;99.28003999999984;99.26037279999984;99.75345759999995;99.75345759999995;99.5069151999999;99.5069151999999;99.5069151999999;99.75643199999998;99.83862319999993;99.75345759999995;99.75345759999995;99.75643199999998;99.83862319999993;99.83862319999993;99.83862319999993;
10800.193509333349;100.0;99.83246639999994;99.83246639999994;99.75643199999998;99.75345759999995;99.75345759999995;99.5069151999999;99.75345759999995;99.75643199999998;99.5069151999999;99.83862319999993;99.5069151999999;99.83938239999992;100.0;100.0;100.0;99.5462495999999;99.5462495999999;99.5265823999999;99.5069151999999;99.5069151999999;99.83862319999993;99.5069151999999;99.5069151999999;99.75345759999995;99.75345759999995;99.75643199999998;99.75345759999995;99.75643199999998;100.0;100.0;100.0;99.83862319999993;100.0;100.0;100.0;99.75345759999995;99.75345759999995;99.75345759999995;99.75345759999995;99.75643199999998;99.75643199999998;99.31296799999984;99.83862319999993;99.29970719999984;99.28003999999984;99.28003999999984;99.26037279999984;99.75345759999995;99.75345759999995;99.5069151999999;99.5069151999999;99.5069151999999;99.75643199999998;99.83862319999993;99.75345759999995;99.75345759999995;99.75643199999998;99.83862319999993;99.83862319999993;99.83862319999993;
10800.193509333349;100.0;99.83246639999994;99.83246639999994;99.75643199999998;99.75345759999995;99.75345759999995;99.5069151999999;99.75345759999995;99.75643199999998;99.5069151999999;99.83862319999993;99.5069151999999;99.83938239999992;100.0;100.0;100.0;99.5462495999999;99.5462495999999;99.5265823999999;99.5069151999999;99.5069151999999;99.83862319999993;99.5069151999999;99.5069151999999;99.75345759999995;99.75345759999995;99.75643199999998;99.75345759999995;99.75643199999998;100.0;100.0;100.0;99.83862319999993;100.0;100.0;100.0;99.75345759999995;99.75345759999995;99.75345759999995;99.75345759999995;99.75643199999998;99.75643199999998;99.29970719999984;99.83862319999993;99.29970719999984;99.28003999999984;99.28003999999984;99.26037279999984;99.75345759999995;99.75345759999995;99.5069151999999;99.5069151999999;99.5069151999999;99.75643199999998;99.83862319999993;99.75345759999995;99.75345759999995;99.75643199999998;99.83862319999993;99.83862319999993;99.83862319999993;
10800.202420000016;100.0;99.83246639999994;99.83246639999994;99.75643199999998;99.75345759999995;99.75345759999995;99.5069151999999;99.75345759999995;99.75643199999998;99.5069151999999;99.83862319999993;99.5069151999999;99.83938239999992;100.0;100.0;100.0;99.5462495999999;99.5462495999999;99.5265823999999;99.5069151999999;99.5069151999999;99.83862319999993;99.5069151999999;99.5069151999999;99.75345759999995;99.75345759999995;99.75643199999998;99.75345759999995;99.75643199999998;100.0;100.0;100.0;99.83862319999993;100.0;100.0;100.0;99.75345759999995;99.75345759999995;99.75345759999995;99.75345759999995;99.75643199999998;99.75643199999998;99.29970719999984;99.83862319999993;99.29970719999984;99.28003999999984;99.28003999999984;99.26037279999984;99.75345759999995;99.75345759999995;99.5069151999999;99.5069151999999;99.5069151999999;99.75643199999998;99.83862319999993;99.75345759999995;99.75345759999995;99.75643199999998;99.83862319999993;99.83862319999993;99.83862319999993;
10800.216254666682;100.0;99.83246639999994;99.83246639999994;99.75643199999998;99.75345759999995;99.75345759999995;99.5069151999999;99.75345759999995;99.75643199999998;99.5069151999999;99.83862319999993;99.5069151999999;99.83938239999992;100.0;100.0;100.0;99.5462495999999;99.5398431999999;99.52017599999989;99.5069151999999;99.5069151999999;99.83862319999993;99.5069151999999;99.5069151999999;99.75345759999995;99.75345759999995;99.75643199999998;99.75345759999995;99.75643199999998;100.0;100.0;100.0;99.83862319999993;100.0;100.0;100.0;99.75345759999995;99.75345759999995;99.75345759999995;99.75345759999995;99.75643199999998;99.75643199999998;99.29970719999984;99.83862319999993;99.29330079999984;99.28003999999984;99.27363359999984;99.26037279999984;99.75345759999995;99.75345759999995;99.5069151999999;99.5069151999999;99.5069151999999;99.75643199999998;99.83862319999993;99.75345759999995;99.75345759999995;99.75643199999998;99.83862319999993;99.83862319999993;99.83862319999993;
10800.216254666682;100.0;99.83246639999994;99.83246639999994;99.75643199999998;99.75345759999995;99.75345759999995;99.5069151999999;99.75345759999995;99.75643199999998;99.5069151999999;99.83862319999993;99.5069151999999;99.83938239999992;100.0;100.0;100.0;99.5462495999999;99.5265823999999;99.5069151999999;99.5069151999999;99.5069151999999;99.83862319999993;99.5069151999999;99.5069151999999;99.75345759999995;99.75345759999995;99.75643199999998;99.75345759999995;99.75643199999998;100.0;100.0;100.0;99.83862319999993;100.0;100.0;100.0;99.75345759999995;99.75345759999995;99.75345759999995;99.75345759999995;99.75643199999998;99.75643199999998;99.29970719999984;99.83862319999993;99.28003999999984;99.28003999999984;99.26037279999984;99.26037279999984;99.75345759999995;99.75345759999995;99.5069151999999;99.5069151999999;99.5069151999999;99.75643199999998;99.83862319999993;99.75345759999995;99.75345759999995;99.75643199999998;99.83862319999993;99.83862319999993;99.83862319999993;
10800.217344000015;100.0;99.83246639999994;99.83246639999994;99.75643199999998;99.75345759999995;99.75345759999995;99.5069151999999;99.75345759999995;99.75643199999998;99.5069151999999;99.83862319999993;99.5069151999999;99.83938239999992;100.0;100.0;100.0;99.5462495999999;99.5265823999999;99.5069151999999;99.5069151999999;99.5069151999999;99.83862319999993;99.5069151999999;99.5069151999999;99.75345759999995;99.75345759999995;99.75643199999998;99.75345759999995;99.75643199999998;100.0;100.0;100.0;99.83862319999993;100.0;100.0;100.0;99.75345759999995;99.75345759999995;99.75345759999995;99.75345759999995;99.75643199999998;99.75643199999998;99.29970719999984;99.83862319999993;99.28003999999984;99.28003999999984;99.26037279999984;99.26037279999984;99.75345759999995;99.75345759999995;99.5069151999999;99.5069151999999;99.5069151999999;99.75643199999998;99.83862319999993;99.75345759999995;99.75345759999995;99.75643199999998;99.83862319999993;99.83862319999993;99.83862319999993;
10800.240089333349;100.0;99.83246639999994;99.83246639999994;99.75643199999998;99.75345759999995;99.75345759999995;99.5069151999999;99.75345759999995;99.75643199999998;99.5069151999999;99.83862319999993;99.5069151999999;99.83938239999992;100.0;100.0;100.0;99.5398431999999;99.52017599999989;99.5069151999999;99.5069151999999;99.5069151999999;99.83862319999993;99.5069151999999;99.5069151999999;99.75345759999995;99.75345759999995;99.75643199999998;99.75345759999995;99.75643199999998;100.0;100.0;100.0;99.83862319999993;100.0;100.0;100.0;99.75345759999995;99.75345759999995;99.75345759999995;99.75345759999995;99.75643199999998;99.75643199999998;99.29330079999984;99.83862319999993;99.28003999999984;99.27363359999984;99.26037279999984;99.26037279999984;99.75345759999995;99.75345759999995;99.5069151999999;99.5069151999999;99.5069151999999;99.75643199999998;99.83862319999993;99.75345759999995;99.75345759999995;99.75643199999998;99.83862319999993;99.83862319999993;99.83862319999993;
10800.240089333349;100.0;99.83246639999994;99.83246639999994;99.75643199999998;99.75345759999995;99.75345759999995;99.5069151999999;99.75345759999995;99.75643199999998;99.5069151999999;99.83862319999993;99.5069151999999;99.83938239999992;100.0;100.0;100.0;99.5265823999999;99.5069151999999;99.5069151999999;99.5069151999999;99.5069151999999;99.83862319999993;99.5069151999999;99.5069151999999;99.75345759999995;99.75345759999995;99.75643199999998;99.75345759999995;99.75643199999998;100.0;100.0;100.0;99.83862319999993;100.0;100.0;100.0;99.75345759999995;99.75345759999995;99.75345759999995;99.75345759999995;99.75643199999998;99.75643199999998;99.28003999999984;99.83862319999993;99.28003999999984;99.26037279999984;99.26037279999984;99.26037279999984;99.75345759999995;99.75345759999995;99.5069151999999;99.5069151999999;99.5069151999999;99.75643199999998;99.83862319999993;99.75345759999995;99.75345759999995;99.75643199999998;99.83862319999993;99.83862319999993;99.83862319999993;
10800.263924000015;100.0;99.83246639999994;99.83246639999994;99.75643199999998;99.75345759999995;99.75345759999995;99.5069151999999;99.75345759999995;99.75643199999998;99.5069151999999;99.83862319999993;99.5069151999999;99.83938239999992;100.0;100.0;100.0;99.52017599999989;99.5069151999999;99.5069151999999;99.5069151999999;99.5069151999999;99.83862319999993;99.5069151999999;99.5069151999999;99.75345759999995;99.75345759999995;99.75643199999998;99.75345759999995;99.75643199999998;100.0;100.0;100.0;99.83862319999993;100.0;100.0;100.0;99.75345759999995;99.75345759999995;99.75345759999995;99.75345759999995;99.75643199999998;99.75643199999998;99.28003999999984;99.83862319999993;99.27363359999984;99.26037279999984;99.26037279999984;99.26037279999984;99.75345759999995;99.75345759999995;99.5069151999999;99.5069151999999;99.5069151999999;99.75643199999998;99.83862319999993;99.75345759999995;99.75345759999995;99.75643199999998;99.83862319999993;99.83862319999993;99.83862319999993;
10800.263924000015;100.0;99.83246639999994;99.83246639999994;99.75643199999998;99.75345759999995;99.75345759999995;99.5069151999999;99.75345759999995;99.75643199999998;99.5069151999999;99.83862319999993;99.5069151999999;99.83938239999992;100.0;100.0;100.0;99.5069151999999;99.5069151999999;99.5069151999999;99.5069151999999;99.5069151999999;99.83862319999993;99.5069151999999;99.5069151999999;99.75345759999995;99.75345759999995;99.75643199999998;99.75345759999995;99.75643199999998;100.0;100.0;100.0;99.83862319999993;100.0;100.0;100.0;99.75345759999995;99.75345759999995;99.75345759999995;99.75345759999995;99.75643199999998;99.75643199999998;99.28003999999984;99.83862319999993;99.26037279999984;99.26037279999984;99.26037279999984;99.26037279999984;99.75345759999995;99.75345759999995;99.5069151999999;99.5069151999999;99.5069151999999;99.75643199999998;99.83862319999993;99.75345759999995;99.75345759999995;99.75643199999998;99.83862319999993;99.83862319999993;99.83862319999993;
10800.287758666682;100.0;99.83246639999994;99.83246639999994;99.75643199999998;99.75345759999995;99.75345759999995;99.5069151999999;99.75345759999995;99.75643199999998;99.5069151999999;99.83862319999993;99.5069151999999;99.83938239999992;100.0;100.0;100.0;99.5069151999999;99.5069151999999;99.5069151999999;99.5069151999999;99.5069151999999;99.83862319999993;99.5069151999999;99.5069151999999;99.75345759999995;99.75345759999995;99.75643199999998;99.75345759999995;99.75643199999998;100.0;100.0;100.0;99.83862319999993;100.0;100.0;100.0;99.75345759999995;99.75345759999995;99.75345759999995;99.75345759999995;99.75643199999998;99.75643199999998;99.27363359999984;99.83862319999993;99.26037279999984;99.26037279999984;99.26037279999984;99.26037279999984;99.75345759999995;99.75345759999995;99.5069151999999;99.5069151999999;99.5069151999999;99.75643199999998;99.83862319999993;99.75345759999995;99.75345759999995;99.75643199999998;99.83862319999993;99.83862319999993;99.83862319999993;
10800.287758666682;100.0;99.83246639999994;99.83246639999994;99.75643199999998;99.75345759999995;99.75345759999995;99.5069151999999;99.75345759999995;99.75643199999998;99.5069151999999;99.83862319999993;99.5069151999999;99.83938239999992;100.0;100.0;100.0;99.5069151999999;99.5069151999999;99.5069151999999;99.5069151999999;99.5069151999999;99.83862319999993;99.5069151999999;99.5069151999999;99.75345759999995;99.75345759999995;99.75643199999998;99.75345759999995;99.75643199999998;100.0;100.0;100.0;99.83862319999993;100.0;100.0;100.0;99.75345759999995;99.75345759999995;99.75345759999995;99.75345759999995;99.75643199999998;99.75643199999998;99.26037279999984;99.83862319999993;99.26037279999984;99.26037279999984;99.26037279999984;99.26037279999984;99.75345759999995;99.75345759999995;99.5069151999999;99.5069151999999;99.5069151999999;99.75643199999998;99.83862319999993;99.75345759999995;99.75345759999995;99.75643199999998;99.83862319999993;99.83862319999993;99.83862319999993;
10800.311593333348;100.0;99.83246639999994;99.83246639999994;99.75643199999998;99.75345759999995;99.75345759999995;99.5069151999999;99.75345759999995;99.75643199999998;99.5069151999999;99.83862319999993;99.5069151999999;99.83938239999992;100.0;100.0;100.0;99.5069151999999;99.5069151999999;99.5069151999999;99.5069151999999;99.5069151999999;99.83862319999993;99.5069151999999;99.5069151999999;99.75345759999995;99.75345759999995;99.75643199999998;99.75345759999995;99.75643199999998;100.0;100.0;100.0;99.83862319999993;100.0;100.0;100.0;99.75345759999995;99.75345759999995;99.75345759999995;99.75345759999995;99.75643199999998;99.75643199999998;99.26037279999984;99.83862319999993;99.26037279999984;99.26037279999984;99.26037279999984;99.26037279999984;99.75345759999995;99.75345759999995;99.5069151999999;99.5069151999999;99.5069151999999;99.75643199999998;99.83862319999993;99.75345759999995;99.75345759999995;99.75643199999998;99.83862319999993;99.83862319999993;99.83862319999993;
11400.000000000015;100.0;99.83246639999994;99.83246639999994;99.75643199999998;99.75345759999995;99.75345759999995;99.5069151999999;99.75345759999995;99.75643199999998;99.5069151999999;99.83862319999993;99.5069151999999;99.83938239999992;100.0;100.0;100.0;99.5069151999999;99.5069151999999;99.5069151999999;99.5069151999999;99.5069151999999;99.83862319999993;99.5069151999999;99.5069151999999;99.75345759999995;99.75345759999995;99.75643199999998;99.75345759999995;99.75643199999998;100.0;100.0;100.0;99.83862319999993;100.0;100.0;100.0;99.75345759999995;99.75345759999995;99.75345759999995;99.75345759999995;99.75643199999998;99.75643199999998;99.26037279999984;99.83862319999993;99.26037279999984;99.26037279999984;99.26037279999984;99.26037279999984;99.75345759999995;99.75345759999995;99.5069151999999;99.5069151999999;99.5069151999999;99.75643199999998;99.83862319999993;99.75345759999995;99.75345759999995;99.75643199999998;99.83862319999993;99.83862319999993;99.83862319999993;
11700.026666666683;100.0;99.83236639999994;99.83236639999994;99.75643199999998;99.75345759999995;99.75345759999995;99.5069151999999;99.75345759999995;99.75643199999998;99.5069151999999;99.83852319999993;99.5069151999999;99.83938239999992;100.0;100.0;100.0;99.5069151999999;99.5069151999999;99.5069151999999;99.5069151999999;99.5069151999999;99.83852319999993;99.5069151999999;99.5069151999999;99.75345759999995;99.75345759999995;99.75643199999998;99.75345759999995;99.75643199999998;100.0;100.0;100.0;99.83852319999993;100.0;100.0;100.0;99.75345759999995;99.75345759999995;99.75345759999995;99.75345759999995;99.75643199999998;99.75643199999998;99.26037279999984;99.83852319999993;99.26037279999984;99.26037279999984;99.26037279999984;99.26037279999984;99.75345759999995;99.75345759999995;99.5069151999999;99.5069151999999;99.5069151999999;99.75643199999998;99.83852319999993;99.75345759999995;99.75345759999995;99.75643199999998;99.83852319999993;99.83852319999993;99.83852319999993;
11700.026666666683;100.0;99.83236639999994;99.83236639999994;99.75643199999998;99.75345759999995;99.75345759999995;99.5069151999999;99.75345759999995;99.75643199999998;99.5069151999999;99.82668319999992;99.5069151999999;99.83938239999992;100.0;100.0;100.0;99.5069151999999;99.5069151999999;99.5069151999999;99.5069151999999;99.5069151999999;99.82668319999992;99.5069151999999;99.5069151999999;99.75345759999995;99.75345759999995;99.75643199999998;99.75345759999995;99.75643199999998;100.0;100.0;100.0;99.82668319999992;100.0;100.0;100.0;99.75345759999995;99.75345759999995;99.75345759999995;99.75345759999995;99.75643199999998;99.75643199999998;99.26037279999984;99.82668319999992;99.26037279999984;99.26037279999984;99.26037279999984;99.26037279999984;99.75345759999995;99.75345759999995;99.5069151999999;99.5069151999999;99.5069151999999;99.75643199999998;99.82668319999992;99.75345759999995;99.75345759999995;99.75643199999998;99.82668319999992;99.82668319999992;99.82668319999992;
11700.026666666683;100.0;99.82005279999994;99.82005279999994;99.75643199999998;99.75345759999995;99.75345759999995;99.5069151999999;99.75345759999995;99.75643199999998;99.5069151999999;99.82668319999992;99.5069151999999;99.83938239999992;100.0;100.0;100.0;99.5069151999999;99.5069151999999;99.5069151999999;99.5069151999999;99.5069151999999;99.82668319999992;99.5069151999999;99.5069151999999;99.75345759999995;99.75345759999995;99.75643199999998;99.75345759999995;99.75643199999998;100.0;100.0;100.0;99.82668319999992;100.0;100.0;100.0;99.75345759999995;99.75345759999995;99.75345759999995;99.75345759999995;99.75643199999998;99.75643199999998;99.26037279999984;99.82668319999992;99.26037279999984;99.26037279999984;99.26037279999984;99.26037279999984;99.75345759999995;99.75345759999995;99.5069151999999;99.5069151999999;99.5069151999999;99.75643199999998;99.82668319999992;99.75345759999995;99.75345759999995;99.75643199999998;99.82668319999992;99.82668319999992;99.82668319999992;
11700.04723333335;100.0;99.82005279999994;99.82005279999994;99.75071199999998;99.75345759999995;99.75345759999995;99.5069151999999;99.75345759999995;99.75071199999998;99.5069151999999;99.82668319999992;99.5069151999999;99.83938239999992;100.0;100.0;100.0;99.5069151999999;99.5069151999999;99.5069151999999;99.5069151999999;99.5069151999999;99.82668319999992;99.5069151999999;99.5069151999999;99.75345759999995;99.75345759999995;99.75071199999998;99.75345759999995;99.75071199999998;100.0;100.0;100.0;99.82668319999992;100.0;100.0;100.0;99.75345759999995;99.75345759999995;99.75345759999995;99.75345759999995;99.75071199999998;99.75071199999998;99.26037279999984;99.82668319999992;99.26037279999984;99.26037279999984;99.26037279999984;99.26037279999984;99.75345759999995;99.75345759999995;99.5069151999999;99.5069151999999;99.5069151999999;99.75071199999998;99.82668319999992;99.75345759999995;99.75345759999995;99.75071199999998;99.82668319999992;99.82668319999992;99.82668319999992;
11700.04723333335;100.0;99.82005279999994;99.82005279999994;99.73839839999998;99.75345759999995;99.75345759999995;99.5069151999999;99.75345759999995;99.73839839999998;99.5069151999999;99.82668319999992;99.5069151999999;99.83938239999992;100.0;100.0;100.0;99.5069151999999;99.5069151999999;99.5069151999999;99.5069151999999;99.5069151999999;99.82668319999992;99.5069151999999;99.5069151999999;99.75345759999995;99.75345759999995;99.73839839999998;99.75345759999995;99.73839839999998;100.0;100.0;100.0;99.82668319999992;100.0;100.0;100.0;99.75345759999995;99.75345759999995;99.75345759999995;99.75345759999995;99.73839839999998;99.73839839999998;99.26037279999984;99.82668319999992;99.26037279999984;99.26037279999984;99.26037279999984;99.26037279999984;99.75345759999995;99.75345759999995;99.5069151999999;99.5069151999999;99.5069151999999;99.73839839999998;99.82668319999992;99.75345759999995;99.75345759999995;99.73839839999998;99.82668319999992;99.82668319999992;99.82668319999992;
11700.048322666682;100.0;99.82005279999994;99.82005279999994;99.73839839999998;99.75345759999995;99.75345759999995;99.5069151999999;99.75345759999995;99.73839839999998;99.5069151999999;99.82668319999992;99.5069151999999;99.83938239999992;100.0;100.0;100.0;99.5069151999999;99.5069151999999;99.5069151999999;99.5069151999999;99.5069151999999;99.82668319999992;99.5069151999999;99.5069151999999;99.75345759999995;99.75345759999995;99.73839839999998;99.75345759999995;99.73839839999998;100.0;100.0;100.0;99.82668319999992;100.0;100.0;100.0;99.75345759999995;99.74750879999995;99.75345759999995;99.75345759999995;99.73839839999998;99.73839839999998;99.26037279999984;99.82668319999992;99.26037279999984;99.26037279999984;99.26037279999984;99.26037279999984;99.75345759999995;99.74750879999995;99.5069151999999;99.5069151999999;99.5069151999999;99.73839839999998;99.82668319999992;99.75345759999995;99.75345759999995;99.73839839999998;99.82668319999992;99.82668319999992;99.82668319999992;
11700.048322666682;100.0;99.82005279999994;99.82005279999994;99.73839839999998;99.75345759999995;99.75345759999995;99.5069151999999;99.75345759999995;99.73839839999998;99.5069151999999;99.82668319999992;99.5069151999999;99.83938239999992;100.0;100.0;100.0;99.5069151999999;99.5069151999999;99.5069151999999;99.5069151999999;99.5069151999999;99.82668319999992;99.5069151999999;99.5069151999999;99.75345759999995;99.75345759999995;99.73839839999998;99.75345759999995;99.73839839999998;100.0;100.0;100.0;99.82668319999992;100.0;100.0;100.0;99.75345759999995;99.73519519999995;99.75345759999995;99.75345759999995;99.73839839999998;99.73839839999998;99.26037279999984;99.82668319999992;99.26037279999984;99.26037279999984;99.26037279999984;99.26037279999984;99.75345759999995;99.73519519999995;99.5069151999999;99.5069151999999;99.5069151999999;99.73839839999998;99.82668319999992;99.75345759999995;99.75345759999995;99.73839839999998;99.82668319999992;99.82668319999992;99.82668319999992;
11700.05723333335;100.0;99.82005279999994;99.82005279999994;99.73839839999998;99.75345759999995;99.75345759999995;99.5069151999999;99.75345759999995;99.73839839999998;99.5069151999999;99.82668319999992;99.5069151999999;99.83938239999992;100.0;100.0;100.0;99.5069151999999;99.5069151999999;99.5069151999999;99.5069151999999;99.5069151999999;99.82668319999992;99.5069151999999;99.5069151999999;99.75345759999995;99.75345759999995;99.73839839999998;99.75345759999995;99.73839839999998;100.0;100.0;100.0;99.82668319999992;100.0;100.0;100.0;99.75345759999995;99.73519519999995;99.75345759999995;99.75345759999995;99.73839839999998;99.73839839999998;99.26037279999984;99.82668319999992;99.26037279999984;99.26037279999984;99.26037279999984;99.26037279999984;99.75345759999995;99.73519519999995;99.5069151999999;99.5069151999999;99.5069151999999;99.73839839999998;99.82668319999992;99.75345759999995;99.75345759999995;99.73839839999998;99.82668319999992;99.82668319999992;99.82668319999992;
11700.06888933335;100.0;99.82005279999994;99.82005279999994;99.73839839999998;99.74750879999995;99.75345759999995;99.5069151999999;99.74750879999995;99.73839839999998;99.5069151999999;99.82668319999992;99.5069151999999;99.83938239999992;100.0;100.0;100.0;99.5069151999999;99.5069151999999;99.5069151999999;99.5069151999999;99.5069151999999;99.82668319999992;99.5069151999999;99.5069151999999;99.75345759999995;99.74750879999995;99.73839839999998;99.74750879999995;99.73839839999998;100.0;100.0;100.0;99.82668319999992;100.0;100.0;100.0;99.75345759999995;99.73519519999995;99.75345759999995;99.74750879999995;99.73839839999998;99.73839839999998;99.26037279999984;99.82668319999992;99.26037279999984;99.26037279999984;99.26037279999984;99.26037279999984;99.75345759999995;99.73519519999995;99.5069151999999;99.5069151999999;99.5009663999999;99.73839839999998;99.82668319999992;99.75345759999995;99.74750879999995;99.73839839999998;99.82668319999992;99.82668319999992;99.82668319999992;
11700.06888933335;100.0;99.82005279999994;99.82005279999994;99.73839839999998;99.73519519999995;99.75345759999995;99.5069151999999;99.73519519999995;99.73839839999998;99.5069151999999;99.82668319999992;99.5069151999999;99.83938239999992;100.0;100.0;100.0;99.5069151999999;99.5069151999999;99.5069151999999;99.5069151999999;99.5069151999999;99.82668319999992;99.5069151999999;99.5069151999999;99.75345759999995;99.73519519999995;99.73839839999998;99.73519519999995;99.73839839999998;100.0;100.0;100.0;99.82668319999992;100.0;100.0;100.0;99.75345759999995;99.73519519999995;99.75345759999995;99.73519519999995;99.73839839999998;99.73839839999998;99.26037279999984;99.82668319999992;99.26037279999984;99.26037279999984;99.26037279999984;99.26037279999984;99.75345759999995;99.73519519999995;99.5069151999999;99.5069151999999;99.4886527999999;99.73839839999998;99.82668319999992;99.75345759999995;99.73519519999995;99.73839839999998;99.82668319999992;99.82668319999992;99.82668319999992;
11700.069978666683;100.0;99.82005279999994;99.82005279999994;99.73839839999998;99.73519519999995;99.75345759999995;99.5069151999999;99.73519519999995;99.73839839999998;99.5069151999999;99.82668319999992;99.5069151999999;99.83938239999992;100.0;100.0;100.0;99.5069151999999;99.5069151999999;99.5069151999999;99.5069151999999;99.5069151999999;99.82668319999992;99.5069151999999;99.5069151999999;99.75345759999995;99.73519519999995;99.73839839999998;99.73519519999995;99.73839839999998;100.0;100.0;100.0;99.82668319999992;100.0;100.0;100.0;99.74750879999995;99.73519519999995;99.75345759999995;99.73519519999995;99.73839839999998;99.73839839999998;99.26037279999984;99.82668319999992;99.26037279999984;99.26037279999984;99.26037279999984;99.26037279999984;99.74750879999995;99.73519519999995;99.5069151999999;99.5069151999999;99.4886527999999;99.73839839999998;99.82668319999992;99.75345759999995;99.73519519999995;99.73839839999998;99.82668319999992;99.82668319999992;99.82668319999992;
11700.069978666683;100.0;99.82005279999994;99.82005279999994;99.73839839999998;99.73519519999995;99.75345759999995;99.5069151999999;99.73519519999995;99.73839839999998;99.5069151999999;99.82668319999992;99.5069151999999;99.83938239999992;100.0;100.0;100.0;99.5069151999999;99.5069151999999;99.5069151999999;99.5069151999999;99.5069151999999;99.82668319999992;99.5069151999999;99.5069151999999;99.75345759999995;99.73519519999995;99.73839839999998;99.73519519999995;99.73839839999998;100.0;100.0;100.0;99.82668319999992;100.0;100.0;100.0;99.73519519999995;99.73519519999995;99.75345759999995;99.73519519999995;99.73839839999998;99.73839839999998;99.26037279999984;99.82668319999992;99.26037279999984;99.26037279999984;99.26037279999984;99.26037279999984;99.73519519999995;99.73519519999995;99.5069151999999;99.5069151999999;99.4886527999999;99.73839839999998;99.82668319999992;99.75345759999995;99.73519519999995;99.73839839999998;99.82668319999992;99.82668319999992;99.82668319999992;
11700.079978666683;100.0;99.82005279999994;99.82005279999994;99.73839839999998;99.73519519999995;99.75345759999995;99.5069151999999;99.73519519999995;99.73839839999998;99.5069151999999;99.82668319999992;99.5069151999999;99.83938239999992;100.0;100.0;100.0;99.5069151999999;99.5069151999999;99.5069151999999;99.5069151999999;99.5069151999999;99.82668319999992;99.5069151999999;99.5069151999999;99.75345759999995;99.73519519999995;99.73839839999998;99.73519519999995;99.73839839999998;100.0;100.0;100.0;99.82668319999992;100.0;100.0;100.0;99.73519519999995;99.73519519999995;99.75345759999995;99.73519519999995;99.73839839999998;99.73839839999998;99.26037279999984;99.82668319999992;99.26037279999984;99.26037279999984;99.26037279999984;99.26037279999984;99.73519519999995;99.73519519999995;99.5069151999999;99.5069151999999;99.4886527999999;99.73839839999998;99.82668319999992;99.75345759999995;99.73519519999995;99.73839839999998;99.82668319999992;99.82668319999992;99.82668319999992;
11700.090545333349;100.0;99.82005279999994;99.82005279999994;99.73839839999998;99.73519519999995;99.74750879999995;99.5009663999999;99.73519519999995;99.73839839999998;99.5069151999999;99.82668319999992;99.5069151999999;99.83938239999992;100.0;100.0;100.0;99.5069151999999;99.5069151999999;99.5069151999999;99.5069151999999;99.5069151999999;99.82668319999992;99.5069151999999;99.5009663999999;99.74750879999995;99.73519519999995;99.73839839999998;99.73519519999995;99.73839839999998;100.0;100.0;100.0;99.82668319999992;100.0;100.0;100.0;99.73519519999995;99.73519519999995;99.74750879999995;99.73519519999995;99.73839839999998;99.73839839999998;99.26037279999984;99.82668319999992;99.26037279999984;99.26037279999984;99.26037279999984;99.26037279999984;99.73519519999995;99.73519519999995;99.5069151999999;99.5009663999999;99.4886527999999;99.73839839999998;99.82668319999992;99.74750879999995;99.73519519999995;99.73839839999998;99.82668319999992;99.82668319999992;99.82668319999992;
11700.090545333349;100.0;99.82005279999994;99.82005279999994;99.73839839999998;99.73519519999995;99.73519519999995;99.4886527999999;99.73519519999995;99.73839839999998;99.5069151999999;99.82668319999992;99.5069151999999;99.83938239999992;100.0;100.0;100.0;99.5069151999999;99.5069151999999;99.5069151999999;99.5069151999999;99.5069151999999;99.82668319999992;99.5069151999999;99.4886527999999;99.73519519999995;99.73519519999995;99.73839839999998;99.73519519999995;99.73839839999998;100.0;100.0;100.0;99.82668319999992;100.0;100.0;100.0;99.73519519999995;99.73519519999995;99.73519519999995;99.73519519999995;99.73839839999998;99.73839839999998;99.26037279999984;99.82668319999992;99.26037279999984;99.26037279999984;99.26037279999984;99.26037279999984;99.73519519999995;99.73519519999995;99.5069151999999;99.4886527999999;99.4886527999999;99.73839839999998;99.82668319999992;99.73519519999995;99.73519519999995;99.73839839999998;99.82668319999992;99.82668319999992;99.82668319999992;
11700.091634666682;100.0;99.82005279999994;99.82005279999994;99.73839839999998;99.73519519999995;99.73519519999995;99.4886527999999;99.73519519999995;99.73839839999998;99.5069151999999;99.82668319999992;99.5069151999999;99.83938239999992;100.0;100.0;100.0;99.5069151999999;99.5069151999999;99.5069151999999;99.5069151999999;99.5069151999999;99.82668319999992;99.5069151999999;99.4886527999999;99.73519519999995;99.73519519999995;99.73839839999998;99.73519519999995;99.73839839999998;100.0;100.0;100.0;99.82668319999992;100.0;100.0;100.0;99.73519519999995;99.73519519999995;99.73519519999995;99.73519519999995;99.73839839999998;99.73839839999998;99.26037279999984;99.82668319999992;99.26037279999984;99.26037279999984;99.26037279999984;99.25442399999984;99.73519519999995;99.73519519999995;99.5069151999999;99.4886527999999;99.4886527999999;99.73839839999998;99.82668319999992;99.73519519999995;99.73519519999995;99.73839839999998;99.82668319999992;99.82668319999992;99.82668319999992;
11700.091634666682;100.0;99.82005279999994;99.82005279999994;99.73839839999998;99.73519519999995;99.73519519999995;99.4886527999999;99.73519519999995;99.73839839999998;99.5069151999999;99.82668319999992;99.5069151999999;99.83938239999992;100.0;100.0;100.0;99.5069151999999;99.5069151999999;99.5069151999999;99.5069151999999;99.5069151999999;99.82668319999992;99.5069151999999;99.4886527999999;99.73519519999995;99.73519519999995;99.73839839999998;99.73519519999995;99.73839839999998;100.0;100.0;100.0;99.82668319999992;100.0;100.0;100.0;99.73519519999995;99.73519519999995;99.73519519999995;99.73519519999995;99.73839839999998;99.73839839999998;99.26037279999984;99.82668319999992;99.26037279999984;99.26037279999984;99.26037279999984;99.24211039999985;99.73519519999995;99.73519519999995;99.5069151999999;99.4886527999999;99.4886527999999;99.73839839999998;99.82668319999992;99.73519519999995;99.73519519999995;99.73839839999998;99.82668319999992;99.82668319999992;99.82668319999992;
11700.10054533335;100.0;99.82005279999994;99.82005279999994;99.73839839999998;99.73519519999995;99.73519519999995;99.4886527999999;99.73519519999995;99.73839839999998;99.5069151999999;99.82668319999992;99.5069151999999;99.83938239999992;100.0;100.0;100.0;99.5069151999999;99.5069151999999;99.5069151999999;99.5069151999999;99.5069151999999;99.82668319999992;99.5069151999999;99.4886527999999;99.73519519999995;99.73519519999995;99.73839839999998;99.73519519999995;99.73839839999998;100.0;100.0;100.0;99.82668319999992;100.0;100.0;100.0;99.73519519999995;99.73519519999995;99.73519519999995;99.73519519999995;99.73839839999998;99.73839839999998;99.26037279999984;99.82668319999992;99.26037279999984;99.26037279999984;99.26037279999984;99.24211039999985;99.73519519999995;99.73519519999995;99.5069151999999;99.4886527999999;99.4886527999999;99.73839839999998;99.82668319999992;99.73519519999995;99.73519519999995;99.73839839999998;99.82668319999992;99.82668319999992;99.82668319999992;
11700.101634666682;100.0;99.82005279999994;99.82005279999994;99.73839839999998;99.73519519999995;99.73519519999995;99.4886527999999;99.73519519999995;99.73839839999998;99.5069151999999;99.82668319999992;99.5069151999999;99.83938239999992;100.0;100.0;100.0;99.5069151999999;99.5069151999999;99.5069151999999;99.5069151999999;99.5069151999999;99.82668319999992;99.5069151999999;99.4886527999999;99.73519519999995;99.73519519999995;99.73839839999998;99.73519519999995;99.73839839999998;100.0;100.0;100.0;99.82668319999992;100.0;100.0;100.0;99.73519519999995;99.73519519999995;99.73519519999995;99.73519519999995;99.73839839999998;99.73839839999998;99.26037279999984;99.82668319999992;99.26037279999984;99.26037279999984;99.26037279999984;99.24211039999985;99.73519519999995;99.73519519999995;99.5069151999999;99.4886527999999;99.4886527999999;99.73839839999998;99.82668319999992;99.73519519999995;99.73519519999995;99.73839839999998;99.82668319999992;99.82668319999992;99.82668319999992;
11700.112201333348;100.0;99.82005279999994;99.82005279999994;99.73839839999998;99.73519519999995;99.73519519999995;99.4827039999999;99.73519519999995;99.73839839999998;99.5009663999999;99.82668319999992;99.5069151999999;99.83938239999992;100.0;100.0;100.0;99.5069151999999;99.5069151999999;99.5069151999999;99.5069151999999;99.5069151999999;99.82668319999992;99.5009663999999;99.4827039999999;99.73519519999995;99.73519519999995;99.73839839999998;99.73519519999995;99.73839839999998;100.0;100.0;100.0;99.82668319999992;100.0;100.0;100.0;99.73519519999995;99.73519519999995;99.73519519999995;99.73519519999995;99.73839839999998;99.73839839999998;99.26037279999984;99.82668319999992;99.26037279999984;99.26037279999984;99.26037279999984;99.24211039999985;99.73519519999995;99.73519519999995;99.5009663999999;99.4886527999999;99.4827039999999;99.73839839999998;99.82668319999992;99.73519519999995;99.73519519999995;99.73839839999998;99.82668319999992;99.82668319999992;99.82668319999992;
11700.112201333348;100.0;99.82005279999994;99.82005279999994;99.73839839999998;99.73519519999995;99.73519519999995;99.4703903999999;99.73519519999995;99.73839839999998;99.4886527999999;99.82668319999992;99.5069151999999;99.83938239999992;100.0;100.0;100.0;99.5069151999999;99.5069151999999;99.5069151999999;99.5069151999999;99.5069151999999;99.82668319999992;99.4886527999999;99.4703903999999;99.73519519999995;99.73519519999995;99.73839839999998;99.73519519999995;99.73839839999998;100.0;100.0;100.0;99.82668319999992;100.0;100.0;100.0;99.73519519999995;99.73519519999995;99.73519519999995;99.73519519999995;99.73839839999998;99.73839839999998;99.26037279999984;99.82668319999992;99.26037279999984;99.26037279999984;99.26037279999984;99.24211039999985;99.73519519999995;99.73519519999995;99.4886527999999;99.4886527999999;99.4703903999999;99.73839839999998;99.82668319999992;99.73519519999995;99.73519519999995;99.73839839999998;99.82668319999992;99.82668319999992;99.82668319999992;
11700.11329066668;100.0;99.82005279999994;99.82005279999994;99.73839839999998;99.73519519999995;99.73519519999995;99.4703903999999;99.73519519999995;99.73839839999998;99.4886527999999;99.82668319999992;99.5069151999999;99.83938239999992;100.0;100.0;100.0;99.5069151999999;99.5069151999999;99.5069151999999;99.5069151999999;99.5069151999999;99.82668319999992;99.4886527999999;99.4703903999999;99.73519519999995;99.73519519999995;99.73839839999998;99.73519519999995;99.73839839999998;100.0;100.0;100.0;99.82668319999992;100.0;100.0;100.0;99.73519519999995;99.73519519999995;99.73519519999995;99.73519519999995;99.73839839999998;99.73839839999998;99.26037279999984;99.82668319999992;99.26037279999984;99.26037279999984;99.25442399999984;99.24211039999985;99.73519519999995;99.73519519999995;99.4886527999999;99.4886527999999;99.4703903999999;99.73839839999998;99.82668319999992;99.73519519999995;99.73519519999995;99.73839839999998;99.82668319999992;99.82668319999992;99.82668319999992;
11700.11329066668;100.0;99.82005279999994;99.82005279999994;99.73839839999998;99.73519519999995;99.73519519999995;99.4703903999999;99.73519519999995;99.73839839999998;99.4886527999999;99.82668319999992;99.5069151999999;99.83938239999992;100.0;100.0;100.0;99.5069151999999;99.5069151999999;99.5069151999999;99.5069151999999;99.5069151999999;99.82668319999992;99.4886527999999;99.4703903999999;99.73519519999995;99.73519519999995;99.73839839999998;99.73519519999995;99.73839839999998;100.0;100.0;100.0;99.82668319999992;100.0;100.0;100.0;99.73519519999995;99.73519519999995;99.73519519999995;99.73519519999995;99.73839839999998;99.73839839999998;99.26037279999984;99.82668319999992;99.26037279999984;99.26037279999984;99.24211039999985;99.24211039999985;99.73519519999995;99.73519519999995;99.4886527999999;99.4886527999999;99.4703903999999;99.73839839999998;99.82668319999992;99.73519519999995;99.73519519999995;99.73839839999998;99.82668319999992;99.82668319999992;99.82668319999992;
11700.122201333348;100.0;99.82005279999994;99.82005279999994;99.73839839999998;99.73519519999995;99.73519519999995;99.4703903999999;99.73519519999995;99.73839839999998;99.4886527999999;99.82668319999992;99.5069151999999;99.83938239999992;100.0;100.0;100.0;99.5069151999999;99.5069151999999;99.5069151999999;99.5069151999999;99.5069151999999;99.82668319999992;99.4886527999999;99.4703903999999;99.73519519999995;99.73519519999995;99.73839839999998;99.73519519999995;99.73839839999998;100.0;100.0;100.0;99.82668319999992;100.0;100.0;100.0;99.73519519999995;99.73519519999995;99.73519519999995;99.73519519999995;99.73839839999998;99.73839839999998;99.26037279999984;99.82668319999992;99.26037279999984;99.26037279999984;99.24211039999985;99.24211039999985;99.73519519999995;99.73519519999995;99.4886527999999;99.4886527999999;99.4703903999999;99.73839839999998;99.82668319999992;99.73519519999995;99.73519519999995;99.73839839999998;99.82668319999992;99.82668319999992;99.82668319999992;
11700.133857333349;100.0;99.82005279999994;99.82005279999994;99.73839839999998;99.73519519999995;99.73519519999995;99.4703903999999;99.73519519999995;99.73839839999998;99.4827039999999;99.82668319999992;99.5009663999999;99.83938239999992;100.0;100.0;100.0;99.5069151999999;99.5069151999999;99.5069151999999;99.5069151999999;99.5009663999999;99.82668319999992;99.4827039999999;99.4703903999999;99.73519519999995;99.73519519999995;99.73839839999998;99.73519519999995;99.73839839999998;100.0;100.0;100.0;99.82668319999992;100.0;100.0;100.0;99.73519519999995;99.73519519999995;99.73519519999995;99.73519519999995;99.73839839999998;99.73839839999998;99.26037279999984;99.82668319999992;99.26037279999984;99.26037279999984;99.24211039999985;99.23616159999985;99.73519519999995;99.73519519999995;99.4886527999999;99.4827039999999;99.4703903999999;99.73839839999998;99.82668319999992;99.73519519999995;99.73519519999995;99.73839839999998;99.82668319999992;99.82668319999992;99.82668319999992;
11700.133857333349;100.0;99.82005279999994;99.82005279999994;99.73839839999998;99.73519519999995;99.73519519999995;99.4703903999999;99.73519519999995;99.73839839999998;99.4703903999999;99.82668319999992;99.4886527999999;99.83938239999992;100.0;100.0;100.0;99.5069151999999;99.5069151999999;99.5069151999999;99.5069151999999;99.4886527999999;99.82668319999992;99.4703903999999;99.4703903999999;99.73519519999995;99.73519519999995;99.73839839999998;99.73519519999995;99.73839839999998;100.0;100.0;100.0;99.82668319999992;100.0;100.0;100.0;99.73519519999995;99.73519519999995;99.73519519999995;99.73519519999995;99.73839839999998;99.73839839999998;99.26037279999984;99.82668319999992;99.26037279999984;99.26037279999984;99.24211039999985;99.22384799999985;99.73519519999995;99.73519519999995;99.4886527999999;99.4703903999999;99.4703903999999;99.73839839999998;99.82668319999992;99.73519519999995;99.73519519999995;99.73839839999998;99.82668319999992;99.82668319999992;99.82668319999992;
11700.134946666682;100.0;99.82005279999994;99.82005279999994;99.73839839999998;99.73519519999995;99.73519519999995;99.4703903999999;99.73519519999995;99.73839839999998;99.4703903999999;99.82668319999992;99.4886527999999;99.83938239999992;100.0;100.0;100.0;99.5069151999999;99.5069151999999;99.5069151999999;99.5069151999999;99.4886527999999;99.82668319999992;99.4703903999999;99.4703903999999;99.73519519999995;99.73519519999995;99.73839839999998;99.73519519999995;99.73839839999998;100.0;100.0;100.0;99.82668319999992;100.0;100.0;100.0;99.73519519999995;99.73519519999995;99.73519519999995;99.73519519999995;99.73839839999998;99.73839839999998;99.26037279999984;99.82668319999992;99.26037279999984;99.25442399999984;99.24211039999985;99.22384799999985;99.73519519999995;99.73519519999995;99.4886527999999;99.4703903999999;99.4703903999999;99.73839839999998;99.82668319999992;99.73519519999995;99.73519519999995;99.73839839999998;99.82668319999992;99.82668319999992;99.82668319999992;
11700.134946666682;100.0;99.82005279999994;99.82005279999994;99.73839839999998;99.73519519999995;99.73519519999995;99.4703903999999;99.73519519999995;99.73839839999998;99.4703903999999;99.82668319999992;99.4886527999999;99.83938239999992;100.0;100.0;100.0;99.5069151999999;99.5069151999999;99.5069151999999;99.5069151999999;99.4886527999999;99.82668319999992;99.4703903999999;99.4703903999999;99.73519519999995;99.73519519999995;99.73839839999998;99.73519519999995;99.73839839999998;100.0;100.0;100.0;99.82668319999992;100.0;100.0;100.0;99.73519519999995;99.73519519999995;99.73519519999995;99.73519519999995;99.73839839999998;99.73839839999998;99.26037279999984;99.82668319999992;99.26037279999984;99.24211039999985;99.24211039999985;99.22384799999985;99.73519519999995;99.73519519999995;99.4886527999999;99.4703903999999;99.4703903999999;99.73839839999998;99.82668319999992;99.73519519999995;99.73519519999995;99.73839839999998;99.82668319999992;99.82668319999992;99.82668319999992;
11700.143857333349;100.0;99.82005279999994;99.82005279999994;99.73839839999998;99.73519519999995;99.73519519999995;99.4703903999999;99.73519519999995;99.73839839999998;99.4703903999999;99.82668319999992;99.4886527999999;99.83938239999992;100.0;100.0;100.0;99.5069151999999;99.5069151999999;99.5069151999999;99.5069151999999;99.4886527999999;99.82668319999992;99.4703903999999;99.4703903999999;99.73519519999995;99.73519519999995;99.73839839999998;99.73519519999995;99.73839839999998;100.0;100.0;100.0;99.82668319999992;100.0;100.0;100.0;99.73519519999995;99.73519519999995;99.73519519999995;99.73519519999995;99.73839839999998;99.73839839999998;99.26037279999984;99.82668319999992;99.26037279999984;99.24211039999985;99.24211039999985;99.22384799999985;99.73519519999995;99.73519519999995;99.4886527999999;99.4703903999999;99.4703903999999;99.73839839999998;99.82668319999992;99.73519519999995;99.73519519999995;99.73839839999998;99.82668319999992;99.82668319999992;99.82668319999992;
11700.15551333335;100.0;99.82005279999994;99.82005279999994;99.73839839999998;99.73519519999995;99.73519519999995;99.4703903999999;99.73519519999995;99.73839839999998;99.4703903999999;99.82668319999992;99.4827039999999;99.83343359999992;100.0;100.0;100.0;99.5069151999999;99.5069151999999;99.5069151999999;99.5009663999999;99.4827039999999;99.82668319999992;99.4703903999999;99.4703903999999;99.73519519999995;99.73519519999995;99.73839839999998;99.73519519999995;99.73839839999998;100.0;100.0;100.0;99.82668319999992;100.0;100.0;100.0;99.73519519999995;99.73519519999995;99.73519519999995;99.73519519999995;99.73839839999998;99.73839839999998;99.26037279999984;99.82668319999992;99.26037279999984;99.24211039999985;99.23616159999985;99.22384799999985;99.73519519999995;99.73519519999995;99.4827039999999;99.4703903999999;99.4703903999999;99.73839839999998;99.82668319999992;99.73519519999995;99.73519519999995;99.73839839999998;99.82668319999992;99.82668319999992;99.82668319999992;
11700.15551333335;100.0;99.82005279999994;99.82005279999994;99.73839839999998;99.73519519999995;99.73519519999995;99.4703903999999;99.73519519999995;99.73839839999998;99.4703903999999;99.82668319999992;99.4703903999999;99.83343359999992;100.0;100.0;100.0;99.5069151999999;99.5069151999999;99.5069151999999;99.4886527999999;99.4703903999999;99.82668319999992;99.4703903999999;99.4703903999999;99.73519519999995;99.73519519999995;99.73839839999998;99.73519519999995;99.73839839999998;100.0;100.0;100.0;99.82668319999992;100.0;100.0;100.0;99.73519519999995;99.73519519999995;99.73519519999995;99.73519519999995;99.73839839999998;99.73839839999998;99.26037279999984;99.82668319999992;99.26037279999984;99.24211039999985;99.22384799999985;99.22384799999985;99.73519519999995;99.73519519999995;99.4703903999999;99.4703903999999;99.4703903999999;99.73839839999998;99.82668319999992;99.73519519999995;99.73519519999995;99.73839839999998;99.82668319999992;99.82668319999992;99.82668319999992;
11700.156602666682;100.0;99.82005279999994;99.82005279999994;99.73839839999998;99.73519519999995;99.73519519999995;99.4703903999999;99.73519519999995;99.73839839999998;99.4703903999999;99.82668319999992;99.4703903999999;99.83343359999992;100.0;100.0;100.0;99.5069151999999;99.5069151999999;99.5069151999999;99.4886527999999;99.4703903999999;99.82668319999992;99.4703903999999;99.4703903999999;99.73519519999995;99.73519519999995;99.73839839999998;99.73519519999995;99.73839839999998;100.0;100.0;100.0;99.82668319999992;100.0;100.0;100.0;99.73519519999995;99.73519519999995;99.73519519999995;99.73519519999995;99.73839839999998;99.73839839999998;99.26037279999984;99.82668319999992;99.25442399999984;99.24211039999985;99.22384799999985;99.22384799999985;99.73519519999995;99.73519519999995;99.4703903999999;99.4703903999999;99.4703903999999;99.73839839999998;99.82668319999992;99.73519519999995;99.73519519999995;99.73839839999998;99.82668319999992;99.82668319999992;99.82668319999992;
11700.156602666682;100.0;99.82005279999994;99.82005279999994;99.73839839999998;99.73519519999995;99.73519519999995;99.4703903999999;99.73519519999995;99.73839839999998;99.4703903999999;99.82668319999992;99.4703903999999;99.83343359999992;100.0;100.0;100.0;99.5069151999999;99.5069151999999;99.5069151999999;99.4886527999999;99.4703903999999;99.82668319999992;99.4703903999999;99.4703903999999;99.73519519999995;99.73519519999995;99.73839839999998;99.73519519999995;99.73839839999998;100.0;100.0;100.0;99.82668319999992;100.0;100.0;100.0;99.73519519999995;99.73519519999995;99.73519519999995;99.73519519999995;99.73839839999998;99.73839839999998;99.26037279999984;99.82668319999992;99.24211039999985;99.24211039999985;99.22384799999985;99.22384799999985;99.73519519999995;99.73519519999995;99.4703903999999;99.4703903999999;99.4703903999999;99.73839839999998;99.82668319999992;99.73519519999995;99.73519519999995;99.73839839999998;99.82668319999992;99.82668319999992;99.82668319999992;
11700.177169333349;100.0;99.82005279999994;99.82005279999994;99.73839839999998;99.73519519999995;99.73519519999995;99.4703903999999;99.73519519999995;99.73839839999998;99.4703903999999;99.82668319999992;99.4703903999999;99.82748479999992;100.0;100.0;100.0;99.5069151999999;99.5069151999999;99.5009663999999;99.4827039999999;99.4703903999999;99.82668319999992;99.4703903999999;99.4703903999999;99.73519519999995;99.73519519999995;99.73839839999998;99.73519519999995;99.73839839999998;100.0;100.0;100.0;99.82668319999992;100.0;100.0;100.0;99.73519519999995;99.73519519999995;99.73519519999995;99.73519519999995;99.73839839999998;99.73839839999998;99.26037279999984;99.82668319999992;99.24211039999985;99.23616159999985;99.22384799999985;99.21789919999985;99.73519519999995;99.73519519999995;99.4703903999999;99.4703903999999;99.4703903999999;99.73839839999998;99.82668319999992;99.73519519999995;99.73519519999995;99.73839839999998;99.82668319999992;99.82668319999992;99.82668319999992;
11700.177169333349;100.0;99.82005279999994;99.82005279999994;99.73839839999998;99.73519519999995;99.73519519999995;99.4703903999999;99.73519519999995;99.73839839999998;99.4703903999999;99.82668319999992;99.4703903999999;99.82748479999992;100.0;100.0;100.0;99.5069151999999;99.5069151999999;99.4886527999999;99.4703903999999;99.4703903999999;99.82668319999992;99.4703903999999;99.4703903999999;99.73519519999995;99.73519519999995;99.73839839999998;99.73519519999995;99.73839839999998;100.0;100.0;100.0;99.82668319999992;100.0;100.0;100.0;99.73519519999995;99.73519519999995;99.73519519999995;99.73519519999995;99.73839839999998;99.73839839999998;99.26037279999984;99.82668319999992;99.24211039999985;99.22384799999985;99.22384799999985;99.20558559999985;99.73519519999995;99.73519519999995;99.4703903999999;99.4703903999999;99.4703903999999;99.73839839999998;99.82668319999992;99.73519519999995;99.73519519999995;99.73839839999998;99.82668319999992;99.82668319999992;99.82668319999992;
11700.178258666681;100.0;99.82005279999994;99.82005279999994;99.73839839999998;99.73519519999995;99.73519519999995;99.4703903999999;99.73519519999995;99.73839839999998;99.4703903999999;99.82668319999992;99.4703903999999;99.82748479999992;100.0;100.0;100.0;99.5069151999999;99.5069151999999;99.4886527999999;99.4703903999999;99.4703903999999;99.82668319999992;99.4703903999999;99.4703903999999;99.73519519999995;99.73519519999995;99.73839839999998;99.73519519999995;99.73839839999998;100.0;100.0;100.0;99.82668319999992;100.0;100.0;100.0;99.73519519999995;99.73519519999995;99.73519519999995;99.73519519999995;99.73839839999998;99.73839839999998;99.25442399999984;99.82668319999992;99.24211039999985;99.22384799999985;99.22384799999985;99.20558559999985;99.73519519999995;99.73519519999995;99.4703903999999;99.4703903999999;99.4703903999999;99.73839839999998;99.82668319999992;99.73519519999995;99.73519519999995;99.73839839999998;99.82668319999992;99.82668319999992;99.82668319999992;
11700.178258666681;100.0;99.82005279999994;99.82005279999994;99.73839839999998;99.73519519999995;99.73519519999995;99.4703903999999;99.73519519999995;99.73839839999998;99.4703903999999;99.82668319999992;99.4703903999999;99.82748479999992;100.0;100.0;100.0;99.5069151999999;99.5069151999999;99.4886527999999;99.4703903999999;99.4703903999999;99.82668319999992;99.4703903999999;99.4703903999999;99.73519519999995;99.73519519999995;99.73839839999998;99.73519519999995;99.73839839999998;100.0;100.0;100.0;99.82668319999992;100.0;100.0;100.0;99.73519519999995;99.73519519999995;99.73519519999995;99.73519519999995;99.73839839999998;99.73839839999998;99.24211039999985;99.82668319999992;99.24211039999985;99.22384799999985;99.22384799999985;99.20558559999985;99.73519519999995;99.73519519999995;99.4703903999999;99.4703903999999;99.4703903999999;99.73839839999998;99.82668319999992;99.73519519999995;99.73519519999995;99.73839839999998;99.82668319999992;99.82668319999992;99.82668319999992;
11700.187169333349;100.0;99.82005279999994;99.82005279999994;99.73839839999998;99.73519519999995;99.73519519999995;99.4703903999999;99.73519519999995;99.73839839999998;99.4703903999999;99.82668319999992;99.4703903999999;99.82748479999992;100.0;100.0;100.0;99.5069151999999;99.5069151999999;99.4886527999999;99.4703903999999;99.4703903999999;99.82668319999992;99.4703903999999;99.4703903999999;99.73519519999995;99.73519519999995;99.73839839999998;99.73519519999995;99.73839839999998;100.0;100.0;100.0;99.82668319999992;100.0;100.0;100.0;99.73519519999995;99.73519519999995;99.73519519999995;99.73519519999995;99.73839839999998;99.73839839999998;99.24211039999985;99.82668319999992;99.24211039999985;99.22384799999985;99.22384799999985;99.20558559999985;99.73519519999995;99.73519519999995;99.4703903999999;99.4703903999999;99.4703903999999;99.73839839999998;99.82668319999992;99.73519519999995;99.73519519999995;99.73839839999998;99.82668319999992;99.82668319999992;99.82668319999992;
11700.19882533335;100.0;99.82005279999994;99.82005279999994;99.73839839999998;99.73519519999995;99.73519519999995;99.4703903999999;99.73519519999995;99.73839839999998;99.4703903999999;99.82668319999992;99.4703903999999;99.82748479999992;100.0;100.0;100.0;99.5069151999999;99.5009663999999;99.4827039999999;99.4703903999999;99.4703903999999;99.82668319999992;99.4703903999999;99.4703903999999;99.73519519999995;99.73519519999995;99.73839839999998;99.73519519999995;99.73839839999998;100.0;100.0;100.0;99.82668319999992;100.0;100.0;100.0;99.73519519999995;99.73519519999995;99.73519519999995;99.73519519999995;99.73839839999998;99.73839839999998;99.24211039999985;99.82668319999992;99.23616159999985;99.22384799999985;99.21789919999985;99.20558559999985;99.73519519999995;99.73519519999995;99.4703903999999;99.4703903999999;99.4703903999999;99.73839839999998;99.82668319999992;99.73519519999995;99.73519519999995;99.73839839999998;99.82668319999992;99.82668319999992;99.82668319999992;
11700.19882533335;100.0;99.82005279999994;99.82005279999994;99.73839839999998;99.73519519999995;99.73519519999995;99.4703903999999;99.73519519999995;99.73839839999998;99.4703903999999;99.82668319999992;99.4703903999999;99.82748479999992;100.0;100.0;100.0;99.5069151999999;99.4886527999999;99.4703903999999;99.4703903999999;99.4703903999999;99.82668319999992;99.4703903999999;99.4703903999999;99.73519519999995;99.73519519999995;99.73839839999998;99.73519519999995;99.73839839999998;100.0;100.0;100.0;99.82668319999992;100.0;100.0;100.0;99.73519519999995;99.73519519999995;99.73519519999995;99.73519519999995;99.73839839999998;99.73839839999998;99.24211039999985;99.82668319999992;99.22384799999985;99.22384799999985;99.20558559999985;99.20558559999985;99.73519519999995;99.73519519999995;99.4703903999999;99.4703903999999;99.4703903999999;99.73839839999998;99.82668319999992;99.73519519999995;99.73519519999995;99.73839839999998;99.82668319999992;99.82668319999992;99.82668319999992;
11700.199914666682;100.0;99.82005279999994;99.82005279999994;99.73839839999998;99.73519519999995;99.73519519999995;99.4703903999999;99.73519519999995;99.73839839999998;99.4703903999999;99.82668319999992;99.4703903999999;99.82748479999992;100.0;100.0;100.0;99.5069151999999;99.4886527999999;99.4703903999999;99.4703903999999;99.4703903999999;99.82668319999992;99.4703903999999;99.4703903999999;99.73519519999995;99.73519519999995;99.73839839999998;99.73519519999995;99.73839839999998;100.0;100.0;100.0;99.82668319999992;100.0;100.0;100.0;99.73519519999995;99.73519519999995;99.73519519999995;99.73519519999995;99.73839839999998;99.73839839999998;99.24211039999985;99.82668319999992;99.22384799999985;99.22384799999985;99.20558559999985;99.20558559999985;99.73519519999995;99.73519519999995;99.4703903999999;99.4703903999999;99.4703903999999;99.73839839999998;99.82668319999992;99.73519519999995;99.73519519999995;99.73839839999998;99.82668319999992;99.82668319999992;99.82668319999992;
11700.220481333348;100.0;99.82005279999994;99.82005279999994;99.73839839999998;99.73519519999995;99.73519519999995;99.4703903999999;99.73519519999995;99.73839839999998;99.4703903999999;99.82668319999992;99.4703903999999;99.82748479999992;100.0;100.0;100.0;99.5009663999999;99.4827039999999;99.4703903999999;99.4703903999999;99.4703903999999;99.82668319999992;99.4703903999999;99.4703903999999;99.73519519999995;99.73519519999995;99.73839839999998;99.73519519999995;99.73839839999998;100.0;100.0;100.0;99.82668319999992;100.0;100.0;100.0;99.73519519999995;99.73519519999995;99.73519519999995;99.73519519999995;99.73839839999998;99.73839839999998;99.23616159999985;99.82668319999992;99.22384799999985;99.21789919999985;99.20558559999985;99.20558559999985;99.73519519999995;99.73519519999995;99.4703903999999;99.4703903999999;99.4703903999999;99.73839839999998;99.82668319999992;99.73519519999995;99.73519519999995;99.73839839999998;99.82668319999992;99.82668319999992;99.82668319999992;
11700.220481333348;100.0;99.82005279999994;99.82005279999994;99.73839839999998;99.73519519999995;99.73519519999995;99.4703903999999;99.73519519999995;99.73839839999998;99.4703903999999;99.82668319999992;99.4703903999999;99.82748479999992;100.0;100.0;100.0;99.4886527999999;99.4703903999999;99.4703903999999;99.4703903999999;99.4703903999999;99.82668319999992;99.4703903999999;99.4703903999999;99.73519519999995;99.73519519999995;99.73839839999998;99.73519519999995;99.73839839999998;100.0;100.0;100.0;99.82668319999992;100.0;100.0;100.0;99.73519519999995;99.73519519999995;99.73519519999995;99.73519519999995;99.73839839999998;99.73839839999998;99.22384799999985;99.82668319999992;99.22384799999985;99.20558559999985;99.20558559999985;99.20558559999985;99.73519519999995;99.73519519999995;99.4703903999999;99.4703903999999;99.4703903999999;99.73839839999998;99.82668319999992;99.73519519999995;99.73519519999995;99.73839839999998;99.82668319999992;99.82668319999992;99.82668319999992;
11700.24213733335;100.0;99.82005279999994;99.82005279999994;99.73839839999998;99.73519519999995;99.73519519999995;99.4703903999999;99.73519519999995;99.73839839999998;99.4703903999999;99.82668319999992;99.4703903999999;99.82748479999992;100.0;100.0;100.0;99.4827039999999;99.4703903999999;99.4703903999999;99.4703903999999;99.4703903999999;99.82668319999992;99.4703903999999;99.4703903999999;99.73519519999995;99.73519519999995;99.73839839999998;99.73519519999995;99.73839839999998;100.0;100.0;100.0;99.82668319999992;100.0;100.0;100.0;99.73519519999995;99.73519519999995;99.73519519999995;99.73519519999995;99.73839839999998;99.73839839999998;99.22384799999985;99.82668319999992;99.21789919999985;99.20558559999985;99.20558559999985;99.20558559999985;99.73519519999995;99.73519519999995;99.4703903999999;99.4703903999999;99.4703903999999;99.73839839999998;99.82668319999992;99.73519519999995;99.73519519999995;99.73839839999998;99.82668319999992;99.82668319999992;99.82668319999992;
11700.24213733335;100.0;99.82005279999994;99.82005279999994;99.73839839999998;99.73519519999995;99.73519519999995;99.4703903999999;99.73519519999995;99.73839839999998;99.4703903999999;99.82668319999992;99.4703903999999;99.82748479999992;100.0;100.0;100.0;99.4703903999999;99.4703903999999;99.4703903999999;99.4703903999999;99.4703903999999;99.82668319999992;99.4703903999999;99.4703903999999;99.73519519999995;99.73519519999995;99.73839839999998;99.73519519999995;99.73839839999998;100.0;100.0;100.0;99.82668319999992;100.0;100.0;100.0;99.73519519999995;99.73519519999995;99.73519519999995;99.73519519999995;99.73839839999998;99.73839839999998;99.22384799999985;99.82668319999992;99.20558559999985;99.20558559999985;99.20558559999985;99.20558559999985;99.73519519999995;99.73519519999995;99.4703903999999;99.4703903999999;99.4703903999999;99.73839839999998;99.82668319999992;99.73519519999995;99.73519519999995;99.73839839999998;99.82668319999992;99.82668319999992;99.82668319999992;
11700.26379333335;100.0;99.82005279999994;99.82005279999994;99.73839839999998;99.73519519999995;99.73519519999995;99.4703903999999;99.73519519999995;99.73839839999998;99.4703903999999;99.82668319999992;99.4703903999999;99.82748479999992;100.0;100.0;100.0;99.4703903999999;99.4703903999999;99.4703903999999;99.4703903999999;99.4703903999999;99.82668319999992;99.4703903999999;99.4703903999999;99.73519519999995;99.73519519999995;99.73839839999998;99.73519519999995;99.73839839999998;100.0;100.0;100.0;99.82668319999992;100.0;100.0;100.0;99.73519519999995;99.73519519999995;99.73519519999995;99.73519519999995;99.73839839999998;99.73839839999998;99.21789919999985;99.82668319999992;99.20558559999985;99.20558559999985;99.20558559999985;99.20558559999985;99.73519519999995;99.73519519999995;99.4703903999999;99.4703903999999;99.4703903999999;99.73839839999998;99.82668319999992;99.73519519999995;99.73519519999995;99.73839839999998;99.82668319999992;99.82668319999992;99.82668319999992;
11700.26379333335;100.0;99.82005279999994;99.82005279999994;99.73839839999998;99.73519519999995;99.73519519999995;99.4703903999999;99.73519519999995;99.73839839999998;99.4703903999999;99.82668319999992;99.4703903999999;99.82748479999992;100.0;100.0;100.0;99.4703903999999;99.4703903999999;99.4703903999999;99.4703903999999;99.4703903999999;99.82668319999992;99.4703903999999;99.4703903999999;99.73519519999995;99.73519519999995;99.73839839999998;99.73519519999995;99.73839839999998;100.0;100.0;100.0;99.82668319999992;100.0;100.0;100.0;99.73519519999995;99.73519519999995;99.73519519999995;99.73519519999995;99.73839839999998;99.73839839999998;99.20558559999985;99.82668319999992;99.20558559999985;99.20558559999985;99.20558559999985;99.20558559999985;99.73519519999995;99.73519519999995;99.4703903999999;99.4703903999999;99.4703903999999;99.73839839999998;99.82668319999992;99.73519519999995;99.73519519999995;99.73839839999998;99.82668319999992;99.82668319999992;99.82668319999992;
11700.28544933335;100.0;99.82005279999994;99.82005279999994;99.73839839999998;99.73519519999995;99.73519519999995;99.4703903999999;99.73519519999995;99.73839839999998;99.4703903999999;99.82668319999992;99.4703903999999;99.82748479999992;100.0;100.0;100.0;99.4703903999999;99.4703903999999;99.4703903999999;99.4703903999999;99.4703903999999;99.82668319999992;99.4703903999999;99.4703903999999;99.73519519999995;99.73519519999995;99.73839839999998;99.73519519999995;99.73839839999998;100.0;100.0;100.0;99.82668319999992;100.0;100.0;100.0;99.73519519999995;99.73519519999995;99.73519519999995;99.73519519999995;99.73839839999998;99.73839839999998;99.20558559999985;99.82668319999992;99.20558559999985;99.20558559999985;99.20558559999985;99.20558559999985;99.73519519999995;99.73519519999995;99.4703903999999;99.4703903999999;99.4703903999999;99.73839839999998;99.82668319999992;99.73519519999995;99.73519519999995;99.73839839999998;99.82668319999992;99.82668319999992;99.82668319999992;
12000.000000000016;100.0;99.82005279999994;99.82005279999994;99.73839839999998;99.73519519999995;99.73519519999995;99.4703903999999;99.73519519999995;99.73839839999998;99.4703903999999;99.82668319999992;99.4703903999999;99.82748479999992;100.0;100.0;100.0;99.4703903999999;99.4703903999999;99.4703903999999;99.4703903999999;99.4703903999999;99.82668319999992;99.4703903999999;99.4703903999999;99.73519519999995;99.73519519999995;99.73839839999998;99.73519519999995;99.73839839999998;100.0;100.0;100.0;99.82668319999992;100.0;100.0;100.0;99.73519519999995;99.73519519999995;99.73519519999995;99.73519519999995;99.73839839999998;99.73839839999998;99.20558559999985;99.82668319999992;99.20558559999985;99.20558559999985;99.20558559999985;99.20558559999985;99.73519519999995;99.73519519999995;99.4703903999999;99.4703903999999;99.4703903999999;99.73839839999998;99.82668319999992;99.73519519999995;99.73519519999995;99.73839839999998;99.82668319999992;99.82668319999992;99.82668319999992;
12600.000000000016;100.0;99.82005279999994;99.82005279999994;99.73839839999998;99.73519519999995;99.73519519999995;99.4703903999999;99.73519519999995;99.73839839999998;99.4703903999999;99.82668319999992;99.4703903999999;99.82748479999992;100.0;100.0;100.0;99.4703903999999;99.4703903999999;99.4703903999999;99.4703903999999;99.4703903999999;99.82668319999992;99.4703903999999;99.4703903999999;99.73519519999995;99.73519519999995;99.73839839999998;99.73519519999995;99.73839839999998;100.0;100.0;100.0;99.82668319999992;100.0;100.0;100.0;99.73519519999995;99.73519519999995;99.73519519999995;99.73519519999995;99.73839839999998;99.73839839999998;99.20558559999985;99.82668319999992;99.20558559999985;99.20558559999985;99.20558559999985;99.20558559999985;99.73519519999995;99.73519519999995;99.4703903999999;99.4703903999999;99.4703903999999;99.73839839999998;99.82668319999992;99.73519519999995;99.73519519999995;99.73839839999998;99.82668319999992;99.82668319999992;99.82668319999992;
12600.026666666683;100.0;99.81995279999994;99.81995279999994;99.73839839999998;99.73519519999995;99.73519519999995;99.4703903999999;99.73519519999995;99.73839839999998;99.4703903999999;99.82658319999992;99.4703903999999;99.82748479999992;100.0;100.0;100.0;99.4703903999999;99.4703903999999;99.4703903999999;99.4703903999999;99.4703903999999;99.82658319999992;99.4703903999999;99.4703903999999;99.73519519999995;99.73519519999995;99.73839839999998;99.73519519999995;99.73839839999998;100.0;100.0;100.0;99.82658319999992;100.0;100.0;100.0;99.73519519999995;99.73519519999995;99.73519519999995;99.73519519999995;99.73839839999998;99.73839839999998;99.20558559999985;99.82658319999992;99.20558559999985;99.20558559999985;99.20558559999985;99.20558559999985;99.73519519999995;99.73519519999995;99.4703903999999;99.4703903999999;99.4703903999999;99.73839839999998;99.82658319999992;99.73519519999995;99.73519519999995;99.73839839999998;99.82658319999992;99.82658319999992;99.82658319999992;
12600.026666666683;100.0;99.81995279999994;99.81995279999994;99.73839839999998;99.73519519999995;99.73519519999995;99.4703903999999;99.73519519999995;99.73839839999998;99.4703903999999;99.81332239999992;99.4703903999999;99.82748479999992;100.0;100.0;100.0;99.4703903999999;99.4703903999999;99.4703903999999;99.4703903999999;99.4703903999999;99.81332239999992;99.4703903999999;99.4703903999999;99.73519519999995;99.73519519999995;99.73839839999998;99.73519519999995;99.73839839999998;100.0;100.0;100.0;99.81332239999992;100.0;100.0;100.0;99.73519519999995;99.73519519999995;99.73519519999995;99.73519519999995;99.73839839999998;99.73839839999998;99.20558559999985;99.81332239999992;99.20558559999985;99.20558559999985;99.20558559999985;99.20558559999985;99.73519519999995;99.73519519999995;99.4703903999999;99.4703903999999;99.4703903999999;99.73839839999998;99.81332239999992;99.73519519999995;99.73519519999995;99.73839839999998;99.81332239999992;99.81332239999992;99.81332239999992;
12600.026666666683;100.0;99.80621839999993;99.80621839999993;99.73839839999998;99.73519519999995;99.73519519999995;99.4703903999999;99.73519519999995;99.73839839999998;99.4703903999999;99.81332239999992;99.4703903999999;99.82748479999992;100.0;100.0;100.0;99.4703903999999;99.4703903999999;99.4703903999999;99.4703903999999;99.4703903999999;99.81332239999992;99.4703903999999;99.4703903999999;99.73519519999995;99.73519519999995;99.73839839999998;99.73519519999995;99.73839839999998;100.0;100.0;100.0;99.81332239999992;100.0;100.0;100.0;99.73519519999995;99.73519519999995;99.73519519999995;99.73519519999995;99.73839839999998;99.73839839999998;99.20558559999985;99.81332239999992;99.20558559999985;99.20558559999985;99.20558559999985;99.20558559999985;99.73519519999995;99.73519519999995;99.4703903999999;99.4703903999999;99.4703903999999;99.73839839999998;99.81332239999992;99.73519519999995;99.73519519999995;99.73839839999998;99.81332239999992;99.81332239999992;99.81332239999992;
12600.05050133335;100.0;99.80621839999993;99.80621839999993;99.73199199999998;99.73519519999995;99.73519519999995;99.4703903999999;99.73519519999995;99.73199199999998;99.4703903999999;99.81332239999992;99.4703903999999;99.82748479999992;100.0;100.0;100.0;99.4703903999999;99.4703903999999;99.4703903999999;99.4703903999999;99.4703903999999;99.81332239999992;99.4703903999999;99.4703903999999;99.73519519999995;99.73519519999995;99.73199199999998;99.73519519999995;99.73199199999998;100.0;100.0;100.0;99.81332239999992;100.0;100.0;100.0;99.73519519999995;99.73519519999995;99.73519519999995;99.73519519999995;99.73199199999998;99.73199199999998;99.20558559999985;99.81332239999992;99.20558559999985;99.20558559999985;99.20558559999985;99.20558559999985;99.73519519999995;99.73519519999995;99.4703903999999;99.4703903999999;99.4703903999999;99.73199199999998;99.81332239999992;99.73519519999995;99.73519519999995;99.73199199999998;99.81332239999992;99.81332239999992;99.81332239999992;
12600.05050133335;100.0;99.80621839999993;99.80621839999993;99.71825759999997;99.73519519999995;99.73519519999995;99.4703903999999;99.73519519999995;99.71825759999997;99.4703903999999;99.81332239999992;99.4703903999999;99.82748479999992;100.0;100.0;100.0;99.4703903999999;99.4703903999999;99.4703903999999;99.4703903999999;99.4703903999999;99.81332239999992;99.4703903999999;99.4703903999999;99.73519519999995;99.73519519999995;99.71825759999997;99.73519519999995;99.71825759999997;100.0;100.0;100.0;99.81332239999992;100.0;100.0;100.0;99.73519519999995;99.73519519999995;99.73519519999995;99.73519519999995;99.71825759999997;99.71825759999997;99.20558559999985;99.81332239999992;99.20558559999985;99.20558559999985;99.20558559999985;99.20558559999985;99.73519519999995;99.73519519999995;99.4703903999999;99.4703903999999;99.4703903999999;99.71825759999997;99.81332239999992;99.73519519999995;99.73519519999995;99.71825759999997;99.81332239999992;99.81332239999992;99.81332239999992;
12600.051590666682;100.0;99.80621839999993;99.80621839999993;99.71825759999997;99.73519519999995;99.73519519999995;99.4703903999999;99.73519519999995;99.71825759999997;99.4703903999999;99.81332239999992;99.4703903999999;99.82748479999992;100.0;100.0;100.0;99.4703903999999;99.4703903999999;99.4703903999999;99.4703903999999;99.4703903999999;99.81332239999992;99.4703903999999;99.4703903999999;99.73519519999995;99.73519519999995;99.71825759999997;99.73519519999995;99.71825759999997;100.0;100.0;100.0;99.81332239999992;100.0;100.0;100.0;99.73519519999995;99.72855999999994;99.73519519999995;99.73519519999995;99.71825759999997;99.71825759999997;99.20558559999985;99.81332239999992;99.20558559999985;99.20558559999985;99.20558559999985;99.20558559999985;99.73519519999995;99.72855999999994;99.4703903999999;99.4703903999999;99.4703903999999;99.71825759999997;99.81332239999992;99.73519519999995;99.73519519999995;99.71825759999997;99.81332239999992;99.81332239999992;99.81332239999992;
12600.051590666682;100.0;99.80621839999993;99.80621839999993;99.71825759999997;99.73519519999995;99.73519519999995;99.4703903999999;99.73519519999995;99.71825759999997;99.4703903999999;99.81332239999992;99.4703903999999;99.82748479999992;100.0;100.0;100.0;99.4703903999999;99.4703903999999;99.4703903999999;99.4703903999999;99.4703903999999;99.81332239999992;99.4703903999999;99.4703903999999;99.73519519999995;99.73519519999995;99.71825759999997;99.73519519999995;99.71825759999997;100.0;100.0;100.0;99.81332239999992;100.0;100.0;100.0;99.73519519999995;99.71482559999994;99.73519519999995;99.73519519999995;99.71825759999997;99.71825759999997;99.20558559999985;99.81332239999992;99.20558559999985;99.20558559999985;99.20558559999985;99.20558559999985;99.73519519999995;99.71482559999994;99.4703903999999;99.4703903999999;99.4703903999999;99.71825759999997;99.81332239999992;99.73519519999995;99.73519519999995;99.71825759999997;99.81332239999992;99.81332239999992;99.81332239999992;
12600.06050133335;100.0;99.80621839999993;99.80621839999993;99.71825759999997;99.73519519999995;99.73519519999995;99.4703903999999;99.73519519999995;99.71825759999997;99.4703903999999;99.81332239999992;99.4703903999999;99.82748479999992;100.0;100.0;100.0;99.4703903999999;99.4703903999999;99.4703903999999;99.4703903999999;99.4703903999999;99.81332239999992;99.4703903999999;99.4703903999999;99.73519519999995;99.73519519999995;99.71825759999997;99.73519519999995;99.71825759999997;100.0;100.0;100.0;99.81332239999992;100.0;100.0;100.0;99.73519519999995;99.71482559999994;99.73519519999995;99.73519519999995;99.71825759999997;99.71825759999997;99.20558559999985;99.81332239999992;99.20558559999985;99.20558559999985;99.20558559999985;99.20558559999985;99.73519519999995;99.71482559999994;99.4703903999999;99.4703903999999;99.4703903999999;99.71825759999997;99.81332239999992;99.73519519999995;99.73519519999995;99.71825759999997;99.81332239999992;99.81332239999992;99.81332239999992;
12600.075425333349;100.0;99.80621839999993;99.80621839999993;99.71825759999997;99.72855999999994;99.73519519999995;99.4703903999999;99.72855999999994;99.71825759999997;99.4703903999999;99.81332239999992;99.4703903999999;99.82748479999992;100.0;100.0;100.0;99.4703903999999;99.4703903999999;99.4703903999999;99.4703903999999;99.4703903999999;99.81332239999992;99.4703903999999;99.4703903999999;99.73519519999995;99.72855999999994;99.71825759999997;99.72855999999994;99.71825759999997;100.0;100.0;100.0;99.81332239999992;100.0;100.0;100.0;99.73519519999995;99.71482559999994;99.73519519999995;99.72855999999994;99.71825759999997;99.71825759999997;99.20558559999985;99.81332239999992;99.20558559999985;99.20558559999985;99.20558559999985;99.20558559999985;99.73519519999995;99.71482559999994;99.4703903999999;99.4703903999999;99.4637551999999;99.71825759999997;99.81332239999992;99.73519519999995;99.72855999999994;99.71825759999997;99.81332239999992;99.81332239999992;99.81332239999992;
12600.075425333349;100.0;99.80621839999993;99.80621839999993;99.71825759999997;99.71482559999994;99.73519519999995;99.4703903999999;99.71482559999994;99.71825759999997;99.4703903999999;99.81332239999992;99.4703903999999;99.82748479999992;100.0;100.0;100.0;99.4703903999999;99.4703903999999;99.4703903999999;99.4703903999999;99.4703903999999;99.81332239999992;99.4703903999999;99.4703903999999;99.73519519999995;99.71482559999994;99.71825759999997;99.71482559999994;99.71825759999997;100.0;100.0;100.0;99.81332239999992;100.0;100.0;100.0;99.73519519999995;99.71482559999994;99.73519519999995;99.71482559999994;99.71825759999997;99.71825759999997;99.20558559999985;99.81332239999992;99.20558559999985;99.20558559999985;99.20558559999985;99.20558559999985;99.73519519999995;99.71482559999994;99.4703903999999;99.4703903999999;99.45002079999989;99.71825759999997;99.81332239999992;99.73519519999995;99.71482559999994;99.71825759999997;99.81332239999992;99.81332239999992;99.81332239999992;
12600.076514666682;100.0;99.80621839999993;99.80621839999993;99.71825759999997;99.71482559999994;99.73519519999995;99.4703903999999;99.71482559999994;99.71825759999997;99.4703903999999;99.81332239999992;99.4703903999999;99.82748479999992;100.0;100.0;100.0;99.4703903999999;99.4703903999999;99.4703903999999;99.4703903999999;99.4703903999999;99.81332239999992;99.4703903999999;99.4703903999999;99.73519519999995;99.71482559999994;99.71825759999997;99.71482559999994;99.71825759999997;100.0;100.0;100.0;99.81332239999992;100.0;100.0;100.0;99.72855999999994;99.71482559999994;99.73519519999995;99.71482559999994;99.71825759999997;99.71825759999997;99.20558559999985;99.81332239999992;99.20558559999985;99.20558559999985;99.20558559999985;99.20558559999985;99.72855999999994;99.71482559999994;99.4703903999999;99.4703903999999;99.45002079999989;99.71825759999997;99.81332239999992;99.73519519999995;99.71482559999994;99.71825759999997;99.81332239999992;99.81332239999992;99.81332239999992;
12600.076514666682;100.0;99.80621839999993;99.80621839999993;99.71825759999997;99.71482559999994;99.73519519999995;99.4703903999999;99.71482559999994;99.71825759999997;99.4703903999999;99.81332239999992;99.4703903999999;99.82748479999992;100.0;100.0;100.0;99.4703903999999;99.4703903999999;99.4703903999999;99.4703903999999;99.4703903999999;99.81332239999992;99.4703903999999;99.4703903999999;99.73519519999995;99.71482559999994;99.71825759999997;99.71482559999994;99.71825759999997;100.0;100.0;100.0;99.81332239999992;100.0;100.0;100.0;99.71482559999994;99.71482559999994;99.73519519999995;99.71482559999994;99.71825759999997;99.71825759999997;99.20558559999985;99.81332239999992;99.20558559999985;99.20558559999985;99.20558559999985;99.20558559999985;99.71482559999994;99.71482559999994;99.4703903999999;99.4703903999999;99.45002079999989;99.71825759999997;99.81332239999992;99.73519519999995;99.71482559999994;99.71825759999997;99.81332239999992;99.81332239999992;99.81332239999992;
12600.086514666682;100.0;99.80621839999993;99.80621839999993;99.71825759999997;99.71482559999994;99.73519519999995;99.4703903999999;99.71482559999994;99.71825759999997;99.4703903999999;99.81332239999992;99.4703903999999;99.82748479999992;100.0;100.0;100.0;99.4703903999999;99.4703903999999;99.4703903999999;99.4703903999999;99.4703903999999;99.81332239999992;99.4703903999999;99.4703903999999;99.73519519999995;99.71482559999994;99.71825759999997;99.71482559999994;99.71825759999997;100.0;100.0;100.0;99.81332239999992;100.0;100.0;100.0;99.71482559999994;99.71482559999994;99.73519519999995;99.71482559999994;99.71825759999997;99.71825759999997;99.20558559999985;99.81332239999992;99.20558559999985;99.20558559999985;99.20558559999985;99.20558559999985;99.71482559999994;99.71482559999994;99.4703903999999;99.4703903999999;99.45002079999989;99.71825759999997;99.81332239999992;99.73519519999995;99.71482559999994;99.71825759999997;99.81332239999992;99.81332239999992;99.81332239999992;
12600.100349333348;100.0;99.80621839999993;99.80621839999993;99.71825759999997;99.71482559999994;99.72855999999994;99.4637551999999;99.71482559999994;99.71825759999997;99.4703903999999;99.81332239999992;99.4703903999999;99.82748479999992;100.0;100.0;100.0;99.4703903999999;99.4703903999999;99.4703903999999;99.4703903999999;99.4703903999999;99.81332239999992;99.4703903999999;99.4637551999999;99.72855999999994;99.71482559999994;99.71825759999997;99.71482559999994;99.71825759999997;100.0;100.0;100.0;99.81332239999992;100.0;100.0;100.0;99.71482559999994;99.71482559999994;99.72855999999994;99.71482559999994;99.71825759999997;99.71825759999997;99.20558559999985;99.81332239999992;99.20558559999985;99.20558559999985;99.20558559999985;99.20558559999985;99.71482559999994;99.71482559999994;99.4703903999999;99.4637551999999;99.45002079999989;99.71825759999997;99.81332239999992;99.72855999999994;99.71482559999994;99.71825759999997;99.81332239999992;99.81332239999992;99.81332239999992;
12600.100349333348;100.0;99.80621839999993;99.80621839999993;99.71825759999997;99.71482559999994;99.71482559999994;99.45002079999989;99.71482559999994;99.71825759999997;99.4703903999999;99.81332239999992;99.4703903999999;99.82748479999992;100.0;100.0;100.0;99.4703903999999;99.4703903999999;99.4703903999999;99.4703903999999;99.4703903999999;99.81332239999992;99.4703903999999;99.45002079999989;99.71482559999994;99.71482559999994;99.71825759999997;99.71482559999994;99.71825759999997;100.0;100.0;100.0;99.81332239999992;100.0;100.0;100.0;99.71482559999994;99.71482559999994;99.71482559999994;99.71482559999994;99.71825759999997;99.71825759999997;99.20558559999985;99.81332239999992;99.20558559999985;99.20558559999985;99.20558559999985;99.20558559999985;99.71482559999994;99.71482559999994;99.4703903999999;99.45002079999989;99.45002079999989;99.71825759999997;99.81332239999992;99.71482559999994;99.71482559999994;99.71825759999997;99.81332239999992;99.81332239999992;99.81332239999992;
12600.101438666681;100.0;99.80621839999993;99.80621839999993;99.71825759999997;99.71482559999994;99.71482559999994;99.45002079999989;99.71482559999994;99.71825759999997;99.4703903999999;99.81332239999992;99.4703903999999;99.82748479999992;100.0;100.0;100.0;99.4703903999999;99.4703903999999;99.4703903999999;99.4703903999999;99.4703903999999;99.81332239999992;99.4703903999999;99.45002079999989;99.71482559999994;99.71482559999994;99.71825759999997;99.71482559999994;99.71825759999997;100.0;100.0;100.0;99.81332239999992;100.0;100.0;100.0;99.71482559999994;99.71482559999994;99.71482559999994;99.71482559999994;99.71825759999997;99.71825759999997;99.20558559999985;99.81332239999992;99.20558559999985;99.20558559999985;99.20558559999985;99.19895039999984;99.71482559999994;99.71482559999994;99.4703903999999;99.45002079999989;99.45002079999989;99.71825759999997;99.81332239999992;99.71482559999994;99.71482559999994;99.71825759999997;99.81332239999992;99.81332239999992;99.81332239999992;
12600.101438666681;100.0;99.80621839999993;99.80621839999993;99.71825759999997;99.71482559999994;99.71482559999994;99.45002079999989;99.71482559999994;99.71825759999997;99.4703903999999;99.81332239999992;99.4703903999999;99.82748479999992;100.0;100.0;100.0;99.4703903999999;99.4703903999999;99.4703903999999;99.4703903999999;99.4703903999999;99.81332239999992;99.4703903999999;99.45002079999989;99.71482559999994;99.71482559999994;99.71825759999997;99.71482559999994;99.71825759999997;100.0;100.0;100.0;99.81332239999992;100.0;100.0;100.0;99.71482559999994;99.71482559999994;99.71482559999994;99.71482559999994;99.71825759999997;99.71825759999997;99.20558559999985;99.81332239999992;99.20558559999985;99.20558559999985;99.20558559999985;99.18521599999984;99.71482559999994;99.71482559999994;99.4703903999999;99.45002079999989;99.45002079999989;99.71825759999997;99.81332239999992;99.71482559999994;99.71482559999994;99.71825759999997;99.81332239999992;99.81332239999992;99.81332239999992;
12600.110349333348;100.0;99.80621839999993;99.80621839999993;99.71825759999997;99.71482559999994;99.71482559999994;99.45002079999989;99.71482559999994;99.71825759999997;99.4703903999999;99.81332239999992;99.4703903999999;99.82748479999992;100.0;100.0;100.0;99.4703903999999;99.4703903999999;99.4703903999999;99.4703903999999;99.4703903999999;99.81332239999992;99.4703903999999;99.45002079999989;99.71482559999994;99.71482559999994;99.71825759999997;99.71482559999994;99.71825759999997;100.0;100.0;100.0;99.81332239999992;100.0;100.0;100.0;99.71482559999994;99.71482559999994;99.71482559999994;99.71482559999994;99.71825759999997;99.71825759999997;99.20558559999985;99.81332239999992;99.20558559999985;99.20558559999985;99.20558559999985;99.18521599999984;99.71482559999994;99.71482559999994;99.4703903999999;99.45002079999989;99.45002079999989;99.71825759999997;99.81332239999992;99.71482559999994;99.71482559999994;99.71825759999997;99.81332239999992;99.81332239999992;99.81332239999992;
12600.111438666681;100.0;99.80621839999993;99.80621839999993;99.71825759999997;99.71482559999994;99.71482559999994;99.45002079999989;99.71482559999994;99.71825759999997;99.4703903999999;99.81332239999992;99.4703903999999;99.82748479999992;100.0;100.0;100.0;99.4703903999999;99.4703903999999;99.4703903999999;99.4703903999999;99.4703903999999;99.81332239999992;99.4703903999999;99.45002079999989;99.71482559999994;99.71482559999994;99.71825759999997;99.71482559999994;99.71825759999997;100.0;100.0;100.0;99.81332239999992;100.0;100.0;100.0;99.71482559999994;99.71482559999994;99.71482559999994;99.71482559999994;99.71825759999997;99.71825759999997;99.20558559999985;99.81332239999992;99.20558559999985;99.20558559999985;99.20558559999985;99.18521599999984;99.71482559999994;99.71482559999994;99.4703903999999;99.45002079999989;99.45002079999989;99.71825759999997;99.81332239999992;99.71482559999994;99.71482559999994;99.71825759999997;99.81332239999992;99.81332239999992;99.81332239999992;
12600.125273333348;100.0;99.80621839999993;99.80621839999993;99.71825759999997;99.71482559999994;99.71482559999994;99.44338559999989;99.71482559999994;99.71825759999997;99.4637551999999;99.81332239999992;99.4703903999999;99.82748479999992;100.0;100.0;100.0;99.4703903999999;99.4703903999999;99.4703903999999;99.4703903999999;99.4703903999999;99.81332239999992;99.4637551999999;99.44338559999989;99.71482559999994;99.71482559999994;99.71825759999997;99.71482559999994;99.71825759999997;100.0;100.0;100.0;99.81332239999992;100.0;100.0;100.0;99.71482559999994;99.71482559999994;99.71482559999994;99.71482559999994;99.71825759999997;99.71825759999997;99.20558559999985;99.81332239999992;99.20558559999985;99.20558559999985;99.20558559999985;99.18521599999984;99.71482559999994;99.71482559999994;99.4637551999999;99.45002079999989;99.44338559999989;99.71825759999997;99.81332239999992;99.71482559999994;99.71482559999994;99.71825759999997;99.81332239999992;99.81332239999992;99.81332239999992;
12600.125273333348;100.0;99.80621839999993;99.80621839999993;99.71825759999997;99.71482559999994;99.71482559999994;99.42965119999988;99.71482559999994;99.71825759999997;99.45002079999989;99.81332239999992;99.4703903999999;99.82748479999992;100.0;100.0;100.0;99.4703903999999;99.4703903999999;99.4703903999999;99.4703903999999;99.4703903999999;99.81332239999992;99.45002079999989;99.42965119999988;99.71482559999994;99.71482559999994;99.71825759999997;99.71482559999994;99.71825759999997;100.0;100.0;100.0;99.81332239999992;100.0;100.0;100.0;99.71482559999994;99.71482559999994;99.71482559999994;99.71482559999994;99.71825759999997;99.71825759999997;99.20558559999985;99.81332239999992;99.20558559999985;99.20558559999985;99.20558559999985;99.18521599999984;99.71482559999994;99.71482559999994;99.45002079999989;99.45002079999989;99.42965119999988;99.71825759999997;99.81332239999992;99.71482559999994;99.71482559999994;99.71825759999997;99.81332239999992;99.81332239999992;99.81332239999992;
12600.12636266668;100.0;99.80621839999993;99.80621839999993;99.71825759999997;99.71482559999994;99.71482559999994;99.42965119999988;99.71482559999994;99.71825759999997;99.45002079999989;99.81332239999992;99.4703903999999;99.82748479999992;100.0;100.0;100.0;99.4703903999999;99.4703903999999;99.4703903999999;99.4703903999999;99.4703903999999;99.81332239999992;99.45002079999989;99.42965119999988;99.71482559999994;99.71482559999994;99.71825759999997;99.71482559999994;99.71825759999997;100.0;100.0;100.0;99.81332239999992;100.0;100.0;100.0;99.71482559999994;99.71482559999994;99.71482559999994;99.71482559999994;99.71825759999997;99.71825759999997;99.20558559999985;99.81332239999992;99.20558559999985;99.20558559999985;99.19895039999984;99.18521599999984;99.71482559999994;99.71482559999994;99.45002079999989;99.45002079999989;99.42965119999988;99.71825759999997;99.81332239999992;99.71482559999994;99.71482559999994;99.71825759999997;99.81332239999992;99.81332239999992;99.81332239999992;
12600.12636266668;100.0;99.80621839999993;99.80621839999993;99.71825759999997;99.71482559999994;99.71482559999994;99.42965119999988;99.71482559999994;99.71825759999997;99.45002079999989;99.81332239999992;99.4703903999999;99.82748479999992;100.0;100.0;100.0;99.4703903999999;99.4703903999999;99.4703903999999;99.4703903999999;99.4703903999999;99.81332239999992;99.45002079999989;99.42965119999988;99.71482559999994;99.71482559999994;99.71825759999997;99.71482559999994;99.71825759999997;100.0;100.0;100.0;99.81332239999992;100.0;100.0;100.0;99.71482559999994;99.71482559999994;99.71482559999994;99.71482559999994;99.71825759999997;99.71825759999997;99.20558559999985;99.81332239999992;99.20558559999985;99.20558559999985;99.18521599999984;99.18521599999984;99.71482559999994;99.71482559999994;99.45002079999989;99.45002079999989;99.42965119999988;99.71825759999997;99.81332239999992;99.71482559999994;99.71482559999994;99.71825759999997;99.81332239999992;99.81332239999992;99.81332239999992;
12600.135273333348;100.0;99.80621839999993;99.80621839999993;99.71825759999997;99.71482559999994;99.71482559999994;99.42965119999988;99.71482559999994;99.71825759999997;99.45002079999989;99.81332239999992;99.4703903999999;99.82748479999992;100.0;100.0;100.0;99.4703903999999;99.4703903999999;99.4703903999999;99.4703903999999;99.4703903999999;99.81332239999992;99.45002079999989;99.42965119999988;99.71482559999994;99.71482559999994;99.71825759999997;99.71482559999994;99.71825759999997;100.0;100.0;100.0;99.81332239999992;100.0;100.0;100.0;99.71482559999994;99.71482559999994;99.71482559999994;99.71482559999994;99.71825759999997;99.71825759999997;99.20558559999985;99.81332239999992;99.20558559999985;99.20558559999985;99.18521599999984;99.18521599999984;99.71482559999994;99.71482559999994;99.45002079999989;99.45002079999989;99.42965119999988;99.71825759999997;99.81332239999992;99.71482559999994;99.71482559999994;99.71825759999997;99.81332239999992;99.81332239999992;99.81332239999992;
12600.150197333347;100.0;99.80621839999993;99.80621839999993;99.71825759999997;99.71482559999994;99.71482559999994;99.42965119999988;99.71482559999994;99.71825759999997;99.44338559999989;99.81332239999992;99.4637551999999;99.82748479999992;100.0;100.0;100.0;99.4703903999999;99.4703903999999;99.4703903999999;99.4703903999999;99.4637551999999;99.81332239999992;99.44338559999989;99.42965119999988;99.71482559999994;99.71482559999994;99.71825759999997;99.71482559999994;99.71825759999997;100.0;100.0;100.0;99.81332239999992;100.0;100.0;100.0;99.71482559999994;99.71482559999994;99.71482559999994;99.71482559999994;99.71825759999997;99.71825759999997;99.20558559999985;99.81332239999992;99.20558559999985;99.20558559999985;99.18521599999984;99.17858079999984;99.71482559999994;99.71482559999994;99.45002079999989;99.44338559999989;99.42965119999988;99.71825759999997;99.81332239999992;99.71482559999994;99.71482559999994;99.71825759999997;99.81332239999992;99.81332239999992;99.81332239999992;
12600.150197333347;100.0;99.80621839999993;99.80621839999993;99.71825759999997;99.71482559999994;99.71482559999994;99.42965119999988;99.71482559999994;99.71825759999997;99.42965119999988;99.81332239999992;99.45002079999989;99.82748479999992;100.0;100.0;100.0;99.4703903999999;99.4703903999999;99.4703903999999;99.4703903999999;99.45002079999989;99.81332239999992;99.42965119999988;99.42965119999988;99.71482559999994;99.71482559999994;99.71825759999997;99.71482559999994;99.71825759999997;100.0;100.0;100.0;99.81332239999992;100.0;100.0;100.0;99.71482559999994;99.71482559999994;99.71482559999994;99.71482559999994;99.71825759999997;99.71825759999997;99.20558559999985;99.81332239999992;99.20558559999985;99.20558559999985;99.18521599999984;99.16484639999983;99.71482559999994;99.71482559999994;99.45002079999989;99.42965119999988;99.42965119999988;99.71825759999997;99.81332239999992;99.71482559999994;99.71482559999994;99.71825759999997;99.81332239999992;99.81332239999992;99.81332239999992;
12600.15128666668;100.0;99.80621839999993;99.80621839999993;99.71825759999997;99.71482559999994;99.71482559999994;99.42965119999988;99.71482559999994;99.71825759999997;99.42965119999988;99.81332239999992;99.45002079999989;99.82748479999992;100.0;100.0;100.0;99.4703903999999;99.4703903999999;99.4703903999999;99.4703903999999;99.45002079999989;99.81332239999992;99.42965119999988;99.42965119999988;99.71482559999994;99.71482559999994;99.71825759999997;99.71482559999994;99.71825759999997;100.0;100.0;100.0;99.81332239999992;100.0;100.0;100.0;99.71482559999994;99.71482559999994;99.71482559999994;99.71482559999994;99.71825759999997;99.71825759999997;99.20558559999985;99.81332239999992;99.20558559999985;99.19895039999984;99.18521599999984;99.16484639999983;99.71482559999994;99.71482559999994;99.45002079999989;99.42965119999988;99.42965119999988;99.71825759999997;99.81332239999992;99.71482559999994;99.71482559999994;99.71825759999997;99.81332239999992;99.81332239999992;99.81332239999992;
12600.15128666668;100.0;99.80621839999993;99.80621839999993;99.71825759999997;99.71482559999994;99.71482559999994;99.42965119999988;99.71482559999994;99.71825759999997;99.42965119999988;99.81332239999992;99.45002079999989;99.82748479999992;100.0;100.0;100.0;99.4703903999999;99.4703903999999;99.4703903999999;99.4703903999999;99.45002079999989;99.81332239999992;99.42965119999988;99.42965119999988;99.71482559999994;99.71482559999994;99.71825759999997;99.71482559999994;99.71825759999997;100.0;100.0;100.0;99.81332239999992;100.0;100.0;100.0;99.71482559999994;99.71482559999994;99.71482559999994;99.71482559999994;99.71825759999997;99.71825759999997;99.20558559999985;99.81332239999992;99.20558559999985;99.18521599999984;99.18521599999984;99.16484639999983;99.71482559999994;99.71482559999994;99.45002079999989;99.42965119999988;99.42965119999988;99.71825759999997;99.81332239999992;99.71482559999994;99.71482559999994;99.71825759999997;99.81332239999992;99.81332239999992;99.81332239999992;
12600.160197333347;100.0;99.80621839999993;99.80621839999993;99.71825759999997;99.71482559999994;99.71482559999994;99.42965119999988;99.71482559999994;99.71825759999997;99.42965119999988;99.81332239999992;99.45002079999989;99.82748479999992;100.0;100.0;100.0;99.4703903999999;99.4703903999999;99.4703903999999;99.4703903999999;99.45002079999989;99.81332239999992;99.42965119999988;99.42965119999988;99.71482559999994;99.71482559999994;99.71825759999997;99.71482559999994;99.71825759999997;100.0;100.0;100.0;99.81332239999992;100.0;100.0;100.0;99.71482559999994;99.71482559999994;99.71482559999994;99.71482559999994;99.71825759999997;99.71825759999997;99.20558559999985;99.81332239999992;99.20558559999985;99.18521599999984;99.18521599999984;99.16484639999983;99.71482559999994;99.71482559999994;99.45002079999989;99.42965119999988;99.42965119999988;99.71825759999997;99.81332239999992;99.71482559999994;99.71482559999994;99.71825759999997;99.81332239999992;99.81332239999992;99.81332239999992;
12600.175121333346;100.0;99.80621839999993;99.80621839999993;99.71825759999997;99.71482559999994;99.71482559999994;99.42965119999988;99.71482559999994;99.71825759999997;99.42965119999988;99.81332239999992;99.44338559999989;99.82084959999992;100.0;100.0;100.0;99.4703903999999;99.4703903999999;99.4703903999999;99.4637551999999;99.44338559999989;99.81332239999992;99.42965119999988;99.42965119999988;99.71482559999994;99.71482559999994;99.71825759999997;99.71482559999994;99.71825759999997;100.0;100.0;100.0;99.81332239999992;100.0;100.0;100.0;99.71482559999994;99.71482559999994;99.71482559999994;99.71482559999994;99.71825759999997;99.71825759999997;99.20558559999985;99.81332239999992;99.20558559999985;99.18521599999984;99.17858079999984;99.16484639999983;99.71482559999994;99.71482559999994;99.44338559999989;99.42965119999988;99.42965119999988;99.71825759999997;99.81332239999992;99.71482559999994;99.71482559999994;99.71825759999997;99.81332239999992;99.81332239999992;99.81332239999992;
12600.175121333346;100.0;99.80621839999993;99.80621839999993;99.71825759999997;99.71482559999994;99.71482559999994;99.42965119999988;99.71482559999994;99.71825759999997;99.42965119999988;99.81332239999992;99.42965119999988;99.82084959999992;100.0;100.0;100.0;99.4703903999999;99.4703903999999;99.4703903999999;99.45002079999989;99.42965119999988;99.81332239999992;99.42965119999988;99.42965119999988;99.71482559999994;99.71482559999994;99.71825759999997;99.71482559999994;99.71825759999997;100.0;100.0;100.0;99.81332239999992;100.0;100.0;100.0;99.71482559999994;99.71482559999994;99.71482559999994;99.71482559999994;99.71825759999997;99.71825759999997;99.20558559999985;99.81332239999992;99.20558559999985;99.18521599999984;99.16484639999983;99.16484639999983;99.71482559999994;99.71482559999994;99.42965119999988;99.42965119999988;99.42965119999988;99.71825759999997;99.81332239999992;99.71482559999994;99.71482559999994;99.71825759999997;99.81332239999992;99.81332239999992;99.81332239999992;
12600.17621066668;100.0;99.80621839999993;99.80621839999993;99.71825759999997;99.71482559999994;99.71482559999994;99.42965119999988;99.71482559999994;99.71825759999997;99.42965119999988;99.81332239999992;99.42965119999988;99.82084959999992;100.0;100.0;100.0;99.4703903999999;99.4703903999999;99.4703903999999;99.45002079999989;99.42965119999988;99.81332239999992;99.42965119999988;99.42965119999988;99.71482559999994;99.71482559999994;99.71825759999997;99.71482559999994;99.71825759999997;100.0;100.0;100.0;99.81332239999992;100.0;100.0;100.0;99.71482559999994;99.71482559999994;99.71482559999994;99.71482559999994;99.71825759999997;99.71825759999997;99.20558559999985;99.81332239999992;99.19895039999984;99.18521599999984;99.16484639999983;99.16484639999983;99.71482559999994;99.71482559999994;99.42965119999988;99.42965119999988;99.42965119999988;99.71825759999997;99.81332239999992;99.71482559999994;99.71482559999994;99.71825759999997;99.81332239999992;99.81332239999992;99.81332239999992;
12600.17621066668;100.0;99.80621839999993;99.80621839999993;99.71825759999997;99.71482559999994;99.71482559999994;99.42965119999988;99.71482559999994;99.71825759999997;99.42965119999988;99.81332239999992;99.42965119999988;99.82084959999992;100.0;100.0;100.0;99.4703903999999;99.4703903999999;99.4703903999999;99.45002079999989;99.42965119999988;99.81332239999992;99.42965119999988;99.42965119999988;99.71482559999994;99.71482559999994;99.71825759999997;99.71482559999994;99.71825759999997;100.0;100.0;100.0;99.81332239999992;100.0;100.0;100.0;99.71482559999994;99.71482559999994;99.71482559999994;99.71482559999994;99.71825759999997;99.71825759999997;99.20558559999985;99.81332239999992;99.18521599999984;99.18521599999984;99.16484639999983;99.16484639999983;99.71482559999994;99.71482559999994;99.42965119999988;99.42965119999988;99.42965119999988;99.71825759999997;99.81332239999992;99.71482559999994;99.71482559999994;99.71825759999997;99.81332239999992;99.81332239999992;99.81332239999992;
12600.200045333346;100.0;99.80621839999993;99.80621839999993;99.71825759999997;99.71482559999994;99.71482559999994;99.42965119999988;99.71482559999994;99.71825759999997;99.42965119999988;99.81332239999992;99.42965119999988;99.81421439999991;100.0;100.0;100.0;99.4703903999999;99.4703903999999;99.4637551999999;99.44338559999989;99.42965119999988;99.81332239999992;99.42965119999988;99.42965119999988;99.71482559999994;99.71482559999994;99.71825759999997;99.71482559999994;99.71825759999997;100.0;100.0;100.0;99.81332239999992;100.0;100.0;100.0;99.71482559999994;99.71482559999994;99.71482559999994;99.71482559999994;99.71825759999997;99.71825759999997;99.20558559999985;99.81332239999992;99.18521599999984;99.17858079999984;99.16484639999983;99.15821119999983;99.71482559999994;99.71482559999994;99.42965119999988;99.42965119999988;99.42965119999988;99.71825759999997;99.81332239999992;99.71482559999994;99.71482559999994;99.71825759999997;99.81332239999992;99.81332239999992;99.81332239999992;
12600.200045333346;100.0;99.80621839999993;99.80621839999993;99.71825759999997;99.71482559999994;99.71482559999994;99.42965119999988;99.71482559999994;99.71825759999997;99.42965119999988;99.81332239999992;99.42965119999988;99.81421439999991;100.0;100.0;100.0;99.4703903999999;99.4703903999999;99.45002079999989;99.42965119999988;99.42965119999988;99.81332239999992;99.42965119999988;99.42965119999988;99.71482559999994;99.71482559999994;99.71825759999997;99.71482559999994;99.71825759999997;100.0;100.0;100.0;99.81332239999992;100.0;100.0;100.0;99.71482559999994;99.71482559999994;99.71482559999994;99.71482559999994;99.71825759999997;99.71825759999997;99.20558559999985;99.81332239999992;99.18521599999984;99.16484639999983;99.16484639999983;99.14447679999982;99.71482559999994;99.71482559999994;99.42965119999988;99.42965119999988;99.42965119999988;99.71825759999997;99.81332239999992;99.71482559999994;99.71482559999994;99.71825759999997;99.81332239999992;99.81332239999992;99.81332239999992;
12600.201134666679;100.0;99.80621839999993;99.80621839999993;99.71825759999997;99.71482559999994;99.71482559999994;99.42965119999988;99.71482559999994;99.71825759999997;99.42965119999988;99.81332239999992;99.42965119999988;99.81421439999991;100.0;100.0;100.0;99.4703903999999;99.4703903999999;99.45002079999989;99.42965119999988;99.42965119999988;99.81332239999992;99.42965119999988;99.42965119999988;99.71482559999994;99.71482559999994;99.71825759999997;99.71482559999994;99.71825759999997;100.0;100.0;100.0;99.81332239999992;100.0;100.0;100.0;99.71482559999994;99.71482559999994;99.71482559999994;99.71482559999994;99.71825759999997;99.71825759999997;99.19895039999984;99.81332239999992;99.18521599999984;99.16484639999983;99.16484639999983;99.14447679999982;99.71482559999994;99.71482559999994;99.42965119999988;99.42965119999988;99.42965119999988;99.71825759999997;99.81332239999992;99.71482559999994;99.71482559999994;99.71825759999997;99.81332239999992;99.81332239999992;99.81332239999992;
12600.201134666679;100.0;99.80621839999993;99.80621839999993;99.71825759999997;99.71482559999994;99.71482559999994;99.42965119999988;99.71482559999994;99.71825759999997;99.42965119999988;99.81332239999992;99.42965119999988;99.81421439999991;100.0;100.0;100.0;99.4703903999999;99.4703903999999;99.45002079999989;99.42965119999988;99.42965119999988;99.81332239999992;99.42965119999988;99.42965119999988;99.71482559999994;99.71482559999994;99.71825759999997;99.71482559999994;99.71825759999997;100.0;100.0;100.0;99.81332239999992;100.0;100.0;100.0;99.71482559999994;99.71482559999994;99.71482559999994;99.71482559999994;99.71825759999997;99.71825759999997;99.18521599999984;99.81332239999992;99.18521599999984;99.16484639999983;99.16484639999983;99.14447679999982;99.71482559999994;99.71482559999994;99.42965119999988;99.42965119999988;99.42965119999988;99.71825759999997;99.81332239999992;99.71482559999994;99.71482559999994;99.71825759999997;99.81332239999992;99.81332239999992;99.81332239999992;
12600.210045333346;100.0;99.80621839999993;99.80621839999993;99.71825759999997;99.71482559999994;99.71482559999994;99.42965119999988;99.71482559999994;99.71825759999997;99.42965119999988;99.81332239999992;99.42965119999988;99.81421439999991;100.0;100.0;100.0;99.4703903999999;99.4703903999999;99.45002079999989;99.42965119999988;99.42965119999988;99.81332239999992;99.42965119999988;99.42965119999988;99.71482559999994;99.71482559999994;99.71825759999997;99.71482559999994;99.71825759999997;100.0;100.0;100.0;99.81332239999992;100.0;100.0;100.0;99.71482559999994;99.71482559999994;99.71482559999994;99.71482559999994;99.71825759999997;99.71825759999997;99.18521599999984;99.81332239999992;99.18521599999984;99.16484639999983;99.16484639999983;99.14447679999982;99.71482559999994;99.71482559999994;99.42965119999988;99.42965119999988;99.42965119999988;99.71825759999997;99.81332239999992;99.71482559999994;99.71482559999994;99.71825759999997;99.81332239999992;99.81332239999992;99.81332239999992;
12600.224969333345;100.0;99.80621839999993;99.80621839999993;99.71825759999997;99.71482559999994;99.71482559999994;99.42965119999988;99.71482559999994;99.71825759999997;99.42965119999988;99.81332239999992;99.42965119999988;99.81421439999991;100.0;100.0;100.0;99.4703903999999;99.4637551999999;99.44338559999989;99.42965119999988;99.42965119999988;99.81332239999992;99.42965119999988;99.42965119999988;99.71482559999994;99.71482559999994;99.71825759999997;99.71482559999994;99.71825759999997;100.0;100.0;100.0;99.81332239999992;100.0;100.0;100.0;99.71482559999994;99.71482559999994;99.71482559999994;99.71482559999994;99.71825759999997;99.71825759999997;99.18521599999984;99.81332239999992;99.17858079999984;99.16484639999983;99.15821119999983;99.14447679999982;99.71482559999994;99.71482559999994;99.42965119999988;99.42965119999988;99.42965119999988;99.71825759999997;99.81332239999992;99.71482559999994;99.71482559999994;99.71825759999997;99.81332239999992;99.81332239999992;99.81332239999992;
12600.224969333345;100.0;99.80621839999993;99.80621839999993;99.71825759999997;99.71482559999994;99.71482559999994;99.42965119999988;99.71482559999994;99.71825759999997;99.42965119999988;99.81332239999992;99.42965119999988;99.81421439999991;100.0;100.0;100.0;99.4703903999999;99.45002079999989;99.42965119999988;99.42965119999988;99.42965119999988;99.81332239999992;99.42965119999988;99.42965119999988;99.71482559999994;99.71482559999994;99.71825759999997;99.71482559999994;99.71825759999997;100.0;100.0;100.0;99.81332239999992;100.0;100.0;100.0;99.71482559999994;99.71482559999994;99.71482559999994;99.71482559999994;99.71825759999997;99.71825759999997;99.18521599999984;99.81332239999992;99.16484639999983;99.16484639999983;99.14447679999982;99.14447679999982;99.71482559999994;99.71482559999994;99.42965119999988;99.42965119999988;99.42965119999988;99.71825759999997;99.81332239999992;99.71482559999994;99.71482559999994;99.71825759999997;99.81332239999992;99.81332239999992;99.81332239999992;
12600.226058666678;100.0;99.80621839999993;99.80621839999993;99.71825759999997;99.71482559999994;99.71482559999994;99.42965119999988;99.71482559999994;99.71825759999997;99.42965119999988;99.81332239999992;99.42965119999988;99.81421439999991;100.0;100.0;100.0;99.4703903999999;99.45002079999989;99.42965119999988;99.42965119999988;99.42965119999988;99.81332239999992;99.42965119999988;99.42965119999988;99.71482559999994;99.71482559999994;99.71825759999997;99.71482559999994;99.71825759999997;100.0;100.0;100.0;99.81332239999992;100.0;100.0;100.0;99.71482559999994;99.71482559999994;99.71482559999994;99.71482559999994;99.71825759999997;99.71825759999997;99.18521599999984;99.81332239999992;99.16484639999983;99.16484639999983;99.14447679999982;99.14447679999982;99.71482559999994;99.71482559999994;99.42965119999988;99.42965119999988;99.42965119999988;99.71825759999997;99.81332239999992;99.71482559999994;99.71482559999994;99.71825759999997;99.81332239999992;99.81332239999992;99.81332239999992;
12600.249893333345;100.0;99.80621839999993;99.80621839999993;99.71825759999997;99.71482559999994;99.71482559999994;99.42965119999988;99.71482559999994;99.71825759999997;99.42965119999988;99.81332239999992;99.42965119999988;99.81421439999991;100.0;100.0;100.0;99.4637551999999;99.44338559999989;99.42965119999988;99.42965119999988;99.42965119999988;99.81332239999992;99.42965119999988;99.42965119999988;99.71482559999994;99.71482559999994;99.71825759999997;99.71482559999994;99.71825759999997;100.0;100.0;100.0;99.81332239999992;100.0;100.0;100.0;99.71482559999994;99.71482559999994;99.71482559999994;99.71482559999994;99.71825759999997;99.71825759999997;99.17858079999984;99.81332239999992;99.16484639999983;99.15821119999983;99.14447679999982;99.14447679999982;99.71482559999994;99.71482559999994;99.42965119999988;99.42965119999988;99.42965119999988;99.71825759999997;99.81332239999992;99.71482559999994;99.71482559999994;99.71825759999997;99.81332239999992;99.81332239999992;99.81332239999992;
12600.249893333345;100.0;99.80621839999993;99.80621839999993;99.71825759999997;99.71482559999994;99.71482559999994;99.42965119999988;99.71482559999994;99.71825759999997;99.42965119999988;99.81332239999992;99.42965119999988;99.81421439999991;100.0;100.0;100.0;99.45002079999989;99.42965119999988;99.42965119999988;99.42965119999988;99.42965119999988;99.81332239999992;99.42965119999988;99.42965119999988;99.71482559999994;99.71482559999994;99.71825759999997;99.71482559999994;99.71825759999997;100.0;100.0;100.0;99.81332239999992;100.0;100.0;100.0;99.71482559999994;99.71482559999994;99.71482559999994;99.71482559999994;99.71825759999997;99.71825759999997;99.16484639999983;99.81332239999992;99.16484639999983;99.14447679999982;99.14447679999982;99.14447679999982;99.71482559999994;99.71482559999994;99.42965119999988;99.42965119999988;99.42965119999988;99.71825759999997;99.81332239999992;99.71482559999994;99.71482559999994;99.71825759999997;99.81332239999992;99.81332239999992;99.81332239999992;
12600.274817333344;100.0;99.80621839999993;99.80621839999993;99.71825759999997;99.71482559999994;99.71482559999994;99.42965119999988;99.71482559999994;99.71825759999997;99.42965119999988;99.81332239999992;99.42965119999988;99.81421439999991;100.0;100.0;100.0;99.44338559999989;99.42965119999988;99.42965119999988;99.42965119999988;99.42965119999988;99.81332239999992;99.42965119999988;99.42965119999988;99.71482559999994;99.71482559999994;99.71825759999997;99.71482559999994;99.71825759999997;100.0;100.0;100.0;99.81332239999992;100.0;100.0;100.0;99.71482559999994;99.71482559999994;99.71482559999994;99.71482559999994;99.71825759999997;99.71825759999997;99.16484639999983;99.81332239999992;99.15821119999983;99.14447679999982;99.14447679999982;99.14447679999982;99.71482559999994;99.71482559999994;99.42965119999988;99.42965119999988;99.42965119999988;99.71825759999997;99.81332239999992;99.71482559999994;99.71482559999994;99.71825759999997;99.81332239999992;99.81332239999992;99.81332239999992;
12600.274817333344;100.0;99.80621839999993;99.80621839999993;99.71825759999997;99.71482559999994;99.71482559999994;99.42965119999988;99.71482559999994;99.71825759999997;99.42965119999988;99.81332239999992;99.42965119999988;99.81421439999991;100.0;100.0;100.0;99.42965119999988;99.42965119999988;99.42965119999988;99.42965119999988;99.42965119999988;99.81332239999992;99.42965119999988;99.42965119999988;99.71482559999994;99.71482559999994;99.71825759999997;99.71482559999994;99.71825759999997;100.0;100.0;100.0;99.81332239999992;100.0;100.0;100.0;99.71482559999994;99.71482559999994;99.71482559999994;99.71482559999994;99.71825759999997;99.71825759999997;99.16484639999983;99.81332239999992;99.14447679999982;99.14447679999982;99.14447679999982;99.14447679999982;99.71482559999994;99.71482559999994;99.42965119999988;99.42965119999988;99.42965119999988;99.71825759999997;99.81332239999992;99.71482559999994;99.71482559999994;99.71825759999997;99.81332239999992;99.81332239999992;99.81332239999992;
12600.299741333343;100.0;99.80621839999993;99.80621839999993;99.71825759999997;99.71482559999994;99.71482559999994;99.42965119999988;99.71482559999994;99.71825759999997;99.42965119999988;99.81332239999992;99.42965119999988;99.81421439999991;100.0;100.0;100.0;99.42965119999988;99.42965119999988;99.42965119999988;99.42965119999988;99.42965119999988;99.81332239999992;99.42965119999988;99.42965119999988;99.71482559999994;99.71482559999994;99.71825759999997;99.71482559999994;99.71825759999997;100.0;100.0;100.0;99.81332239999992;100.0;100.0;100.0;99.71482559999994;99.71482559999994;99.71482559999994;99.71482559999994;99.71825759999997;99.71825759999997;99.15821119999983;99.81332239999992;99.14447679999982;99.14447679999982;99.14447679999982;99.14447679999982;99.71482559999994;99.71482559999994;99.42965119999988;99.42965119999988;99.42965119999988;99.71825759999997;99.81332239999992;99.71482559999994;99.71482559999994;99.71825759999997;99.81332239999992;99.81332239999992;99.81332239999992;
12600.299741333343;100.0;99.80621839999993;99.80621839999993;99.71825759999997;99.71482559999994;99.71482559999994;99.42965119999988;99.71482559999994;99.71825759999997;99.42965119999988;99.81332239999992;99.42965119999988;99.81421439999991;100.0;100.0;100.0;99.42965119999988;99.42965119999988;99.42965119999988;99.42965119999988;99.42965119999988;99.81332239999992;99.42965119999988;99.42965119999988;99.71482559999994;99.71482559999994;99.71825759999997;99.71482559999994;99.71825759999997;100.0;100.0;100.0;99.81332239999992;100.0;100.0;100.0;99.71482559999994;99.71482559999994;99.71482559999994;99.71482559999994;99.71825759999997;99.71825759999997;99.14447679999982;99.81332239999992;99.14447679999982;99.14447679999982;99.14447679999982;99.14447679999982;99.71482559999994;99.71482559999994;99.42965119999988;99.42965119999988;99.42965119999988;99.71825759999997;99.81332239999992;99.71482559999994;99.71482559999994;99.71825759999997;99.81332239999992;99.81332239999992;99.81332239999992;
12600.324665333343;100.0;99.80621839999993;99.80621839999993;99.71825759999997;99.71482559999994;99.71482559999994;99.42965119999988;99.71482559999994;99.71825759999997;99.42965119999988;99.81332239999992;99.42965119999988;99.81421439999991;100.0;100.0;100.0;99.42965119999988;99.42965119999988;99.42965119999988;99.42965119999988;99.42965119999988;99.81332239999992;99.42965119999988;99.42965119999988;99.71482559999994;99.71482559999994;99.71825759999997;99.71482559999994;99.71825759999997;100.0;100.0;100.0;99.81332239999992;100.0;100.0;100.0;99.71482559999994;99.71482559999994;99.71482559999994;99.71482559999994;99.71825759999997;99.71825759999997;99.14447679999982;99.81332239999992;99.14447679999982;99.14447679999982;99.14447679999982;99.14447679999982;99.71482559999994;99.71482559999994;99.42965119999988;99.42965119999988;99.42965119999988;99.71825759999997;99.81332239999992;99.71482559999994;99.71482559999994;99.71825759999997;99.81332239999992;99.81332239999992;99.81332239999992;
13200.00000000001;100.0;99.80621839999993;99.80621839999993;99.71825759999997;99.71482559999994;99.71482559999994;99.42965119999988;99.71482559999994;99.71825759999997;99.42965119999988;99.81332239999992;99.42965119999988;99.81421439999991;100.0;100.0;100.0;99.42965119999988;99.42965119999988;99.42965119999988;99.42965119999988;99.42965119999988;99.81332239999992;99.42965119999988;99.42965119999988;99.71482559999994;99.71482559999994;99.71825759999997;99.71482559999994;99.71825759999997;100.0;100.0;100.0;99.81332239999992;100.0;100.0;100.0;99.71482559999994;99.71482559999994;99.71482559999994;99.71482559999994;99.71825759999997;99.71825759999997;99.14447679999982;99.81332239999992;99.14447679999982;99.14447679999982;99.14447679999982;99.14447679999982;99.71482559999994;99.71482559999994;99.42965119999988;99.42965119999988;99.42965119999988;99.71825759999997;99.81332239999992;99.71482559999994;99.71482559999994;99.71825759999997;99.81332239999992;99.81332239999992;99.81332239999992;
13500.026666666676;100.0;99.80611839999993;99.80611839999993;99.71825759999997;99.71482559999994;99.71482559999994;99.42965119999988;99.71482559999994;99.71825759999997;99.42965119999988;99.81322239999992;99.42965119999988;99.81421439999991;100.0;100.0;100.0;99.42965119999988;99.42965119999988;99.42965119999988;99.42965119999988;99.42965119999988;99.81322239999992;99.42965119999988;99.42965119999988;99.71482559999994;99.71482559999994;99.71825759999997;99.71482559999994;99.71825759999997;100.0;100.0;100.0;99.81322239999992;100.0;100.0;100.0;99.71482559999994;99.71482559999994;99.71482559999994;99.71482559999994;99.71825759999997;99.71825759999997;99.14447679999982;99.81322239999992;99.14447679999982;99.14447679999982;99.14447679999982;99.14447679999982;99.71482559999994;99.71482559999994;99.42965119999988;99.42965119999988;99.42965119999988;99.71825759999997;99.81322239999992;99.71482559999994;99.71482559999994;99.71825759999997;99.81322239999992;99.81322239999992;99.81322239999992;
13500.026666666676;100.0;99.80611839999993;99.80611839999993;99.71825759999997;99.71482559999994;99.71482559999994;99.42965119999988;99.71482559999994;99.71825759999997;99.42965119999988;99.79996159999992;99.42965119999988;99.81421439999991;100.0;100.0;100.0;99.42965119999988;99.42965119999988;99.42965119999988;99.42965119999988;99.42965119999988;99.79996159999992;99.42965119999988;99.42965119999988;99.71482559999994;99.71482559999994;99.71825759999997;99.71482559999994;99.71825759999997;100.0;100.0;100.0;99.79996159999992;100.0;100.0;100.0;99.71482559999994;99.71482559999994;99.71482559999994;99.71482559999994;99.71825759999997;99.71825759999997;99.14447679999982;99.79996159999992;99.14447679999982;99.14447679999982;99.14447679999982;99.14447679999982;99.71482559999994;99.71482559999994;99.42965119999988;99.42965119999988;99.42965119999988;99.71825759999997;99.79996159999992;99.71482559999994;99.71482559999994;99.71825759999997;99.79996159999992;99.79996159999992;99.79996159999992;
13500.026666666676;100.0;99.79238399999993;99.79238399999993;99.71825759999997;99.71482559999994;99.71482559999994;99.42965119999988;99.71482559999994;99.71825759999997;99.42965119999988;99.79996159999992;99.42965119999988;99.81421439999991;100.0;100.0;100.0;99.42965119999988;99.42965119999988;99.42965119999988;99.42965119999988;99.42965119999988;99.79996159999992;99.42965119999988;99.42965119999988;99.71482559999994;99.71482559999994;99.71825759999997;99.71482559999994;99.71825759999997;100.0;100.0;100.0;99.79996159999992;100.0;100.0;100.0;99.71482559999994;99.71482559999994;99.71482559999994;99.71482559999994;99.71825759999997;99.71825759999997;99.14447679999982;99.79996159999992;99.14447679999982;99.14447679999982;99.14447679999982;99.14447679999982;99.71482559999994;99.71482559999994;99.42965119999988;99.42965119999988;99.42965119999988;99.71825759999997;99.79996159999992;99.71482559999994;99.71482559999994;99.71825759999997;99.79996159999992;99.79996159999992;99.79996159999992;
13500.050501333342;100.0;99.79238399999993;99.79238399999993;99.71185119999997;99.71482559999994;99.71482559999994;99.42965119999988;99.71482559999994;99.71185119999997;99.42965119999988;99.79996159999992;99.42965119999988;99.81421439999991;100.0;100.0;100.0;99.42965119999988;99.42965119999988;99.42965119999988;99.42965119999988;99.42965119999988;99.79996159999992;99.42965119999988;99.42965119999988;99.71482559999994;99.71482559999994;99.71185119999997;99.71482559999994;99.71185119999997;100.0;100.0;100.0;99.79996159999992;100.0;100.0;100.0;99.71482559999994;99.71482559999994;99.71482559999994;99.71482559999994;99.71185119999997;99.71185119999997;99.14447679999982;99.79996159999992;99.14447679999982;99.14447679999982;99.14447679999982;99.14447679999982;99.71482559999994;99.71482559999994;99.42965119999988;99.42965119999988;99.42965119999988;99.71185119999997;99.79996159999992;99.71482559999994;99.71482559999994;99.71185119999997;99.79996159999992;99.79996159999992;99.79996159999992;
13500.050501333342;100.0;99.79238399999993;99.79238399999993;99.69811679999997;99.71482559999994;99.71482559999994;99.42965119999988;99.71482559999994;99.69811679999997;99.42965119999988;99.79996159999992;99.42965119999988;99.81421439999991;100.0;100.0;100.0;99.42965119999988;99.42965119999988;99.42965119999988;99.42965119999988;99.42965119999988;99.79996159999992;99.42965119999988;99.42965119999988;99.71482559999994;99.71482559999994;99.69811679999997;99.71482559999994;99.69811679999997;100.0;100.0;100.0;99.79996159999992;100.0;100.0;100.0;99.71482559999994;99.71482559999994;99.71482559999994;99.71482559999994;99.69811679999997;99.69811679999997;99.14447679999982;99.79996159999992;99.14447679999982;99.14447679999982;99.14447679999982;99.14447679999982;99.71482559999994;99.71482559999994;99.42965119999988;99.42965119999988;99.42965119999988;99.69811679999997;99.79996159999992;99.71482559999994;99.71482559999994;99.69811679999997;99.79996159999992;99.79996159999992;99.79996159999992;
13500.051590666675;100.0;99.79238399999993;99.79238399999993;99.69811679999997;99.71482559999994;99.71482559999994;99.42965119999988;99.71482559999994;99.69811679999997;99.42965119999988;99.79996159999992;99.42965119999988;99.81421439999991;100.0;100.0;100.0;99.42965119999988;99.42965119999988;99.42965119999988;99.42965119999988;99.42965119999988;99.79996159999992;99.42965119999988;99.42965119999988;99.71482559999994;99.71482559999994;99.69811679999997;99.71482559999994;99.69811679999997;100.0;100.0;100.0;99.79996159999992;100.0;100.0;100.0;99.71482559999994;99.70819039999994;99.71482559999994;99.71482559999994;99.69811679999997;99.69811679999997;99.14447679999982;99.79996159999992;99.14447679999982;99.14447679999982;99.14447679999982;99.14447679999982;99.71482559999994;99.70819039999994;99.42965119999988;99.42965119999988;99.42965119999988;99.69811679999997;99.79996159999992;99.71482559999994;99.71482559999994;99.69811679999997;99.79996159999992;99.79996159999992;99.79996159999992;
13500.051590666675;100.0;99.79238399999993;99.79238399999993;99.69811679999997;99.71482559999994;99.71482559999994;99.42965119999988;99.71482559999994;99.69811679999997;99.42965119999988;99.79996159999992;99.42965119999988;99.81421439999991;100.0;100.0;100.0;99.42965119999988;99.42965119999988;99.42965119999988;99.42965119999988;99.42965119999988;99.79996159999992;99.42965119999988;99.42965119999988;99.71482559999994;99.71482559999994;99.69811679999997;99.71482559999994;99.69811679999997;100.0;100.0;100.0;99.79996159999992;100.0;100.0;100.0;99.71482559999994;99.69445599999993;99.71482559999994;99.71482559999994;99.69811679999997;99.69811679999997;99.14447679999982;99.79996159999992;99.14447679999982;99.14447679999982;99.14447679999982;99.14447679999982;99.71482559999994;99.69445599999993;99.42965119999988;99.42965119999988;99.42965119999988;99.69811679999997;99.79996159999992;99.71482559999994;99.71482559999994;99.69811679999997;99.79996159999992;99.79996159999992;99.79996159999992;
13500.060501333342;100.0;99.79238399999993;99.79238399999993;99.69811679999997;99.71482559999994;99.71482559999994;99.42965119999988;99.71482559999994;99.69811679999997;99.42965119999988;99.79996159999992;99.42965119999988;99.81421439999991;100.0;100.0;100.0;99.42965119999988;99.42965119999988;99.42965119999988;99.42965119999988;99.42965119999988;99.79996159999992;99.42965119999988;99.42965119999988;99.71482559999994;99.71482559999994;99.69811679999997;99.71482559999994;99.69811679999997;100.0;100.0;100.0;99.79996159999992;100.0;100.0;100.0;99.71482559999994;99.69445599999993;99.71482559999994;99.71482559999994;99.69811679999997;99.69811679999997;99.14447679999982;99.79996159999992;99.14447679999982;99.14447679999982;99.14447679999982;99.14447679999982;99.71482559999994;99.69445599999993;99.42965119999988;99.42965119999988;99.42965119999988;99.69811679999997;99.79996159999992;99.71482559999994;99.71482559999994;99.69811679999997;99.79996159999992;99.79996159999992;99.79996159999992;
13500.075425333342;100.0;99.79238399999993;99.79238399999993;99.69811679999997;99.70819039999994;99.71482559999994;99.42965119999988;99.70819039999994;99.69811679999997;99.42965119999988;99.79996159999992;99.42965119999988;99.81421439999991;100.0;100.0;100.0;99.42965119999988;99.42965119999988;99.42965119999988;99.42965119999988;99.42965119999988;99.79996159999992;99.42965119999988;99.42965119999988;99.71482559999994;99.70819039999994;99.69811679999997;99.70819039999994;99.69811679999997;100.0;100.0;100.0;99.79996159999992;100.0;100.0;100.0;99.71482559999994;99.69445599999993;99.71482559999994;99.70819039999994;99.69811679999997;99.69811679999997;99.14447679999982;99.79996159999992;99.14447679999982;99.14447679999982;99.14447679999982;99.14447679999982;99.71482559999994;99.69445599999993;99.42965119999988;99.42965119999988;99.42301599999988;99.69811679999997;99.79996159999992;99.71482559999994;99.70819039999994;99.69811679999997;99.79996159999992;99.79996159999992;99.79996159999992;
13500.075425333342;100.0;99.79238399999993;99.79238399999993;99.69811679999997;99.69445599999993;99.71482559999994;99.42965119999988;99.69445599999993;99.69811679999997;99.42965119999988;99.79996159999992;99.42965119999988;99.81421439999991;100.0;100.0;100.0;99.42965119999988;99.42965119999988;99.42965119999988;99.42965119999988;99.42965119999988;99.79996159999992;99.42965119999988;99.42965119999988;99.71482559999994;99.69445599999993;99.69811679999997;99.69445599999993;99.69811679999997;100.0;100.0;100.0;99.79996159999992;100.0;100.0;100.0;99.71482559999994;99.69445599999993;99.71482559999994;99.69445599999993;99.69811679999997;99.69811679999997;99.14447679999982;99.79996159999992;99.14447679999982;99.14447679999982;99.14447679999982;99.14447679999982;99.71482559999994;99.69445599999993;99.42965119999988;99.42965119999988;99.40928159999987;99.69811679999997;99.79996159999992;99.71482559999994;99.69445599999993;99.69811679999997;99.79996159999992;99.79996159999992;99.79996159999992;
13500.076514666674;100.0;99.79238399999993;99.79238399999993;99.69811679999997;99.69445599999993;99.71482559999994;99.42965119999988;99.69445599999993;99.69811679999997;99.42965119999988;99.79996159999992;99.42965119999988;99.81421439999991;100.0;100.0;100.0;99.42965119999988;99.42965119999988;99.42965119999988;99.42965119999988;99.42965119999988;99.79996159999992;99.42965119999988;99.42965119999988;99.71482559999994;99.69445599999993;99.69811679999997;99.69445599999993;99.69811679999997;100.0;100.0;100.0;99.79996159999992;100.0;100.0;100.0;99.70819039999994;99.69445599999993;99.71482559999994;99.69445599999993;99.69811679999997;99.69811679999997;99.14447679999982;99.79996159999992;99.14447679999982;99.14447679999982;99.14447679999982;99.14447679999982;99.70819039999994;99.69445599999993;99.42965119999988;99.42965119999988;99.40928159999987;99.69811679999997;99.79996159999992;99.71482559999994;99.69445599999993;99.69811679999997;99.79996159999992;99.79996159999992;99.79996159999992;
13500.076514666674;100.0;99.79238399999993;99.79238399999993;99.69811679999997;99.69445599999993;99.71482559999994;99.42965119999988;99.69445599999993;99.69811679999997;99.42965119999988;99.79996159999992;99.42965119999988;99.81421439999991;100.0;100.0;100.0;99.42965119999988;99.42965119999988;99.42965119999988;99.42965119999988;99.42965119999988;99.79996159999992;99.42965119999988;99.42965119999988;99.71482559999994;99.69445599999993;99.69811679999997;99.69445599999993;99.69811679999997;100.0;100.0;100.0;99.79996159999992;100.0;100.0;100.0;99.69445599999993;99.69445599999993;99.71482559999994;99.69445599999993;99.69811679999997;99.69811679999997;99.14447679999982;99.79996159999992;99.14447679999982;99.14447679999982;99.14447679999982;99.14447679999982;99.69445599999993;99.69445599999993;99.42965119999988;99.42965119999988;99.40928159999987;99.69811679999997;99.79996159999992;99.71482559999994;99.69445599999993;99.69811679999997;99.79996159999992;99.79996159999992;99.79996159999992;
13500.086514666675;100.0;99.79238399999993;99.79238399999993;99.69811679999997;99.69445599999993;99.71482559999994;99.42965119999988;99.69445599999993;99.69811679999997;99.42965119999988;99.79996159999992;99.42965119999988;99.81421439999991;100.0;100.0;100.0;99.42965119999988;99.42965119999988;99.42965119999988;99.42965119999988;99.42965119999988;99.79996159999992;99.42965119999988;99.42965119999988;99.71482559999994;99.69445599999993;99.69811679999997;99.69445599999993;99.69811679999997;100.0;100.0;100.0;99.79996159999992;100.0;100.0;100.0;99.69445599999993;99.69445599999993;99.71482559999994;99.69445599999993;99.69811679999997;99.69811679999997;99.14447679999982;99.79996159999992;99.14447679999982;99.14447679999982;99.14447679999982;99.14447679999982;99.69445599999993;99.69445599999993;99.42965119999988;99.42965119999988;99.40928159999987;99.69811679999997;99.79996159999992;99.71482559999994;99.69445599999993;99.69811679999997;99.79996159999992;99.79996159999992;99.79996159999992;
13500.100349333341;100.0;99.79238399999993;99.79238399999993;99.69811679999997;99.69445599999993;99.70819039999994;99.42301599999988;99.69445599999993;99.69811679999997;99.42965119999988;99.79996159999992;99.42965119999988;99.81421439999991;100.0;100.0;100.0;99.42965119999988;99.42965119999988;99.42965119999988;99.42965119999988;99.42965119999988;99.79996159999992;99.42965119999988;99.42301599999988;99.70819039999994;99.69445599999993;99.69811679999997;99.69445599999993;99.69811679999997;100.0;100.0;100.0;99.79996159999992;100.0;100.0;100.0;99.69445599999993;99.69445599999993;99.70819039999994;99.69445599999993;99.69811679999997;99.69811679999997;99.14447679999982;99.79996159999992;99.14447679999982;99.14447679999982;99.14447679999982;99.14447679999982;99.69445599999993;99.69445599999993;99.42965119999988;99.42301599999988;99.40928159999987;99.69811679999997;99.79996159999992;99.70819039999994;99.69445599999993;99.69811679999997;99.79996159999992;99.79996159999992;99.79996159999992;
13500.100349333341;100.0;99.79238399999993;99.79238399999993;99.69811679999997;99.69445599999993;99.69445599999993;99.40928159999987;99.69445599999993;99.69811679999997;99.42965119999988;99.79996159999992;99.42965119999988;99.81421439999991;100.0;100.0;100.0;99.42965119999988;99.42965119999988;99.42965119999988;99.42965119999988;99.42965119999988;99.79996159999992;99.42965119999988;99.40928159999987;99.69445599999993;99.69445599999993;99.69811679999997;99.69445599999993;99.69811679999997;100.0;100.0;100.0;99.79996159999992;100.0;100.0;100.0;99.69445599999993;99.69445599999993;99.69445599999993;99.69445599999993;99.69811679999997;99.69811679999997;99.14447679999982;99.79996159999992;99.14447679999982;99.14447679999982;99.14447679999982;99.14447679999982;99.69445599999993;99.69445599999993;99.42965119999988;99.40928159999987;99.40928159999987;99.69811679999997;99.79996159999992;99.69445599999993;99.69445599999993;99.69811679999997;99.79996159999992;99.79996159999992;99.79996159999992;
13500.101438666674;100.0;99.79238399999993;99.79238399999993;99.69811679999997;99.69445599999993;99.69445599999993;99.40928159999987;99.69445599999993;99.69811679999997;99.42965119999988;99.79996159999992;99.42965119999988;99.81421439999991;100.0;100.0;100.0;99.42965119999988;99.42965119999988;99.42965119999988;99.42965119999988;99.42965119999988;99.79996159999992;99.42965119999988;99.40928159999987;99.69445599999993;99.69445599999993;99.69811679999997;99.69445599999993;99.69811679999997;100.0;100.0;100.0;99.79996159999992;100.0;100.0;100.0;99.69445599999993;99.69445599999993;99.69445599999993;99.69445599999993;99.69811679999997;99.69811679999997;99.14447679999982;99.79996159999992;99.14447679999982;99.14447679999982;99.14447679999982;99.13784159999982;99.69445599999993;99.69445599999993;99.42965119999988;99.40928159999987;99.40928159999987;99.69811679999997;99.79996159999992;99.69445599999993;99.69445599999993;99.69811679999997;99.79996159999992;99.79996159999992;99.79996159999992;
13500.101438666674;100.0;99.79238399999993;99.79238399999993;99.69811679999997;99.69445599999993;99.69445599999993;99.40928159999987;99.69445599999993;99.69811679999997;99.42965119999988;99.79996159999992;99.42965119999988;99.81421439999991;100.0;100.0;100.0;99.42965119999988;99.42965119999988;99.42965119999988;99.42965119999988;99.42965119999988;99.79996159999992;99.42965119999988;99.40928159999987;99.69445599999993;99.69445599999993;99.69811679999997;99.69445599999993;99.69811679999997;100.0;100.0;100.0;99.79996159999992;100.0;100.0;100.0;99.69445599999993;99.69445599999993;99.69445599999993;99.69445599999993;99.69811679999997;99.69811679999997;99.14447679999982;99.79996159999992;99.14447679999982;99.14447679999982;99.14447679999982;99.12410719999981;99.69445599999993;99.69445599999993;99.42965119999988;99.40928159999987;99.40928159999987;99.69811679999997;99.79996159999992;99.69445599999993;99.69445599999993;99.69811679999997;99.79996159999992;99.79996159999992;99.79996159999992;
13500.110349333341;100.0;99.79238399999993;99.79238399999993;99.69811679999997;99.69445599999993;99.69445599999993;99.40928159999987;99.69445599999993;99.69811679999997;99.42965119999988;99.79996159999992;99.42965119999988;99.81421439999991;100.0;100.0;100.0;99.42965119999988;99.42965119999988;99.42965119999988;99.42965119999988;99.42965119999988;99.79996159999992;99.42965119999988;99.40928159999987;99.69445599999993;99.69445599999993;99.69811679999997;99.69445599999993;99.69811679999997;100.0;100.0;100.0;99.79996159999992;100.0;100.0;100.0;99.69445599999993;99.69445599999993;99.69445599999993;99.69445599999993;99.69811679999997;99.69811679999997;99.14447679999982;99.79996159999992;99.14447679999982;99.14447679999982;99.14447679999982;99.12410719999981;99.69445599999993;99.69445599999993;99.42965119999988;99.40928159999987;99.40928159999987;99.69811679999997;99.79996159999992;99.69445599999993;99.69445599999993;99.69811679999997;99.79996159999992;99.79996159999992;99.79996159999992;
13500.111438666674;100.0;99.79238399999993;99.79238399999993;99.69811679999997;99.69445599999993;99.69445599999993;99.40928159999987;99.69445599999993;99.69811679999997;99.42965119999988;99.79996159999992;99.42965119999988;99.81421439999991;100.0;100.0;100.0;99.42965119999988;99.42965119999988;99.42965119999988;99.42965119999988;99.42965119999988;99.79996159999992;99.42965119999988;99.40928159999987;99.69445599999993;99.69445599999993;99.69811679999997;99.69445599999993;99.69811679999997;100.0;100.0;100.0;99.79996159999992;100.0;100.0;100.0;99.69445599999993;99.69445599999993;99.69445599999993;99.69445599999993;99.69811679999997;99.69811679999997;99.14447679999982;99.79996159999992;99.14447679999982;99.14447679999982;99.14447679999982;99.12410719999981;99.69445599999993;99.69445599999993;99.42965119999988;99.40928159999987;99.40928159999987;99.69811679999997;99.79996159999992;99.69445599999993;99.69445599999993;99.69811679999997;99.79996159999992;99.79996159999992;99.79996159999992;
13500.12527333334;100.0;99.79238399999993;99.79238399999993;99.69811679999997;99.69445599999993;99.69445599999993;99.40264639999987;99.69445599999993;99.69811679999997;99.42301599999988;99.79996159999992;99.42965119999988;99.81421439999991;100.0;100.0;100.0;99.42965119999988;99.42965119999988;99.42965119999988;99.42965119999988;99.42965119999988;99.79996159999992;99.42301599999988;99.40264639999987;99.69445599999993;99.69445599999993;99.69811679999997;99.69445599999993;99.69811679999997;100.0;100.0;100.0;99.79996159999992;100.0;100.0;100.0;99.69445599999993;99.69445599999993;99.69445599999993;99.69445599999993;99.69811679999997;99.69811679999997;99.14447679999982;99.79996159999992;99.14447679999982;99.14447679999982;99.14447679999982;99.12410719999981;99.69445599999993;99.69445599999993;99.42301599999988;99.40928159999987;99.40264639999987;99.69811679999997;99.79996159999992;99.69445599999993;99.69445599999993;99.69811679999997;99.79996159999992;99.79996159999992;99.79996159999992;
13500.12527333334;100.0;99.79238399999993;99.79238399999993;99.69811679999997;99.69445599999993;99.69445599999993;99.38891199999986;99.69445599999993;99.69811679999997;99.40928159999987;99.79996159999992;99.42965119999988;99.81421439999991;100.0;100.0;100.0;99.42965119999988;99.42965119999988;99.42965119999988;99.42965119999988;99.42965119999988;99.79996159999992;99.40928159999987;99.38891199999986;99.69445599999993;99.69445599999993;99.69811679999997;99.69445599999993;99.69811679999997;100.0;100.0;100.0;99.79996159999992;100.0;100.0;100.0;99.69445599999993;99.69445599999993;99.69445599999993;99.69445599999993;99.69811679999997;99.69811679999997;99.14447679999982;99.79996159999992;99.14447679999982;99.14447679999982;99.14447679999982;99.12410719999981;99.69445599999993;99.69445599999993;99.40928159999987;99.40928159999987;99.38891199999986;99.69811679999997;99.79996159999992;99.69445599999993;99.69445599999993;99.69811679999997;99.79996159999992;99.79996159999992;99.79996159999992;
13500.126362666673;100.0;99.79238399999993;99.79238399999993;99.69811679999997;99.69445599999993;99.69445599999993;99.38891199999986;99.69445599999993;99.69811679999997;99.40928159999987;99.79996159999992;99.42965119999988;99.81421439999991;100.0;100.0;100.0;99.42965119999988;99.42965119999988;99.42965119999988;99.42965119999988;99.42965119999988;99.79996159999992;99.40928159999987;99.38891199999986;99.69445599999993;99.69445599999993;99.69811679999997;99.69445599999993;99.69811679999997;100.0;100.0;100.0;99.79996159999992;100.0;100.0;100.0;99.69445599999993;99.69445599999993;99.69445599999993;99.69445599999993;99.69811679999997;99.69811679999997;99.14447679999982;99.79996159999992;99.14447679999982;99.14447679999982;99.13784159999982;99.12410719999981;99.69445599999993;99.69445599999993;99.40928159999987;99.40928159999987;99.38891199999986;99.69811679999997;99.79996159999992;99.69445599999993;99.69445599999993;99.69811679999997;99.79996159999992;99.79996159999992;99.79996159999992;
13500.126362666673;100.0;99.79238399999993;99.79238399999993;99.69811679999997;99.69445599999993;99.69445599999993;99.38891199999986;99.69445599999993;99.69811679999997;99.40928159999987;99.79996159999992;99.42965119999988;99.81421439999991;100.0;100.0;100.0;99.42965119999988;99.42965119999988;99.42965119999988;99.42965119999988;99.42965119999988;99.79996159999992;99.40928159999987;99.38891199999986;99.69445599999993;99.69445599999993;99.69811679999997;99.69445599999993;99.69811679999997;100.0;100.0;100.0;99.79996159999992;100.0;100.0;100.0;99.69445599999993;99.69445599999993;99.69445599999993;99.69445599999993;99.69811679999997;99.69811679999997;99.14447679999982;99.79996159999992;99.14447679999982;99.14447679999982;99.12410719999981;99.12410719999981;99.69445599999993;99.69445599999993;99.40928159999987;99.40928159999987;99.38891199999986;99.69811679999997;99.79996159999992;99.69445599999993;99.69445599999993;99.69811679999997;99.79996159999992;99.79996159999992;99.79996159999992;
13500.13527333334;100.0;99.79238399999993;99.79238399999993;99.69811679999997;99.69445599999993;99.69445599999993;99.38891199999986;99.69445599999993;99.69811679999997;99.40928159999987;99.79996159999992;99.42965119999988;99.81421439999991;100.0;100.0;100.0;99.42965119999988;99.42965119999988;99.42965119999988;99.42965119999988;99.42965119999988;99.79996159999992;99.40928159999987;99.38891199999986;99.69445599999993;99.69445599999993;99.69811679999997;99.69445599999993;99.69811679999997;100.0;100.0;100.0;99.79996159999992;100.0;100.0;100.0;99.69445599999993;99.69445599999993;99.69445599999993;99.69445599999993;99.69811679999997;99.69811679999997;99.14447679999982;99.79996159999992;99.14447679999982;99.14447679999982;99.12410719999981;99.12410719999981;99.69445599999993;99.69445599999993;99.40928159999987;99.40928159999987;99.38891199999986;99.69811679999997;99.79996159999992;99.69445599999993;99.69445599999993;99.69811679999997;99.79996159999992;99.79996159999992;99.79996159999992;
13500.15019733334;100.0;99.79238399999993;99.79238399999993;99.69811679999997;99.69445599999993;99.69445599999993;99.38891199999986;99.69445599999993;99.69811679999997;99.40264639999987;99.79996159999992;99.42301599999988;99.81421439999991;100.0;100.0;100.0;99.42965119999988;99.42965119999988;99.42965119999988;99.42965119999988;99.42301599999988;99.79996159999992;99.40264639999987;99.38891199999986;99.69445599999993;99.69445599999993;99.69811679999997;99.69445599999993;99.69811679999997;100.0;100.0;100.0;99.79996159999992;100.0;100.0;100.0;99.69445599999993;99.69445599999993;99.69445599999993;99.69445599999993;99.69811679999997;99.69811679999997;99.14447679999982;99.79996159999992;99.14447679999982;99.14447679999982;99.12410719999981;99.11747199999981;99.69445599999993;99.69445599999993;99.40928159999987;99.40264639999987;99.38891199999986;99.69811679999997;99.79996159999992;99.69445599999993;99.69445599999993;99.69811679999997;99.79996159999992;99.79996159999992;99.79996159999992;
13500.15019733334;100.0;99.79238399999993;99.79238399999993;99.69811679999997;99.69445599999993;99.69445599999993;99.38891199999986;99.69445599999993;99.69811679999997;99.38891199999986;99.79996159999992;99.40928159999987;99.81421439999991;100.0;100.0;100.0;99.42965119999988;99.42965119999988;99.42965119999988;99.42965119999988;99.40928159999987;99.79996159999992;99.38891199999986;99.38891199999986;99.69445599999993;99.69445599999993;99.69811679999997;99.69445599999993;99.69811679999997;100.0;100.0;100.0;99.79996159999992;100.0;100.0;100.0;99.69445599999993;99.69445599999993;99.69445599999993;99.69445599999993;99.69811679999997;99.69811679999997;99.14447679999982;99.79996159999992;99.14447679999982;99.14447679999982;99.12410719999981;99.1037375999998;99.69445599999993;99.69445599999993;99.40928159999987;99.38891199999986;99.38891199999986;99.69811679999997;99.79996159999992;99.69445599999993;99.69445599999993;99.69811679999997;99.79996159999992;99.79996159999992;99.79996159999992;
13500.151286666673;100.0;99.79238399999993;99.79238399999993;99.69811679999997;99.69445599999993;99.69445599999993;99.38891199999986;99.69445599999993;99.69811679999997;99.38891199999986;99.79996159999992;99.40928159999987;99.81421439999991;100.0;100.0;100.0;99.42965119999988;99.42965119999988;99.42965119999988;99.42965119999988;99.40928159999987;99.79996159999992;99.38891199999986;99.38891199999986;99.69445599999993;99.69445599999993;99.69811679999997;99.69445599999993;99.69811679999997;100.0;100.0;100.0;99.79996159999992;100.0;100.0;100.0;99.69445599999993;99.69445599999993;99.69445599999993;99.69445599999993;99.69811679999997;99.69811679999997;99.14447679999982;99.79996159999992;99.14447679999982;99.13784159999982;99.12410719999981;99.1037375999998;99.69445599999993;99.69445599999993;99.40928159999987;99.38891199999986;99.38891199999986;99.69811679999997;99.79996159999992;99.69445599999993;99.69445599999993;99.69811679999997;99.79996159999992;99.79996159999992;99.79996159999992;
13500.151286666673;100.0;99.79238399999993;99.79238399999993;99.69811679999997;99.69445599999993;99.69445599999993;99.38891199999986;99.69445599999993;99.69811679999997;99.38891199999986;99.79996159999992;99.40928159999987;99.81421439999991;100.0;100.0;100.0;99.42965119999988;99.42965119999988;99.42965119999988;99.42965119999988;99.40928159999987;99.79996159999992;99.38891199999986;99.38891199999986;99.69445599999993;99.69445599999993;99.69811679999997;99.69445599999993;99.69811679999997;100.0;100.0;100.0;99.79996159999992;100.0;100.0;100.0;99.69445599999993;99.69445599999993;99.69445599999993;99.69445599999993;99.69811679999997;99.69811679999997;99.14447679999982;99.79996159999992;99.14447679999982;99.12410719999981;99.12410719999981;99.1037375999998;99.69445599999993;99.69445599999993;99.40928159999987;99.38891199999986;99.38891199999986;99.69811679999997;99.79996159999992;99.69445599999993;99.69445599999993;99.69811679999997;99.79996159999992;99.79996159999992;99.79996159999992;
13500.16019733334;100.0;99.79238399999993;99.79238399999993;99.69811679999997;99.69445599999993;99.69445599999993;99.38891199999986;99.69445599999993;99.69811679999997;99.38891199999986;99.79996159999992;99.40928159999987;99.81421439999991;100.0;100.0;100.0;99.42965119999988;99.42965119999988;99.42965119999988;99.42965119999988;99.40928159999987;99.79996159999992;99.38891199999986;99.38891199999986;99.69445599999993;99.69445599999993;99.69811679999997;99.69445599999993;99.69811679999997;100.0;100.0;100.0;99.79996159999992;100.0;100.0;100.0;99.69445599999993;99.69445599999993;99.69445599999993;99.69445599999993;99.69811679999997;99.69811679999997;99.14447679999982;99.79996159999992;99.14447679999982;99.12410719999981;99.12410719999981;99.1037375999998;99.69445599999993;99.69445599999993;99.40928159999987;99.38891199999986;99.38891199999986;99.69811679999997;99.79996159999992;99.69445599999993;99.69445599999993;99.69811679999997;99.79996159999992;99.79996159999992;99.79996159999992;
13500.17512133334;100.0;99.79238399999993;99.79238399999993;99.69811679999997;99.69445599999993;99.69445599999993;99.38891199999986;99.69445599999993;99.69811679999997;99.38891199999986;99.79996159999992;99.40264639999987;99.8075791999999;100.0;100.0;100.0;99.42965119999988;99.42965119999988;99.42965119999988;99.42301599999988;99.40264639999987;99.79996159999992;99.38891199999986;99.38891199999986;99.69445599999993;99.69445599999993;99.69811679999997;99.69445599999993;99.69811679999997;100.0;100.0;100.0;99.79996159999992;100.0;100.0;100.0;99.69445599999993;99.69445599999993;99.69445599999993;99.69445599999993;99.69811679999997;99.69811679999997;99.14447679999982;99.79996159999992;99.14447679999982;99.12410719999981;99.11747199999981;99.1037375999998;99.69445599999993;99.69445599999993;99.40264639999987;99.38891199999986;99.38891199999986;99.69811679999997;99.79996159999992;99.69445599999993;99.69445599999993;99.69811679999997;99.79996159999992;99.79996159999992;99.79996159999992;
13500.17512133334;100.0;99.79238399999993;99.79238399999993;99.69811679999997;99.69445599999993;99.69445599999993;99.38891199999986;99.69445599999993;99.69811679999997;99.38891199999986;99.79996159999992;99.38891199999986;99.8075791999999;100.0;100.0;100.0;99.42965119999988;99.42965119999988;99.42965119999988;99.40928159999987;99.38891199999986;99.79996159999992;99.38891199999986;99.38891199999986;99.69445599999993;99.69445599999993;99.69811679999997;99.69445599999993;99.69811679999997;100.0;100.0;100.0;99.79996159999992;100.0;100.0;100.0;99.69445599999993;99.69445599999993;99.69445599999993;99.69445599999993;99.69811679999997;99.69811679999997;99.14447679999982;99.79996159999992;99.14447679999982;99.12410719999981;99.1037375999998;99.1037375999998;99.69445599999993;99.69445599999993;99.38891199999986;99.38891199999986;99.38891199999986;99.69811679999997;99.79996159999992;99.69445599999993;99.69445599999993;99.69811679999997;99.79996159999992;99.79996159999992;99.79996159999992;
13500.176210666672;100.0;99.79238399999993;99.79238399999993;99.69811679999997;99.69445599999993;99.69445599999993;99.38891199999986;99.69445599999993;99.69811679999997;99.38891199999986;99.79996159999992;99.38891199999986;99.8075791999999;100.0;100.0;100.0;99.42965119999988;99.42965119999988;99.42965119999988;99.40928159999987;99.38891199999986;99.79996159999992;99.38891199999986;99.38891199999986;99.69445599999993;99.69445599999993;99.69811679999997;99.69445599999993;99.69811679999997;100.0;100.0;100.0;99.79996159999992;100.0;100.0;100.0;99.69445599999993;99.69445599999993;99.69445599999993;99.69445599999993;99.69811679999997;99.69811679999997;99.14447679999982;99.79996159999992;99.13784159999982;99.12410719999981;99.1037375999998;99.1037375999998;99.69445599999993;99.69445599999993;99.38891199999986;99.38891199999986;99.38891199999986;99.69811679999997;99.79996159999992;99.69445599999993;99.69445599999993;99.69811679999997;99.79996159999992;99.79996159999992;99.79996159999992;
13500.176210666672;100.0;99.79238399999993;99.79238399999993;99.69811679999997;99.69445599999993;99.69445599999993;99.38891199999986;99.69445599999993;99.69811679999997;99.38891199999986;99.79996159999992;99.38891199999986;99.8075791999999;100.0;100.0;100.0;99.42965119999988;99.42965119999988;99.42965119999988;99.40928159999987;99.38891199999986;99.79996159999992;99.38891199999986;99.38891199999986;99.69445599999993;99.69445599999993;99.69811679999997;99.69445599999993;99.69811679999997;100.0;100.0;100.0;99.79996159999992;100.0;100.0;100.0;99.69445599999993;99.69445599999993;99.69445599999993;99.69445599999993;99.69811679999997;99.69811679999997;99.14447679999982;99.79996159999992;99.12410719999981;99.12410719999981;99.1037375999998;99.1037375999998;99.69445599999993;99.69445599999993;99.38891199999986;99.38891199999986;99.38891199999986;99.69811679999997;99.79996159999992;99.69445599999993;99.69445599999993;99.69811679999997;99.79996159999992;99.79996159999992;99.79996159999992;
13500.200045333338;100.0;99.79238399999993;99.79238399999993;99.69811679999997;99.69445599999993;99.69445599999993;99.38891199999986;99.69445599999993;99.69811679999997;99.38891199999986;99.79996159999992;99.38891199999986;99.8009439999999;100.0;100.0;100.0;99.42965119999988;99.42965119999988;99.42301599999988;99.40264639999987;99.38891199999986;99.79996159999992;99.38891199999986;99.38891199999986;99.69445599999993;99.69445599999993;99.69811679999997;99.69445599999993;99.69811679999997;100.0;100.0;100.0;99.79996159999992;100.0;100.0;100.0;99.69445599999993;99.69445599999993;99.69445599999993;99.69445599999993;99.69811679999997;99.69811679999997;99.14447679999982;99.79996159999992;99.12410719999981;99.11747199999981;99.1037375999998;99.0971023999998;99.69445599999993;99.69445599999993;99.38891199999986;99.38891199999986;99.38891199999986;99.69811679999997;99.79996159999992;99.69445599999993;99.69445599999993;99.69811679999997;99.79996159999992;99.79996159999992;99.79996159999992;
13500.200045333338;100.0;99.79238399999993;99.79238399999993;99.69811679999997;99.69445599999993;99.69445599999993;99.38891199999986;99.69445599999993;99.69811679999997;99.38891199999986;99.79996159999992;99.38891199999986;99.8009439999999;100.0;100.0;100.0;99.42965119999988;99.42965119999988;99.40928159999987;99.38891199999986;99.38891199999986;99.79996159999992;99.38891199999986;99.38891199999986;99.69445599999993;99.69445599999993;99.69811679999997;99.69445599999993;99.69811679999997;100.0;100.0;100.0;99.79996159999992;100.0;100.0;100.0;99.69445599999993;99.69445599999993;99.69445599999993;99.69445599999993;99.69811679999997;99.69811679999997;99.14447679999982;99.79996159999992;99.12410719999981;99.1037375999998;99.1037375999998;99.0833679999998;99.69445599999993;99.69445599999993;99.38891199999986;99.38891199999986;99.38891199999986;99.69811679999997;99.79996159999992;99.69445599999993;99.69445599999993;99.69811679999997;99.79996159999992;99.79996159999992;99.79996159999992;
13500.201134666671;100.0;99.79238399999993;99.79238399999993;99.69811679999997;99.69445599999993;99.69445599999993;99.38891199999986;99.69445599999993;99.69811679999997;99.38891199999986;99.79996159999992;99.38891199999986;99.8009439999999;100.0;100.0;100.0;99.42965119999988;99.42965119999988;99.40928159999987;99.38891199999986;99.38891199999986;99.79996159999992;99.38891199999986;99.38891199999986;99.69445599999993;99.69445599999993;99.69811679999997;99.69445599999993;99.69811679999997;100.0;100.0;100.0;99.79996159999992;100.0;100.0;100.0;99.69445599999993;99.69445599999993;99.69445599999993;99.69445599999993;99.69811679999997;99.69811679999997;99.13784159999982;99.79996159999992;99.12410719999981;99.1037375999998;99.1037375999998;99.0833679999998;99.69445599999993;99.69445599999993;99.38891199999986;99.38891199999986;99.38891199999986;99.69811679999997;99.79996159999992;99.69445599999993;99.69445599999993;99.69811679999997;99.79996159999992;99.79996159999992;99.79996159999992;
13500.201134666671;100.0;99.79238399999993;99.79238399999993;99.69811679999997;99.69445599999993;99.69445599999993;99.38891199999986;99.69445599999993;99.69811679999997;99.38891199999986;99.79996159999992;99.38891199999986;99.8009439999999;100.0;100.0;100.0;99.42965119999988;99.42965119999988;99.40928159999987;99.38891199999986;99.38891199999986;99.79996159999992;99.38891199999986;99.38891199999986;99.69445599999993;99.69445599999993;99.69811679999997;99.69445599999993;99.69811679999997;100.0;100.0;100.0;99.79996159999992;100.0;100.0;100.0;99.69445599999993;99.69445599999993;99.69445599999993;99.69445599999993;99.69811679999997;99.69811679999997;99.12410719999981;99.79996159999992;99.12410719999981;99.1037375999998;99.1037375999998;99.0833679999998;99.69445599999993;99.69445599999993;99.38891199999986;99.38891199999986;99.38891199999986;99.69811679999997;99.79996159999992;99.69445599999993;99.69445599999993;99.69811679999997;99.79996159999992;99.79996159999992;99.79996159999992;
13500.210045333339;100.0;99.79238399999993;99.79238399999993;99.69811679999997;99.69445599999993;99.69445599999993;99.38891199999986;99.69445599999993;99.69811679999997;99.38891199999986;99.79996159999992;99.38891199999986;99.8009439999999;100.0;100.0;100.0;99.42965119999988;99.42965119999988;99.40928159999987;99.38891199999986;99.38891199999986;99.79996159999992;99.38891199999986;99.38891199999986;99.69445599999993;99.69445599999993;99.69811679999997;99.69445599999993;99.69811679999997;100.0;100.0;100.0;99.79996159999992;100.0;100.0;100.0;99.69445599999993;99.69445599999993;99.69445599999993;99.69445599999993;99.69811679999997;99.69811679999997;99.12410719999981;99.79996159999992;99.12410719999981;99.1037375999998;99.1037375999998;99.0833679999998;99.69445599999993;99.69445599999993;99.38891199999986;99.38891199999986;99.38891199999986;99.69811679999997;99.79996159999992;99.69445599999993;99.69445599999993;99.69811679999997;99.79996159999992;99.79996159999992;99.79996159999992;
13500.224969333338;100.0;99.79238399999993;99.79238399999993;99.69811679999997;99.69445599999993;99.69445599999993;99.38891199999986;99.69445599999993;99.69811679999997;99.38891199999986;99.79996159999992;99.38891199999986;99.8009439999999;100.0;100.0;100.0;99.42965119999988;99.42301599999988;99.40264639999987;99.38891199999986;99.38891199999986;99.79996159999992;99.38891199999986;99.38891199999986;99.69445599999993;99.69445599999993;99.69811679999997;99.69445599999993;99.69811679999997;100.0;100.0;100.0;99.79996159999992;100.0;100.0;100.0;99.69445599999993;99.69445599999993;99.69445599999993;99.69445599999993;99.69811679999997;99.69811679999997;99.12410719999981;99.79996159999992;99.11747199999981;99.1037375999998;99.0971023999998;99.0833679999998;99.69445599999993;99.69445599999993;99.38891199999986;99.38891199999986;99.38891199999986;99.69811679999997;99.79996159999992;99.69445599999993;99.69445599999993;99.69811679999997;99.79996159999992;99.79996159999992;99.79996159999992;
13500.224969333338;100.0;99.79238399999993;99.79238399999993;99.69811679999997;99.69445599999993;99.69445599999993;99.38891199999986;99.69445599999993;99.69811679999997;99.38891199999986;99.79996159999992;99.38891199999986;99.8009439999999;100.0;100.0;100.0;99.42965119999988;99.40928159999987;99.38891199999986;99.38891199999986;99.38891199999986;99.79996159999992;99.38891199999986;99.38891199999986;99.69445599999993;99.69445599999993;99.69811679999997;99.69445599999993;99.69811679999997;100.0;100.0;100.0;99.79996159999992;100.0;100.0;100.0;99.69445599999993;99.69445599999993;99.69445599999993;99.69445599999993;99.69811679999997;99.69811679999997;99.12410719999981;99.79996159999992;99.1037375999998;99.1037375999998;99.0833679999998;99.0833679999998;99.69445599999993;99.69445599999993;99.38891199999986;99.38891199999986;99.38891199999986;99.69811679999997;99.79996159999992;99.69445599999993;99.69445599999993;99.69811679999997;99.79996159999992;99.79996159999992;99.79996159999992;
13500.22605866667;100.0;99.79238399999993;99.79238399999993;99.69811679999997;99.69445599999993;99.69445599999993;99.38891199999986;99.69445599999993;99.69811679999997;99.38891199999986;99.79996159999992;99.38891199999986;99.8009439999999;100.0;100.0;100.0;99.42965119999988;99.40928159999987;99.38891199999986;99.38891199999986;99.38891199999986;99.79996159999992;99.38891199999986;99.38891199999986;99.69445599999993;99.69445599999993;99.69811679999997;99.69445599999993;99.69811679999997;100.0;100.0;100.0;99.79996159999992;100.0;100.0;100.0;99.69445599999993;99.69445599999993;99.69445599999993;99.69445599999993;99.69811679999997;99.69811679999997;99.12410719999981;99.79996159999992;99.1037375999998;99.1037375999998;99.0833679999998;99.0833679999998;99.69445599999993;99.69445599999993;99.38891199999986;99.38891199999986;99.38891199999986;99.69811679999997;99.79996159999992;99.69445599999993;99.69445599999993;99.69811679999997;99.79996159999992;99.79996159999992;99.79996159999992;
13500.249893333337;100.0;99.79238399999993;99.79238399999993;99.69811679999997;99.69445599999993;99.69445599999993;99.38891199999986;99.69445599999993;99.69811679999997;99.38891199999986;99.79996159999992;99.38891199999986;99.8009439999999;100.0;100.0;100.0;99.42301599999988;99.40264639999987;99.38891199999986;99.38891199999986;99.38891199999986;99.79996159999992;99.38891199999986;99.38891199999986;99.69445599999993;99.69445599999993;99.69811679999997;99.69445599999993;99.69811679999997;100.0;100.0;100.0;99.79996159999992;100.0;100.0;100.0;99.69445599999993;99.69445599999993;99.69445599999993;99.69445599999993;99.69811679999997;99.69811679999997;99.11747199999981;99.79996159999992;99.1037375999998;99.0971023999998;99.0833679999998;99.0833679999998;99.69445599999993;99.69445599999993;99.38891199999986;99.38891199999986;99.38891199999986;99.69811679999997;99.79996159999992;99.69445599999993;99.69445599999993;99.69811679999997;99.79996159999992;99.79996159999992;99.79996159999992;
13500.249893333337;100.0;99.79238399999993;99.79238399999993;99.69811679999997;99.69445599999993;99.69445599999993;99.38891199999986;99.69445599999993;99.69811679999997;99.38891199999986;99.79996159999992;99.38891199999986;99.8009439999999;100.0;100.0;100.0;99.40928159999987;99.38891199999986;99.38891199999986;99.38891199999986;99.38891199999986;99.79996159999992;99.38891199999986;99.38891199999986;99.69445599999993;99.69445599999993;99.69811679999997;99.69445599999993;99.69811679999997;100.0;100.0;100.0;99.79996159999992;100.0;100.0;100.0;99.69445599999993;99.69445599999993;99.69445599999993;99.69445599999993;99.69811679999997;99.69811679999997;99.1037375999998;99.79996159999992;99.1037375999998;99.0833679999998;99.0833679999998;99.0833679999998;99.69445599999993;99.69445599999993;99.38891199999986;99.38891199999986;99.38891199999986;99.69811679999997;99.79996159999992;99.69445599999993;99.69445599999993;99.69811679999997;99.79996159999992;99.79996159999992;99.79996159999992;
13500.274817333337;100.0;99.79238399999993;99.79238399999993;99.69811679999997;99.69445599999993;99.69445599999993;99.38891199999986;99.69445599999993;99.69811679999997;99.38891199999986;99.79996159999992;99.38891199999986;99.8009439999999;100.0;100.0;100.0;99.40264639999987;99.38891199999986;99.38891199999986;99.38891199999986;99.38891199999986;99.79996159999992;99.38891199999986;99.38891199999986;99.69445599999993;99.69445599999993;99.69811679999997;99.69445599999993;99.69811679999997;100.0;100.0;100.0;99.79996159999992;100.0;100.0;100.0;99.69445599999993;99.69445599999993;99.69445599999993;99.69445599999993;99.69811679999997;99.69811679999997;99.1037375999998;99.79996159999992;99.0971023999998;99.0833679999998;99.0833679999998;99.0833679999998;99.69445599999993;99.69445599999993;99.38891199999986;99.38891199999986;99.38891199999986;99.69811679999997;99.79996159999992;99.69445599999993;99.69445599999993;99.69811679999997;99.79996159999992;99.79996159999992;99.79996159999992;
13500.274817333337;100.0;99.79238399999993;99.79238399999993;99.69811679999997;99.69445599999993;99.69445599999993;99.38891199999986;99.69445599999993;99.69811679999997;99.38891199999986;99.79996159999992;99.38891199999986;99.8009439999999;100.0;100.0;100.0;99.38891199999986;99.38891199999986;99.38891199999986;99.38891199999986;99.38891199999986;99.79996159999992;99.38891199999986;99.38891199999986;99.69445599999993;99.69445599999993;99.69811679999997;99.69445599999993;99.69811679999997;100.0;100.0;100.0;99.79996159999992;100.0;100.0;100.0;99.69445599999993;99.69445599999993;99.69445599999993;99.69445599999993;99.69811679999997;99.69811679999997;99.1037375999998;99.79996159999992;99.0833679999998;99.0833679999998;99.0833679999998;99.0833679999998;99.69445599999993;99.69445599999993;99.38891199999986;99.38891199999986;99.38891199999986;99.69811679999997;99.79996159999992;99.69445599999993;99.69445599999993;99.69811679999997;99.79996159999992;99.79996159999992;99.79996159999992;
13500.299741333336;100.0;99.79238399999993;99.79238399999993;99.69811679999997;99.69445599999993;99.69445599999993;99.38891199999986;99.69445599999993;99.69811679999997;99.38891199999986;99.79996159999992;99.38891199999986;99.8009439999999;100.0;100.0;100.0;99.38891199999986;99.38891199999986;99.38891199999986;99.38891199999986;99.38891199999986;99.79996159999992;99.38891199999986;99.38891199999986;99.69445599999993;99.69445599999993;99.69811679999997;99.69445599999993;99.69811679999997;100.0;100.0;100.0;99.79996159999992;100.0;100.0;100.0;99.69445599999993;99.69445599999993;99.69445599999993;99.69445599999993;99.69811679999997;99.69811679999997;99.0971023999998;99.79996159999992;99.0833679999998;99.0833679999998;99.0833679999998;99.0833679999998;99.69445599999993;99.69445599999993;99.38891199999986;99.38891199999986;99.38891199999986;99.69811679999997;99.79996159999992;99.69445599999993;99.69445599999993;99.69811679999997;99.79996159999992;99.79996159999992;99.79996159999992;
13500.299741333336;100.0;99.79238399999993;99.79238399999993;99.69811679999997;99.69445599999993;99.69445599999993;99.38891199999986;99.69445599999993;99.69811679999997;99.38891199999986;99.79996159999992;99.38891199999986;99.8009439999999;100.0;100.0;100.0;99.38891199999986;99.38891199999986;99.38891199999986;99.38891199999986;99.38891199999986;99.79996159999992;99.38891199999986;99.38891199999986;99.69445599999993;99.69445599999993;99.69811679999997;99.69445599999993;99.69811679999997;100.0;100.0;100.0;99.79996159999992;100.0;100.0;100.0;99.69445599999993;99.69445599999993;99.69445599999993;99.69445599999993;99.69811679999997;99.69811679999997;99.0833679999998;99.79996159999992;99.0833679999998;99.0833679999998;99.0833679999998;99.0833679999998;99.69445599999993;99.69445599999993;99.38891199999986;99.38891199999986;99.38891199999986;99.69811679999997;99.79996159999992;99.69445599999993;99.69445599999993;99.69811679999997;99.79996159999992;99.79996159999992;99.79996159999992;
13500.324665333335;100.0;99.79238399999993;99.79238399999993;99.69811679999997;99.69445599999993;99.69445599999993;99.38891199999986;99.69445599999993;99.69811679999997;99.38891199999986;99.79996159999992;99.38891199999986;99.8009439999999;100.0;100.0;100.0;99.38891199999986;99.38891199999986;99.38891199999986;99.38891199999986;99.38891199999986;99.79996159999992;99.38891199999986;99.38891199999986;99.69445599999993;99.69445599999993;99.69811679999997;99.69445599999993;99.69811679999997;100.0;100.0;100.0;99.79996159999992;100.0;100.0;100.0;99.69445599999993;99.69445599999993;99.69445599999993;99.69445599999993;99.69811679999997;99.69811679999997;99.0833679999998;99.79996159999992;99.0833679999998;99.0833679999998;99.0833679999998;99.0833679999998;99.69445599999993;99.69445599999993;99.38891199999986;99.38891199999986;99.38891199999986;99.69811679999997;99.79996159999992;99.69445599999993;99.69445599999993;99.69811679999997;99.79996159999992;99.79996159999992;99.79996159999992;
13800.000000000002;100.0;99.79238399999993;99.79238399999993;99.69811679999997;99.69445599999993;99.69445599999993;99.38891199999986;99.69445599999993;99.69811679999997;99.38891199999986;99.79996159999992;99.38891199999986;99.8009439999999;100.0;100.0;100.0;99.38891199999986;99.38891199999986;99.38891199999986;99.38891199999986;99.38891199999986;99.79996159999992;99.38891199999986;99.38891199999986;99.69445599999993;99.69445599999993;99.69811679999997;99.69445599999993;99.69811679999997;100.0;100.0;100.0;99.79996159999992;100.0;100.0;100.0;99.69445599999993;99.69445599999993;99.69445599999993;99.69445599999993;99.69811679999997;99.69811679999997;99.0833679999998;99.79996159999992;99.0833679999998;99.0833679999998;99.0833679999998;99.0833679999998;99.69445599999993;99.69445599999993;99.38891199999986;99.38891199999986;99.38891199999986;99.69811679999997;99.79996159999992;99.69445599999993;99.69445599999993;99.69811679999997;99.79996159999992;99.79996159999992;99.79996159999992;
