Time (Sec);S100;S1;S10;S11;S12;S13;S14;S15;S16;S17;S18;S19;S2;S20;S21;S22;S23;S24;S25;S26;S27;S28;S29;S3;S30;S32;S33;S34;S35;S36;S37;S38;S39;S4;S40;S41;S5;S6;S7;S8;S9;
0.0;100.0;100.0;100.0;100.0;100.0;100.0;100.0;100.0;100.0;100.0;100.0;100.0;100.0;100.0;100.0;100.0;100.0;100.0;100.0;100.0;100.0;100.0;100.0;100.0;100.0;100.0;100.0;100.0;100.0;100.0;100.0;100.0;100.0;100.0;100.0;100.0;100.0;100.0;100.0;100.0;100.0;
60.0;100.0;99.9999;99.9999;100.0;100.0;100.0;100.0;100.0;100.0;100.0;100.0;100.0;99.9999;100.0;100.0;100.0;100.0;100.0;100.0;100.0;100.0;100.0;100.0;99.9999;100.0;100.0;100.0;100.0;100.0;100.0;100.0;100.0;100.0;99.9999;100.0;100.0;99.9999;99.9999;99.9999;99.9999;99.9999;
120.0;100.0;99.9999;99.9999;100.0;100.0;100.0;100.0;100.0;100.0;100.0;100.0;100.0;99.9999;100.0;100.0;100.0;100.0;100.0;100.0;100.0;100.0;100.0;100.0;99.9999;100.0;100.0;100.0;100.0;100.0;100.0;100.0;100.0;100.0;99.9999;100.0;100.0;99.9999;99.9999;99.9999;99.9999;99.9999;
180.0;100.0;99.9999;99.9999;100.0;100.0;100.0;100.0;100.0;100.0;100.0;100.0;100.0;99.9999;100.0;100.0;100.0;100.0;100.0;100.0;100.0;100.0;100.0;100.0;99.9999;100.0;100.0;100.0;100.0;100.0;100.0;100.0;100.0;100.0;99.9999;100.0;100.0;99.9999;99.9999;99.9999;99.9999;99.9999;
240.0;100.0;99.9999;99.9999;100.0;100.0;100.0;100.0;100.0;100.0;100.0;100.0;100.0;99.9999;100.0;100.0;100.0;100.0;100.0;100.0;100.0;100.0;100.0;100.0;99.9999;100.0;100.0;100.0;100.0;100.0;100.0;100.0;100.0;100.0;99.9999;100.0;100.0;99.9999;99.9999;99.9999;99.9999;99.9999;
300.0;100.0;99.9999;99.9999;100.0;100.0;100.0;100.0;100.0;100.0;100.0;100.0;100.0;99.9999;100.0;100.0;100.0;100.0;100.0;100.0;100.0;100.0;100.0;100.0;99.9999;100.0;100.0;100.0;100.0;100.0;100.0;100.0;100.0;100.0;99.9999;100.0;100.0;99.9999;99.9999;99.9999;99.9999;99.9999;
360.0;100.0;99.9999;99.9999;100.0;100.0;100.0;100.0;100.0;100.0;100.0;100.0;100.0;99.9999;100.0;100.0;100.0;100.0;100.0;100.0;100.0;100.0;100.0;100.0;99.9999;100.0;100.0;100.0;100.0;100.0;100.0;100.0;100.0;100.0;99.9999;100.0;100.0;99.9999;99.9999;99.9999;99.9999;99.9999;
420.0;100.0;99.9999;99.9999;100.0;100.0;100.0;100.0;100.0;100.0;100.0;100.0;100.0;99.9999;100.0;100.0;100.0;100.0;100.0;100.0;100.0;100.0;100.0;100.0;99.9999;100.0;100.0;100.0;100.0;100.0;100.0;100.0;100.0;100.0;99.9999;100.0;100.0;99.9999;99.9999;99.9999;99.9999;99.9999;
480.0;100.0;99.9999;99.9999;100.0;100.0;100.0;100.0;100.0;100.0;100.0;100.0;100.0;99.9999;100.0;100.0;100.0;100.0;100.0;100.0;100.0;100.0;100.0;100.0;99.9999;100.0;100.0;100.0;100.0;100.0;100.0;100.0;100.0;100.0;99.9999;100.0;100.0;99.9999;99.9999;99.9999;99.9999;99.9999;
540.0;100.0;99.9999;99.9999;100.0;100.0;100.0;100.0;100.0;100.0;100.0;100.0;100.0;99.9999;100.0;100.0;100.0;100.0;100.0;100.0;100.0;100.0;100.0;100.0;99.9999;100.0;100.0;100.0;100.0;100.0;100.0;100.0;100.0;100.0;99.9999;100.0;100.0;99.9999;99.9999;99.9999;99.9999;99.9999;
600.0;100.0;99.9999;99.9999;100.0;100.0;100.0;100.0;100.0;100.0;100.0;100.0;100.0;99.9999;100.0;100.0;100.0;100.0;100.0;100.0;100.0;100.0;100.0;100.0;99.9999;100.0;100.0;100.0;100.0;100.0;100.0;100.0;100.0;100.0;99.9999;100.0;100.0;99.9999;99.9999;99.9999;99.9999;99.9999;
660.0;100.0;99.9999;99.9999;100.0;100.0;100.0;100.0;100.0;100.0;100.0;100.0;100.0;99.9999;100.0;100.0;100.0;100.0;100.0;100.0;100.0;100.0;100.0;100.0;99.9999;100.0;100.0;100.0;100.0;100.0;100.0;100.0;100.0;100.0;99.9999;100.0;100.0;99.9999;99.9999;99.9999;99.9999;99.9999;
720.0;100.0;99.9999;99.9999;100.0;100.0;100.0;100.0;100.0;100.0;100.0;100.0;100.0;99.9999;100.0;100.0;100.0;100.0;100.0;100.0;100.0;100.0;100.0;100.0;99.9999;100.0;100.0;100.0;100.0;100.0;100.0;100.0;100.0;100.0;99.9999;100.0;100.0;99.9999;99.9999;99.9999;99.9999;99.9999;
780.0;100.0;99.9999;99.9999;100.0;100.0;100.0;100.0;100.0;100.0;100.0;100.0;100.0;99.9999;100.0;100.0;100.0;100.0;100.0;100.0;100.0;100.0;100.0;100.0;99.9999;100.0;100.0;100.0;100.0;100.0;100.0;100.0;100.0;100.0;99.9999;100.0;100.0;99.9999;99.9999;99.9999;99.9999;99.9999;
840.0;100.0;99.9999;99.9999;100.0;100.0;100.0;100.0;100.0;100.0;100.0;100.0;100.0;99.9999;100.0;100.0;100.0;100.0;100.0;100.0;100.0;100.0;100.0;100.0;99.9999;100.0;100.0;100.0;100.0;100.0;100.0;100.0;100.0;100.0;99.9999;100.0;100.0;99.9999;99.9999;99.9999;99.9999;99.9999;
900.0;100.0;99.9999;99.9999;100.0;100.0;100.0;100.0;100.0;100.0;100.0;100.0;100.0;99.9999;100.0;100.0;100.0;100.0;100.0;100.0;100.0;100.0;100.0;100.0;99.9999;100.0;100.0;100.0;100.0;100.0;100.0;100.0;100.0;100.0;99.9999;100.0;100.0;99.9999;99.9999;99.9999;99.9999;99.9999;
900.0266666666666;100.0;99.9998;99.9998;100.0;100.0;100.0;100.0;100.0;100.0;100.0;100.0;100.0;99.9998;100.0;100.0;100.0;100.0;100.0;100.0;100.0;100.0;100.0;100.0;99.9998;100.0;100.0;100.0;100.0;100.0;100.0;100.0;100.0;100.0;99.9998;100.0;100.0;99.9998;99.9998;99.9998;99.9998;99.9998;
900.0266666666666;100.0;99.98322399999999;99.9998;100.0;100.0;100.0;100.0;100.0;100.0;100.0;100.0;100.0;99.98322399999999;100.0;100.0;100.0;100.0;100.0;100.0;100.0;100.0;100.0;100.0;99.98322399999999;100.0;100.0;100.0;100.0;100.0;100.0;100.0;100.0;100.0;99.98322399999999;100.0;100.0;99.98322399999999;99.98322399999999;99.98322399999999;99.98322399999999;99.98322399999999;
900.0266666666666;100.0;99.98322399999999;99.98275039999999;100.0;100.0;100.0;100.0;100.0;100.0;100.0;100.0;100.0;99.98322399999999;100.0;100.0;100.0;100.0;100.0;100.0;100.0;100.0;100.0;100.0;99.98322399999999;100.0;100.0;100.0;100.0;100.0;100.0;100.0;100.0;100.0;99.98322399999999;100.0;100.0;99.98322399999999;99.98322399999999;99.98322399999999;99.98322399999999;99.98322399999999;
900.0581266666667;100.0;99.98322399999999;99.98275039999999;99.991992;100.0;100.0;100.0;100.0;100.0;100.0;100.0;100.0;99.98322399999999;100.0;100.0;100.0;100.0;100.0;100.0;100.0;100.0;100.0;100.0;99.98322399999999;100.0;99.991992;99.991992;99.991992;99.991992;99.991992;99.991992;99.991992;99.991992;99.98322399999999;100.0;100.0;99.98322399999999;99.98322399999999;99.98322399999999;99.98322399999999;99.98322399999999;
900.0581266666667;100.0;99.98322399999999;99.98275039999999;99.97494239999999;100.0;100.0;100.0;100.0;100.0;100.0;100.0;100.0;99.98322399999999;100.0;100.0;100.0;100.0;100.0;100.0;100.0;100.0;100.0;100.0;99.98322399999999;100.0;99.97494239999999;99.97494239999999;99.97494239999999;99.97494239999999;99.97494239999999;99.97494239999999;99.97494239999999;99.97494239999999;99.98322399999999;100.0;100.0;99.98322399999999;99.98322399999999;99.98322399999999;99.98322399999999;99.98322399999999;
900.059216;100.0;99.98322399999999;99.98275039999999;99.97494239999999;100.0;100.0;100.0;100.0;100.0;100.0;100.0;100.0;99.98322399999999;100.0;100.0;100.0;100.0;100.0;100.0;100.0;100.0;100.0;100.0;99.98322399999999;99.9917632;99.97494239999999;99.97494239999999;99.97494239999999;99.97494239999999;99.97494239999999;99.97494239999999;99.97494239999999;99.97494239999999;99.98322399999999;100.0;100.0;99.98322399999999;99.98322399999999;99.98322399999999;99.98322399999999;99.98322399999999;
900.059216;100.0;99.98322399999999;99.98275039999999;99.97494239999999;100.0;100.0;100.0;100.0;100.0;100.0;100.0;100.0;99.98322399999999;100.0;100.0;100.0;100.0;100.0;100.0;100.0;100.0;100.0;100.0;99.98322399999999;99.97471359999999;99.97494239999999;99.97494239999999;99.97494239999999;99.97494239999999;99.97494239999999;99.97494239999999;99.97494239999999;99.97494239999999;99.98322399999999;100.0;100.0;99.98322399999999;99.98322399999999;99.98322399999999;99.98322399999999;99.98322399999999;
900.0681266666667;100.0;99.98322399999999;99.98275039999999;99.97494239999999;100.0;100.0;100.0;100.0;100.0;100.0;100.0;100.0;99.98322399999999;100.0;100.0;100.0;100.0;100.0;100.0;100.0;100.0;100.0;100.0;99.98322399999999;99.97471359999999;99.97494239999999;99.97494239999999;99.97494239999999;99.97494239999999;99.97494239999999;99.97494239999999;99.97494239999999;99.97494239999999;99.98322399999999;100.0;100.0;99.98322399999999;99.98322399999999;99.98322399999999;99.98322399999999;99.98322399999999;
900.0781266666667;100.0;99.98322399999999;99.98275039999999;99.97494239999999;100.0;100.0;100.0;100.0;100.0;100.0;100.0;100.0;99.98322399999999;100.0;100.0;100.0;100.0;100.0;100.0;100.0;100.0;100.0;100.0;99.98322399999999;99.97471359999999;99.97494239999999;99.97494239999999;99.97494239999999;99.97494239999999;99.97494239999999;99.97494239999999;99.97494239999999;99.97494239999999;99.98322399999999;100.0;100.0;99.98322399999999;99.98322399999999;99.98322399999999;99.98322399999999;99.98322399999999;
900.0881266666667;100.0;99.98322399999999;99.98275039999999;99.97494239999999;100.0;100.0;100.0;100.0;100.0;100.0;100.0;100.0;99.98322399999999;100.0;100.0;100.0;100.0;100.0;100.0;100.0;100.0;100.0;100.0;99.98322399999999;99.97471359999999;99.97494239999999;99.97494239999999;99.97494239999999;99.97494239999999;99.97494239999999;99.97494239999999;99.97494239999999;99.97494239999999;99.98322399999999;100.0;100.0;99.98322399999999;99.98322399999999;99.98322399999999;99.98322399999999;99.98322399999999;
900.090676;100.0;99.98322399999999;99.98275039999999;99.97494239999999;99.9917632;99.9917632;100.0;99.9917632;100.0;99.9917632;100.0;99.9917632;99.98322399999999;100.0;99.9917632;100.0;99.9917632;100.0;100.0;99.9917632;100.0;99.9917632;100.0;99.98322399999999;99.97471359999999;99.97494239999999;99.97494239999999;99.97494239999999;99.97494239999999;99.97494239999999;99.97494239999999;99.97494239999999;99.97494239999999;99.98322399999999;100.0;100.0;99.98322399999999;99.98322399999999;99.98322399999999;99.98322399999999;99.98322399999999;
900.090676;100.0;99.98322399999999;99.98275039999999;99.97494239999999;99.97471359999999;99.97471359999999;100.0;99.97471359999999;100.0;99.97471359999999;100.0;99.97471359999999;99.98322399999999;100.0;99.97471359999999;100.0;99.97471359999999;100.0;100.0;99.97471359999999;100.0;99.97471359999999;100.0;99.98322399999999;99.97471359999999;99.97494239999999;99.97494239999999;99.97494239999999;99.97494239999999;99.97494239999999;99.97494239999999;99.97494239999999;99.97494239999999;99.98322399999999;100.0;100.0;99.98322399999999;99.98322399999999;99.98322399999999;99.98322399999999;99.98322399999999;
900.0917653333333;100.0;99.98322399999999;99.98275039999999;99.97494239999999;99.97471359999999;99.97471359999999;100.0;99.97471359999999;100.0;99.97471359999999;100.0;99.97471359999999;99.98322399999999;100.0;99.97471359999999;100.0;99.97471359999999;100.0;100.0;99.97471359999999;100.0;99.97471359999999;99.9917632;99.98322399999999;99.97471359999999;99.97494239999999;99.97494239999999;99.97494239999999;99.97494239999999;99.97494239999999;99.97494239999999;99.97494239999999;99.97494239999999;99.98322399999999;100.0;100.0;99.98322399999999;99.98322399999999;99.98322399999999;99.98322399999999;99.98322399999999;
900.0917653333333;100.0;99.98322399999999;99.98275039999999;99.97494239999999;99.97471359999999;99.97471359999999;100.0;99.97471359999999;100.0;99.97471359999999;100.0;99.97471359999999;99.98322399999999;100.0;99.97471359999999;100.0;99.97471359999999;100.0;100.0;99.97471359999999;100.0;99.97471359999999;99.97471359999999;99.98322399999999;99.97471359999999;99.97494239999999;99.97494239999999;99.97494239999999;99.97494239999999;99.97494239999999;99.97494239999999;99.97494239999999;99.97494239999999;99.98322399999999;100.0;100.0;99.98322399999999;99.98322399999999;99.98322399999999;99.98322399999999;99.98322399999999;
900.0981266666666;100.0;99.98322399999999;99.98275039999999;99.97494239999999;99.97471359999999;99.97471359999999;100.0;99.97471359999999;100.0;99.97471359999999;100.0;99.97471359999999;99.98322399999999;100.0;99.97471359999999;100.0;99.97471359999999;100.0;100.0;99.97471359999999;100.0;99.97471359999999;99.97471359999999;99.98322399999999;99.97471359999999;99.97494239999999;99.97494239999999;99.97494239999999;99.97494239999999;99.97494239999999;99.97494239999999;99.97494239999999;99.97494239999999;99.98322399999999;100.0;100.0;99.98322399999999;99.98322399999999;99.98322399999999;99.98322399999999;99.98322399999999;
900.1081266666666;100.0;99.98322399999999;99.98275039999999;99.97494239999999;99.97471359999999;99.97471359999999;100.0;99.97471359999999;100.0;99.97471359999999;100.0;99.97471359999999;99.98322399999999;100.0;99.97471359999999;100.0;99.97471359999999;100.0;100.0;99.97471359999999;100.0;99.97471359999999;99.97471359999999;99.98322399999999;99.97471359999999;99.97494239999999;99.97494239999999;99.97494239999999;99.97494239999999;99.97494239999999;99.97494239999999;99.97494239999999;99.97494239999999;99.98322399999999;100.0;100.0;99.98322399999999;99.98322399999999;99.98322399999999;99.98322399999999;99.98322399999999;
900.1181266666666;100.0;99.98322399999999;99.98275039999999;99.97494239999999;99.97471359999999;99.97471359999999;100.0;99.97471359999999;100.0;99.97471359999999;100.0;99.97471359999999;99.98322399999999;100.0;99.97471359999999;100.0;99.97471359999999;100.0;100.0;99.97471359999999;100.0;99.97471359999999;99.97471359999999;99.98322399999999;99.97471359999999;99.97494239999999;99.97494239999999;99.97494239999999;99.97494239999999;99.97494239999999;99.97494239999999;99.97494239999999;99.97494239999999;99.98322399999999;100.0;100.0;99.98322399999999;99.98322399999999;99.98322399999999;99.98322399999999;99.98322399999999;
900.1232253333333;100.0;99.98322399999999;99.98275039999999;99.97494239999999;99.97471359999999;99.96647679999998;99.9917632;99.97471359999999;99.9917632;99.97471359999999;99.9917632;99.97471359999999;99.98322399999999;99.9917632;99.97471359999999;99.9917632;99.97471359999999;100.0;99.9917632;99.97471359999999;99.9917632;99.97471359999999;99.97471359999999;99.98322399999999;99.97471359999999;99.97494239999999;99.97494239999999;99.97494239999999;99.97494239999999;99.97494239999999;99.97494239999999;99.97494239999999;99.97494239999999;99.98322399999999;100.0;100.0;99.98322399999999;99.98322399999999;99.98322399999999;99.98322399999999;99.98322399999999;
900.1232253333333;100.0;99.98322399999999;99.98275039999999;99.97494239999999;99.97471359999999;99.94942719999997;99.97471359999999;99.97471359999999;99.97471359999999;99.97471359999999;99.97471359999999;99.97471359999999;99.98322399999999;99.97471359999999;99.97471359999999;99.97471359999999;99.97471359999999;100.0;99.97471359999999;99.97471359999999;99.97471359999999;99.97471359999999;99.97471359999999;99.98322399999999;99.97471359999999;99.97494239999999;99.97494239999999;99.97494239999999;99.97494239999999;99.97494239999999;99.97494239999999;99.97494239999999;99.97494239999999;99.98322399999999;100.0;100.0;99.98322399999999;99.98322399999999;99.98322399999999;99.98322399999999;99.98322399999999;
900.1243146666666;100.0;99.98322399999999;99.98275039999999;99.97494239999999;99.97471359999999;99.94942719999997;99.97471359999999;99.97471359999999;99.97471359999999;99.97471359999999;99.97471359999999;99.97471359999999;99.98322399999999;99.97471359999999;99.97471359999999;99.97471359999999;99.97471359999999;100.0;99.97471359999999;99.97471359999999;99.97471359999999;99.96647679999998;99.97471359999999;99.98322399999999;99.97471359999999;99.97494239999999;99.97494239999999;99.97494239999999;99.97494239999999;99.97494239999999;99.97494239999999;99.97494239999999;99.97494239999999;99.98322399999999;100.0;100.0;99.98322399999999;99.98322399999999;99.98322399999999;99.98322399999999;99.98322399999999;
900.1243146666666;100.0;99.98322399999999;99.98275039999999;99.97494239999999;99.97471359999999;99.94942719999997;99.97471359999999;99.97471359999999;99.97471359999999;99.97471359999999;99.97471359999999;99.97471359999999;99.98322399999999;99.97471359999999;99.97471359999999;99.97471359999999;99.97471359999999;100.0;99.97471359999999;99.97471359999999;99.97471359999999;99.94942719999997;99.97471359999999;99.98322399999999;99.97471359999999;99.97494239999999;99.97494239999999;99.97494239999999;99.97494239999999;99.97494239999999;99.97494239999999;99.97494239999999;99.97494239999999;99.98322399999999;100.0;100.0;99.98322399999999;99.98322399999999;99.98322399999999;99.98322399999999;99.98322399999999;
900.1281266666666;100.0;99.98322399999999;99.98275039999999;99.97494239999999;99.97471359999999;99.94942719999997;99.97471359999999;99.97471359999999;99.97471359999999;99.97471359999999;99.97471359999999;99.97471359999999;99.98322399999999;99.97471359999999;99.97471359999999;99.97471359999999;99.97471359999999;100.0;99.97471359999999;99.97471359999999;99.97471359999999;99.94942719999997;99.97471359999999;99.98322399999999;99.97471359999999;99.97494239999999;99.97494239999999;99.97494239999999;99.97494239999999;99.97494239999999;99.97494239999999;99.97494239999999;99.97494239999999;99.98322399999999;100.0;100.0;99.98322399999999;99.98322399999999;99.98322399999999;99.98322399999999;99.98322399999999;
900.1332253333333;100.0;99.98322399999999;99.98275039999999;99.97494239999999;99.97471359999999;99.94942719999997;99.97471359999999;99.97471359999999;99.97471359999999;99.97471359999999;99.97471359999999;99.97471359999999;99.98322399999999;99.97471359999999;99.97471359999999;99.97471359999999;99.97471359999999;100.0;99.97471359999999;99.97471359999999;99.97471359999999;99.94942719999997;99.97471359999999;99.98322399999999;99.97471359999999;99.97494239999999;99.97494239999999;99.97494239999999;99.97494239999999;99.97494239999999;99.97494239999999;99.97494239999999;99.97494239999999;99.98322399999999;100.0;100.0;99.98322399999999;99.98322399999999;99.98322399999999;99.98322399999999;99.98322399999999;
900.1381266666666;100.0;99.98322399999999;99.98275039999999;99.97494239999999;99.97471359999999;99.94942719999997;99.97471359999999;99.97471359999999;99.97471359999999;99.97471359999999;99.97471359999999;99.97471359999999;99.98322399999999;99.97471359999999;99.97471359999999;99.97471359999999;99.97471359999999;100.0;99.97471359999999;99.97471359999999;99.97471359999999;99.94942719999997;99.97471359999999;99.98322399999999;99.97471359999999;99.97494239999999;99.97494239999999;99.97494239999999;99.97494239999999;99.97494239999999;99.97494239999999;99.97494239999999;99.97494239999999;99.98322399999999;100.0;100.0;99.98322399999999;99.98322399999999;99.98322399999999;99.98322399999999;99.98322399999999;
900.1492159999999;100.0;99.98322399999999;99.98275039999999;99.97494239999999;99.97471359999999;99.94942719999997;99.97471359999999;99.97471359999999;99.97471359999999;99.97471359999999;99.97471359999999;99.97471359999999;99.98322399999999;99.97471359999999;99.97471359999999;99.97471359999999;99.97471359999999;100.0;99.97471359999999;99.97471359999999;99.97471359999999;99.94942719999997;99.97471359999999;99.98322399999999;99.97471359999999;99.97494239999999;99.97494239999999;99.97494239999999;99.97494239999999;99.97494239999999;99.97494239999999;99.97494239999999;99.97494239999999;99.98322399999999;100.0;100.0;99.98322399999999;99.98322399999999;99.98322399999999;99.98322399999999;99.98322399999999;
900.1557746666666;100.0;99.98322399999999;99.98275039999999;99.97494239999999;99.97471359999999;99.94942719999997;99.96647679999998;99.97471359999999;99.97471359999999;99.96647679999998;99.97471359999999;99.96647679999998;99.98322399999999;99.97471359999999;99.96647679999998;99.97471359999999;99.97471359999999;99.9917632;99.97471359999999;99.96647679999998;99.97471359999999;99.94942719999997;99.97471359999999;99.98322399999999;99.97471359999999;99.97494239999999;99.97494239999999;99.97494239999999;99.97494239999999;99.97494239999999;99.97494239999999;99.97494239999999;99.97494239999999;99.98322399999999;99.9917632;100.0;99.98322399999999;99.98322399999999;99.98322399999999;99.98322399999999;99.98322399999999;
900.1557746666666;100.0;99.98322399999999;99.98275039999999;99.97494239999999;99.97471359999999;99.94942719999997;99.94942719999997;99.97471359999999;99.97471359999999;99.94942719999997;99.97471359999999;99.94942719999997;99.98322399999999;99.97471359999999;99.94942719999997;99.97471359999999;99.97471359999999;99.97471359999999;99.97471359999999;99.94942719999997;99.97471359999999;99.94942719999997;99.97471359999999;99.98322399999999;99.97471359999999;99.97494239999999;99.97494239999999;99.97494239999999;99.97494239999999;99.97494239999999;99.97494239999999;99.97494239999999;99.97494239999999;99.98322399999999;99.97471359999999;100.0;99.98322399999999;99.98322399999999;99.98322399999999;99.98322399999999;99.98322399999999;
900.1568639999999;100.0;99.98322399999999;99.98275039999999;99.97494239999999;99.97471359999999;99.94942719999997;99.94942719999997;99.97471359999999;99.97471359999999;99.94942719999997;99.97471359999999;99.94942719999997;99.98322399999999;99.97471359999999;99.94942719999997;99.97471359999999;99.97471359999999;99.97471359999999;99.97471359999999;99.94942719999997;99.96647679999998;99.94942719999997;99.97471359999999;99.98322399999999;99.97471359999999;99.97494239999999;99.97494239999999;99.97494239999999;99.97494239999999;99.97494239999999;99.97494239999999;99.97494239999999;99.97494239999999;99.98322399999999;99.97471359999999;100.0;99.98322399999999;99.98322399999999;99.98322399999999;99.98322399999999;99.98322399999999;
900.1568639999999;100.0;99.98322399999999;99.98275039999999;99.97494239999999;99.97471359999999;99.94942719999997;99.94942719999997;99.97471359999999;99.97471359999999;99.94942719999997;99.97471359999999;99.94942719999997;99.98322399999999;99.97471359999999;99.94942719999997;99.97471359999999;99.97471359999999;99.97471359999999;99.97471359999999;99.94942719999997;99.94942719999997;99.94942719999997;99.97471359999999;99.98322399999999;99.97471359999999;99.97494239999999;99.97494239999999;99.97494239999999;99.97494239999999;99.97494239999999;99.97494239999999;99.97494239999999;99.97494239999999;99.98322399999999;99.97471359999999;100.0;99.98322399999999;99.98322399999999;99.98322399999999;99.98322399999999;99.98322399999999;
900.188324;100.0;99.98322399999999;99.98275039999999;99.97494239999999;99.97471359999999;99.94942719999997;99.94942719999997;99.97471359999999;99.97471359999999;99.94942719999997;99.96647679999998;99.94942719999997;99.98322399999999;99.96647679999998;99.94942719999997;99.97471359999999;99.96647679999998;99.97471359999999;99.96647679999998;99.94942719999997;99.94942719999997;99.94942719999997;99.97471359999999;99.98322399999999;99.97471359999999;99.97494239999999;99.97494239999999;99.97494239999999;99.97494239999999;99.97494239999999;99.97494239999999;99.97494239999999;99.97494239999999;99.98322399999999;99.97471359999999;99.9917632;99.98322399999999;99.98322399999999;99.98322399999999;99.98322399999999;99.98322399999999;
900.188324;100.0;99.98322399999999;99.98275039999999;99.97494239999999;99.97471359999999;99.94942719999997;99.94942719999997;99.97471359999999;99.97471359999999;99.94942719999997;99.94942719999997;99.94942719999997;99.98322399999999;99.94942719999997;99.94942719999997;99.97471359999999;99.94942719999997;99.97471359999999;99.94942719999997;99.94942719999997;99.94942719999997;99.94942719999997;99.97471359999999;99.98322399999999;99.97471359999999;99.97494239999999;99.97494239999999;99.97494239999999;99.97494239999999;99.97494239999999;99.97494239999999;99.97494239999999;99.97494239999999;99.98322399999999;99.97471359999999;99.97471359999999;99.98322399999999;99.98322399999999;99.98322399999999;99.98322399999999;99.98322399999999;
900.1894133333333;100.0;99.98322399999999;99.98275039999999;99.97494239999999;99.97471359999999;99.94942719999997;99.94942719999997;99.97471359999999;99.97471359999999;99.94942719999997;99.94942719999997;99.94942719999997;99.98322399999999;99.94942719999997;99.94942719999997;99.97471359999999;99.94942719999997;99.97471359999999;99.94942719999997;99.94119039999997;99.94942719999997;99.94942719999997;99.97471359999999;99.98322399999999;99.97471359999999;99.97494239999999;99.97494239999999;99.97494239999999;99.97494239999999;99.97494239999999;99.97494239999999;99.97494239999999;99.97494239999999;99.98322399999999;99.97471359999999;99.97471359999999;99.98322399999999;99.98322399999999;99.98322399999999;99.98322399999999;99.98322399999999;
900.1894133333333;100.0;99.98322399999999;99.98275039999999;99.97494239999999;99.97471359999999;99.94942719999997;99.94942719999997;99.97471359999999;99.97471359999999;99.94942719999997;99.94942719999997;99.94942719999997;99.98322399999999;99.94942719999997;99.94942719999997;99.97471359999999;99.94942719999997;99.97471359999999;99.94942719999997;99.92414079999996;99.94942719999997;99.94942719999997;99.97471359999999;99.98322399999999;99.97471359999999;99.97494239999999;99.97494239999999;99.97494239999999;99.97494239999999;99.97494239999999;99.97494239999999;99.97494239999999;99.97494239999999;99.98322399999999;99.97471359999999;99.97471359999999;99.98322399999999;99.98322399999999;99.98322399999999;99.98322399999999;99.98322399999999;
900.198324;100.0;99.98322399999999;99.98275039999999;99.97494239999999;99.97471359999999;99.94942719999997;99.94942719999997;99.97471359999999;99.97471359999999;99.94942719999997;99.94942719999997;99.94942719999997;99.98322399999999;99.94942719999997;99.94942719999997;99.97471359999999;99.94942719999997;99.97471359999999;99.94942719999997;99.92414079999996;99.94942719999997;99.94942719999997;99.97471359999999;99.98322399999999;99.97471359999999;99.97494239999999;99.97494239999999;99.97494239999999;99.97494239999999;99.97494239999999;99.97494239999999;99.97494239999999;99.97494239999999;99.98322399999999;99.97471359999999;99.97471359999999;99.98322399999999;99.98322399999999;99.98322399999999;99.98322399999999;99.98322399999999;
900.2208733333333;100.0;99.98322399999999;99.98275039999999;99.97494239999999;99.97471359999999;99.94942719999997;99.94942719999997;99.97471359999999;99.97471359999999;99.94942719999997;99.94942719999997;99.94119039999997;99.98322399999999;99.94942719999997;99.94942719999997;99.96647679999998;99.94942719999997;99.96647679999998;99.94942719999997;99.92414079999996;99.94942719999997;99.94942719999997;99.97471359999999;99.98322399999999;99.97471359999999;99.97494239999999;99.97494239999999;99.97494239999999;99.97494239999999;99.97494239999999;99.97494239999999;99.97494239999999;99.97494239999999;99.98322399999999;99.96647679999998;99.97471359999999;99.98322399999999;99.98322399999999;99.98322399999999;99.98322399999999;99.98322399999999;
900.2208733333333;100.0;99.98322399999999;99.98275039999999;99.97494239999999;99.97471359999999;99.94942719999997;99.94942719999997;99.97471359999999;99.97471359999999;99.94942719999997;99.94942719999997;99.92414079999996;99.98322399999999;99.94942719999997;99.94942719999997;99.94942719999997;99.94942719999997;99.94942719999997;99.94942719999997;99.92414079999996;99.94942719999997;99.94942719999997;99.97471359999999;99.98322399999999;99.97471359999999;99.97494239999999;99.97494239999999;99.97494239999999;99.97494239999999;99.97494239999999;99.97494239999999;99.97494239999999;99.97494239999999;99.98322399999999;99.94942719999997;99.97471359999999;99.98322399999999;99.98322399999999;99.98322399999999;99.98322399999999;99.98322399999999;
900.2219626666666;100.0;99.98322399999999;99.98275039999999;99.97494239999999;99.97471359999999;99.94942719999997;99.94942719999997;99.97471359999999;99.97471359999999;99.94942719999997;99.94942719999997;99.92414079999996;99.98322399999999;99.94942719999997;99.94942719999997;99.94942719999997;99.94942719999997;99.94942719999997;99.94119039999997;99.92414079999996;99.94942719999997;99.94942719999997;99.97471359999999;99.98322399999999;99.97471359999999;99.97494239999999;99.97494239999999;99.97494239999999;99.97494239999999;99.97494239999999;99.97494239999999;99.97494239999999;99.97494239999999;99.98322399999999;99.94942719999997;99.97471359999999;99.98322399999999;99.98322399999999;99.98322399999999;99.98322399999999;99.98322399999999;
900.2219626666666;100.0;99.98322399999999;99.98275039999999;99.97494239999999;99.97471359999999;99.94942719999997;99.94942719999997;99.97471359999999;99.97471359999999;99.94942719999997;99.94942719999997;99.92414079999996;99.98322399999999;99.94942719999997;99.94942719999997;99.94942719999997;99.94942719999997;99.94942719999997;99.92414079999996;99.92414079999996;99.94942719999997;99.94942719999997;99.97471359999999;99.98322399999999;99.97471359999999;99.97494239999999;99.97494239999999;99.97494239999999;99.97494239999999;99.97494239999999;99.97494239999999;99.97494239999999;99.97494239999999;99.98322399999999;99.94942719999997;99.97471359999999;99.98322399999999;99.98322399999999;99.98322399999999;99.98322399999999;99.98322399999999;
900.2534226666667;100.0;99.98322399999999;99.98275039999999;99.97494239999999;99.97471359999999;99.94942719999997;99.94942719999997;99.97471359999999;99.97471359999999;99.94942719999997;99.94942719999997;99.92414079999996;99.98322399999999;99.94119039999997;99.94119039999997;99.94942719999997;99.94119039999997;99.94942719999997;99.92414079999996;99.92414079999996;99.94942719999997;99.94942719999997;99.97471359999999;99.98322399999999;99.97471359999999;99.97494239999999;99.97494239999999;99.97494239999999;99.97494239999999;99.97494239999999;99.97494239999999;99.97494239999999;99.97494239999999;99.98322399999999;99.94942719999997;99.96647679999998;99.98322399999999;99.98322399999999;99.98322399999999;99.98322399999999;99.98322399999999;
900.2534226666667;100.0;99.98322399999999;99.98275039999999;99.97494239999999;99.97471359999999;99.94942719999997;99.94942719999997;99.97471359999999;99.97471359999999;99.94942719999997;99.94942719999997;99.92414079999996;99.98322399999999;99.92414079999996;99.92414079999996;99.94942719999997;99.92414079999996;99.94942719999997;99.92414079999996;99.92414079999996;99.94942719999997;99.94942719999997;99.97471359999999;99.98322399999999;99.97471359999999;99.97494239999999;99.97494239999999;99.97494239999999;99.97494239999999;99.97494239999999;99.97494239999999;99.97494239999999;99.97494239999999;99.98322399999999;99.94942719999997;99.94942719999997;99.98322399999999;99.98322399999999;99.98322399999999;99.98322399999999;99.98322399999999;
900.254512;100.0;99.98322399999999;99.98275039999999;99.97494239999999;99.97471359999999;99.94942719999997;99.94942719999997;99.97471359999999;99.97471359999999;99.94942719999997;99.94942719999997;99.92414079999996;99.98322399999999;99.92414079999996;99.92414079999996;99.94942719999997;99.92414079999996;99.94119039999997;99.92414079999996;99.92414079999996;99.94942719999997;99.94942719999997;99.97471359999999;99.98322399999999;99.97471359999999;99.97494239999999;99.97494239999999;99.97494239999999;99.97494239999999;99.97494239999999;99.97494239999999;99.97494239999999;99.97494239999999;99.98322399999999;99.94942719999997;99.94942719999997;99.98322399999999;99.98322399999999;99.98322399999999;99.98322399999999;99.98322399999999;
900.254512;100.0;99.98322399999999;99.98275039999999;99.97494239999999;99.97471359999999;99.94942719999997;99.94942719999997;99.97471359999999;99.97471359999999;99.94942719999997;99.94942719999997;99.92414079999996;99.98322399999999;99.92414079999996;99.92414079999996;99.94942719999997;99.92414079999996;99.92414079999996;99.92414079999996;99.92414079999996;99.94942719999997;99.94942719999997;99.97471359999999;99.98322399999999;99.97471359999999;99.97494239999999;99.97494239999999;99.97494239999999;99.97494239999999;99.97494239999999;99.97494239999999;99.97494239999999;99.97494239999999;99.98322399999999;99.94942719999997;99.94942719999997;99.98322399999999;99.98322399999999;99.98322399999999;99.98322399999999;99.98322399999999;
900.2634226666667;100.0;99.98322399999999;99.98275039999999;99.97494239999999;99.97471359999999;99.94942719999997;99.94942719999997;99.97471359999999;99.97471359999999;99.94942719999997;99.94942719999997;99.92414079999996;99.98322399999999;99.92414079999996;99.92414079999996;99.94942719999997;99.92414079999996;99.92414079999996;99.92414079999996;99.92414079999996;99.94942719999997;99.94942719999997;99.97471359999999;99.98322399999999;99.97471359999999;99.97494239999999;99.97494239999999;99.97494239999999;99.97494239999999;99.97494239999999;99.97494239999999;99.97494239999999;99.97494239999999;99.98322399999999;99.94942719999997;99.94942719999997;99.98322399999999;99.98322399999999;99.98322399999999;99.98322399999999;99.98322399999999;
900.285972;100.0;99.98322399999999;99.98275039999999;99.97494239999999;99.97471359999999;99.94942719999997;99.94942719999997;99.97471359999999;99.97471359999999;99.94942719999997;99.94942719999997;99.92414079999996;99.98322399999999;99.92414079999996;99.92414079999996;99.94119039999997;99.92414079999996;99.92414079999996;99.92414079999996;99.92414079999996;99.94942719999997;99.94942719999997;99.97471359999999;99.98322399999999;99.97471359999999;99.97494239999999;99.97494239999999;99.97494239999999;99.97494239999999;99.97494239999999;99.97494239999999;99.97494239999999;99.97494239999999;99.98322399999999;99.94119039999997;99.94942719999997;99.98322399999999;99.98322399999999;99.98322399999999;99.98322399999999;99.98322399999999;
900.285972;100.0;99.98322399999999;99.98275039999999;99.97494239999999;99.97471359999999;99.94942719999997;99.94942719999997;99.97471359999999;99.97471359999999;99.94942719999997;99.94942719999997;99.92414079999996;99.98322399999999;99.92414079999996;99.92414079999996;99.92414079999996;99.92414079999996;99.92414079999996;99.92414079999996;99.92414079999996;99.94942719999997;99.94942719999997;99.97471359999999;99.98322399999999;99.97471359999999;99.97494239999999;99.97494239999999;99.97494239999999;99.97494239999999;99.97494239999999;99.97494239999999;99.97494239999999;99.97494239999999;99.98322399999999;99.92414079999996;99.94942719999997;99.98322399999999;99.98322399999999;99.98322399999999;99.98322399999999;99.98322399999999;
900.2870613333333;100.0;99.98322399999999;99.98275039999999;99.97494239999999;99.97471359999999;99.94942719999997;99.94942719999997;99.97471359999999;99.97471359999999;99.94942719999997;99.94942719999997;99.92414079999996;99.98322399999999;99.92414079999996;99.92414079999996;99.92414079999996;99.91590399999995;99.92414079999996;99.92414079999996;99.92414079999996;99.94942719999997;99.94942719999997;99.97471359999999;99.98322399999999;99.97471359999999;99.97494239999999;99.97494239999999;99.97494239999999;99.97494239999999;99.97494239999999;99.97494239999999;99.97494239999999;99.97494239999999;99.98322399999999;99.92414079999996;99.94942719999997;99.98322399999999;99.98322399999999;99.98322399999999;99.98322399999999;99.98322399999999;
900.2870613333333;100.0;99.98322399999999;99.98275039999999;99.97494239999999;99.97471359999999;99.94942719999997;99.94942719999997;99.97471359999999;99.97471359999999;99.94942719999997;99.94942719999997;99.92414079999996;99.98322399999999;99.92414079999996;99.92414079999996;99.92414079999996;99.89885439999995;99.92414079999996;99.92414079999996;99.92414079999996;99.94942719999997;99.94942719999997;99.97471359999999;99.98322399999999;99.97471359999999;99.97494239999999;99.97494239999999;99.97494239999999;99.97494239999999;99.97494239999999;99.97494239999999;99.97494239999999;99.97494239999999;99.98322399999999;99.92414079999996;99.94942719999997;99.98322399999999;99.98322399999999;99.98322399999999;99.98322399999999;99.98322399999999;
900.3185213333334;100.0;99.98322399999999;99.98275039999999;99.97494239999999;99.97471359999999;99.94942719999997;99.94942719999997;99.97471359999999;99.97471359999999;99.94942719999997;99.94942719999997;99.92414079999996;99.98322399999999;99.92414079999996;99.91590399999995;99.92414079999996;99.89885439999995;99.92414079999996;99.92414079999996;99.92414079999996;99.94942719999997;99.94942719999997;99.97471359999999;99.98322399999999;99.97471359999999;99.97494239999999;99.97494239999999;99.97494239999999;99.97494239999999;99.97494239999999;99.97494239999999;99.97494239999999;99.97494239999999;99.98322399999999;99.92414079999996;99.94119039999997;99.98322399999999;99.98322399999999;99.98322399999999;99.98322399999999;99.98322399999999;
900.3185213333334;100.0;99.98322399999999;99.98275039999999;99.97494239999999;99.97471359999999;99.94942719999997;99.94942719999997;99.97471359999999;99.97471359999999;99.94942719999997;99.94942719999997;99.92414079999996;99.98322399999999;99.92414079999996;99.89885439999995;99.92414079999996;99.89885439999995;99.92414079999996;99.92414079999996;99.92414079999996;99.94942719999997;99.94942719999997;99.97471359999999;99.98322399999999;99.97471359999999;99.97494239999999;99.97494239999999;99.97494239999999;99.97494239999999;99.97494239999999;99.97494239999999;99.97494239999999;99.97494239999999;99.98322399999999;99.92414079999996;99.92414079999996;99.98322399999999;99.98322399999999;99.98322399999999;99.98322399999999;99.98322399999999;
900.3196106666667;100.0;99.98322399999999;99.98275039999999;99.97494239999999;99.97471359999999;99.94942719999997;99.94942719999997;99.97471359999999;99.97471359999999;99.94942719999997;99.94942719999997;99.92414079999996;99.98322399999999;99.92414079999996;99.89885439999995;99.91590399999995;99.89885439999995;99.92414079999996;99.92414079999996;99.92414079999996;99.94942719999997;99.94942719999997;99.97471359999999;99.98322399999999;99.97471359999999;99.97494239999999;99.97494239999999;99.97494239999999;99.97494239999999;99.97494239999999;99.97494239999999;99.97494239999999;99.97494239999999;99.98322399999999;99.92414079999996;99.92414079999996;99.98322399999999;99.98322399999999;99.98322399999999;99.98322399999999;99.98322399999999;
900.3196106666667;100.0;99.98322399999999;99.98275039999999;99.97494239999999;99.97471359999999;99.94942719999997;99.94942719999997;99.97471359999999;99.97471359999999;99.94942719999997;99.94942719999997;99.92414079999996;99.98322399999999;99.92414079999996;99.89885439999995;99.89885439999995;99.89885439999995;99.92414079999996;99.92414079999996;99.92414079999996;99.94942719999997;99.94942719999997;99.97471359999999;99.98322399999999;99.97471359999999;99.97494239999999;99.97494239999999;99.97494239999999;99.97494239999999;99.97494239999999;99.97494239999999;99.97494239999999;99.97494239999999;99.98322399999999;99.92414079999996;99.92414079999996;99.98322399999999;99.98322399999999;99.98322399999999;99.98322399999999;99.98322399999999;
900.3510706666667;100.0;99.98322399999999;99.98275039999999;99.97494239999999;99.97471359999999;99.94942719999997;99.94942719999997;99.97471359999999;99.97471359999999;99.94942719999997;99.94942719999997;99.92414079999996;99.98322399999999;99.92414079999996;99.89885439999995;99.89885439999995;99.89885439999995;99.92414079999996;99.92414079999996;99.92414079999996;99.94942719999997;99.94942719999997;99.97471359999999;99.98322399999999;99.97471359999999;99.97494239999999;99.97494239999999;99.97494239999999;99.97494239999999;99.97494239999999;99.97494239999999;99.97494239999999;99.97494239999999;99.98322399999999;99.92414079999996;99.92414079999996;99.98322399999999;99.98322399999999;99.98322399999999;99.98322399999999;99.98322399999999;
900.35216;100.0;99.98322399999999;99.98275039999999;99.97494239999999;99.97471359999999;99.94942719999997;99.94942719999997;99.97471359999999;99.97471359999999;99.94942719999997;99.94942719999997;99.92414079999996;99.98322399999999;99.92414079999996;99.89061759999994;99.89885439999995;99.89885439999995;99.92414079999996;99.92414079999996;99.92414079999996;99.94942719999997;99.94942719999997;99.97471359999999;99.98322399999999;99.97471359999999;99.97494239999999;99.97494239999999;99.97494239999999;99.97494239999999;99.97494239999999;99.97494239999999;99.97494239999999;99.97494239999999;99.98322399999999;99.92414079999996;99.92414079999996;99.98322399999999;99.98322399999999;99.98322399999999;99.98322399999999;99.98322399999999;
900.35216;100.0;99.98322399999999;99.98275039999999;99.97494239999999;99.97471359999999;99.94942719999997;99.94942719999997;99.97471359999999;99.97471359999999;99.94942719999997;99.94942719999997;99.92414079999996;99.98322399999999;99.92414079999996;99.87356799999993;99.89885439999995;99.89885439999995;99.92414079999996;99.92414079999996;99.92414079999996;99.94942719999997;99.94942719999997;99.97471359999999;99.98322399999999;99.97471359999999;99.97494239999999;99.97494239999999;99.97494239999999;99.97494239999999;99.97494239999999;99.97494239999999;99.97494239999999;99.97494239999999;99.98322399999999;99.92414079999996;99.92414079999996;99.98322399999999;99.98322399999999;99.98322399999999;99.98322399999999;99.98322399999999;
960.0;100.0;99.98322399999999;99.98275039999999;99.97494239999999;99.97471359999999;99.94942719999997;99.94942719999997;99.97471359999999;99.97471359999999;99.94942719999997;99.94942719999997;99.92414079999996;99.98322399999999;99.92414079999996;99.87356799999993;99.89885439999995;99.89885439999995;99.92414079999996;99.92414079999996;99.92414079999996;99.94942719999997;99.94942719999997;99.97471359999999;99.98322399999999;99.97471359999999;99.97494239999999;99.97494239999999;99.97494239999999;99.97494239999999;99.97494239999999;99.97494239999999;99.97494239999999;99.97494239999999;99.98322399999999;99.92414079999996;99.92414079999996;99.98322399999999;99.98322399999999;99.98322399999999;99.98322399999999;99.98322399999999;
1020.0;100.0;99.98322399999999;99.98275039999999;99.97494239999999;99.97471359999999;99.94942719999997;99.94942719999997;99.97471359999999;99.97471359999999;99.94942719999997;99.94942719999997;99.92414079999996;99.98322399999999;99.92414079999996;99.87356799999993;99.89885439999995;99.89885439999995;99.92414079999996;99.92414079999996;99.92414079999996;99.94942719999997;99.94942719999997;99.97471359999999;99.98322399999999;99.97471359999999;99.97494239999999;99.97494239999999;99.97494239999999;99.97494239999999;99.97494239999999;99.97494239999999;99.97494239999999;99.97494239999999;99.98322399999999;99.92414079999996;99.92414079999996;99.98322399999999;99.98322399999999;99.98322399999999;99.98322399999999;99.98322399999999;
1080.0;100.0;99.98322399999999;99.98275039999999;99.97494239999999;99.97471359999999;99.94942719999997;99.94942719999997;99.97471359999999;99.97471359999999;99.94942719999997;99.94942719999997;99.92414079999996;99.98322399999999;99.92414079999996;99.87356799999993;99.89885439999995;99.89885439999995;99.92414079999996;99.92414079999996;99.92414079999996;99.94942719999997;99.94942719999997;99.97471359999999;99.98322399999999;99.97471359999999;99.97494239999999;99.97494239999999;99.97494239999999;99.97494239999999;99.97494239999999;99.97494239999999;99.97494239999999;99.97494239999999;99.98322399999999;99.92414079999996;99.92414079999996;99.98322399999999;99.98322399999999;99.98322399999999;99.98322399999999;99.98322399999999;
1140.0;100.0;99.98322399999999;99.98275039999999;99.97494239999999;99.97471359999999;99.94942719999997;99.94942719999997;99.97471359999999;99.97471359999999;99.94942719999997;99.94942719999997;99.92414079999996;99.98322399999999;99.92414079999996;99.87356799999993;99.89885439999995;99.89885439999995;99.92414079999996;99.92414079999996;99.92414079999996;99.94942719999997;99.94942719999997;99.97471359999999;99.98322399999999;99.97471359999999;99.97494239999999;99.97494239999999;99.97494239999999;99.97494239999999;99.97494239999999;99.97494239999999;99.97494239999999;99.97494239999999;99.98322399999999;99.92414079999996;99.92414079999996;99.98322399999999;99.98322399999999;99.98322399999999;99.98322399999999;99.98322399999999;
1200.0;100.0;99.98322399999999;99.98275039999999;99.97494239999999;99.97471359999999;99.94942719999997;99.94942719999997;99.97471359999999;99.97471359999999;99.94942719999997;99.94942719999997;99.92414079999996;99.98322399999999;99.92414079999996;99.87356799999993;99.89885439999995;99.89885439999995;99.92414079999996;99.92414079999996;99.92414079999996;99.94942719999997;99.94942719999997;99.97471359999999;99.98322399999999;99.97471359999999;99.97494239999999;99.97494239999999;99.97494239999999;99.97494239999999;99.97494239999999;99.97494239999999;99.97494239999999;99.97494239999999;99.98322399999999;99.92414079999996;99.92414079999996;99.98322399999999;99.98322399999999;99.98322399999999;99.98322399999999;99.98322399999999;
1260.0;100.0;99.98322399999999;99.98275039999999;99.97494239999999;99.97471359999999;99.94942719999997;99.94942719999997;99.97471359999999;99.97471359999999;99.94942719999997;99.94942719999997;99.92414079999996;99.98322399999999;99.92414079999996;99.87356799999993;99.89885439999995;99.89885439999995;99.92414079999996;99.92414079999996;99.92414079999996;99.94942719999997;99.94942719999997;99.97471359999999;99.98322399999999;99.97471359999999;99.97494239999999;99.97494239999999;99.97494239999999;99.97494239999999;99.97494239999999;99.97494239999999;99.97494239999999;99.97494239999999;99.98322399999999;99.92414079999996;99.92414079999996;99.98322399999999;99.98322399999999;99.98322399999999;99.98322399999999;99.98322399999999;
1320.0;100.0;99.98322399999999;99.98275039999999;99.97494239999999;99.97471359999999;99.94942719999997;99.94942719999997;99.97471359999999;99.97471359999999;99.94942719999997;99.94942719999997;99.92414079999996;99.98322399999999;99.92414079999996;99.87356799999993;99.89885439999995;99.89885439999995;99.92414079999996;99.92414079999996;99.92414079999996;99.94942719999997;99.94942719999997;99.97471359999999;99.98322399999999;99.97471359999999;99.97494239999999;99.97494239999999;99.97494239999999;99.97494239999999;99.97494239999999;99.97494239999999;99.97494239999999;99.97494239999999;99.98322399999999;99.92414079999996;99.92414079999996;99.98322399999999;99.98322399999999;99.98322399999999;99.98322399999999;99.98322399999999;
1380.0;100.0;99.98322399999999;99.98275039999999;99.97494239999999;99.97471359999999;99.94942719999997;99.94942719999997;99.97471359999999;99.97471359999999;99.94942719999997;99.94942719999997;99.92414079999996;99.98322399999999;99.92414079999996;99.87356799999993;99.89885439999995;99.89885439999995;99.92414079999996;99.92414079999996;99.92414079999996;99.94942719999997;99.94942719999997;99.97471359999999;99.98322399999999;99.97471359999999;99.97494239999999;99.97494239999999;99.97494239999999;99.97494239999999;99.97494239999999;99.97494239999999;99.97494239999999;99.97494239999999;99.98322399999999;99.92414079999996;99.92414079999996;99.98322399999999;99.98322399999999;99.98322399999999;99.98322399999999;99.98322399999999;
1440.0;100.0;99.98322399999999;99.98275039999999;99.97494239999999;99.97471359999999;99.94942719999997;99.94942719999997;99.97471359999999;99.97471359999999;99.94942719999997;99.94942719999997;99.92414079999996;99.98322399999999;99.92414079999996;99.87356799999993;99.89885439999995;99.89885439999995;99.92414079999996;99.92414079999996;99.92414079999996;99.94942719999997;99.94942719999997;99.97471359999999;99.98322399999999;99.97471359999999;99.97494239999999;99.97494239999999;99.97494239999999;99.97494239999999;99.97494239999999;99.97494239999999;99.97494239999999;99.97494239999999;99.98322399999999;99.92414079999996;99.92414079999996;99.98322399999999;99.98322399999999;99.98322399999999;99.98322399999999;99.98322399999999;
1500.0;100.0;99.98322399999999;99.98275039999999;99.97494239999999;99.97471359999999;99.94942719999997;99.94942719999997;99.97471359999999;99.97471359999999;99.94942719999997;99.94942719999997;99.92414079999996;99.98322399999999;99.92414079999996;99.87356799999993;99.89885439999995;99.89885439999995;99.92414079999996;99.92414079999996;99.92414079999996;99.94942719999997;99.94942719999997;99.97471359999999;99.98322399999999;99.97471359999999;99.97494239999999;99.97494239999999;99.97494239999999;99.97494239999999;99.97494239999999;99.97494239999999;99.97494239999999;99.97494239999999;99.98322399999999;99.92414079999996;99.92414079999996;99.98322399999999;99.98322399999999;99.98322399999999;99.98322399999999;99.98322399999999;
1560.0;100.0;99.98322399999999;99.98275039999999;99.97494239999999;99.97471359999999;99.94942719999997;99.94942719999997;99.97471359999999;99.97471359999999;99.94942719999997;99.94942719999997;99.92414079999996;99.98322399999999;99.92414079999996;99.87356799999993;99.89885439999995;99.89885439999995;99.92414079999996;99.92414079999996;99.92414079999996;99.94942719999997;99.94942719999997;99.97471359999999;99.98322399999999;99.97471359999999;99.97494239999999;99.97494239999999;99.97494239999999;99.97494239999999;99.97494239999999;99.97494239999999;99.97494239999999;99.97494239999999;99.98322399999999;99.92414079999996;99.92414079999996;99.98322399999999;99.98322399999999;99.98322399999999;99.98322399999999;99.98322399999999;
1620.0;100.0;99.98322399999999;99.98275039999999;99.97494239999999;99.97471359999999;99.94942719999997;99.94942719999997;99.97471359999999;99.97471359999999;99.94942719999997;99.94942719999997;99.92414079999996;99.98322399999999;99.92414079999996;99.87356799999993;99.89885439999995;99.89885439999995;99.92414079999996;99.92414079999996;99.92414079999996;99.94942719999997;99.94942719999997;99.97471359999999;99.98322399999999;99.97471359999999;99.97494239999999;99.97494239999999;99.97494239999999;99.97494239999999;99.97494239999999;99.97494239999999;99.97494239999999;99.97494239999999;99.98322399999999;99.92414079999996;99.92414079999996;99.98322399999999;99.98322399999999;99.98322399999999;99.98322399999999;99.98322399999999;
1680.0;100.0;99.98322399999999;99.98275039999999;99.97494239999999;99.97471359999999;99.94942719999997;99.94942719999997;99.97471359999999;99.97471359999999;99.94942719999997;99.94942719999997;99.92414079999996;99.98322399999999;99.92414079999996;99.87356799999993;99.89885439999995;99.89885439999995;99.92414079999996;99.92414079999996;99.92414079999996;99.94942719999997;99.94942719999997;99.97471359999999;99.98322399999999;99.97471359999999;99.97494239999999;99.97494239999999;99.97494239999999;99.97494239999999;99.97494239999999;99.97494239999999;99.97494239999999;99.97494239999999;99.98322399999999;99.92414079999996;99.92414079999996;99.98322399999999;99.98322399999999;99.98322399999999;99.98322399999999;99.98322399999999;
1740.0;100.0;99.98322399999999;99.98275039999999;99.97494239999999;99.97471359999999;99.94942719999997;99.94942719999997;99.97471359999999;99.97471359999999;99.94942719999997;99.94942719999997;99.92414079999996;99.98322399999999;99.92414079999996;99.87356799999993;99.89885439999995;99.89885439999995;99.92414079999996;99.92414079999996;99.92414079999996;99.94942719999997;99.94942719999997;99.97471359999999;99.98322399999999;99.97471359999999;99.97494239999999;99.97494239999999;99.97494239999999;99.97494239999999;99.97494239999999;99.97494239999999;99.97494239999999;99.97494239999999;99.98322399999999;99.92414079999996;99.92414079999996;99.98322399999999;99.98322399999999;99.98322399999999;99.98322399999999;99.98322399999999;
1800.0;100.0;99.98322399999999;99.98275039999999;99.97494239999999;99.97471359999999;99.94942719999997;99.94942719999997;99.97471359999999;99.97471359999999;99.94942719999997;99.94942719999997;99.92414079999996;99.98322399999999;99.92414079999996;99.87356799999993;99.89885439999995;99.89885439999995;99.92414079999996;99.92414079999996;99.92414079999996;99.94942719999997;99.94942719999997;99.97471359999999;99.98322399999999;99.97471359999999;99.97494239999999;99.97494239999999;99.97494239999999;99.97494239999999;99.97494239999999;99.97494239999999;99.97494239999999;99.97494239999999;99.98322399999999;99.92414079999996;99.92414079999996;99.98322399999999;99.98322399999999;99.98322399999999;99.98322399999999;99.98322399999999;
1800.0266666666666;100.0;99.98312399999999;99.98265039999998;99.97494239999999;99.97471359999999;99.94942719999997;99.94942719999997;99.97471359999999;99.97471359999999;99.94942719999997;99.94942719999997;99.92414079999996;99.98312399999999;99.92414079999996;99.87356799999993;99.89885439999995;99.89885439999995;99.92414079999996;99.92414079999996;99.92414079999996;99.94942719999997;99.94942719999997;99.97471359999999;99.98312399999999;99.97471359999999;99.97494239999999;99.97494239999999;99.97494239999999;99.97494239999999;99.97494239999999;99.97494239999999;99.97494239999999;99.97494239999999;99.98312399999999;99.92414079999996;99.92414079999996;99.98312399999999;99.98312399999999;99.98312399999999;99.98312399999999;99.98312399999999;
1860.0;100.0;99.98312399999999;99.98265039999998;99.97494239999999;99.97471359999999;99.94942719999997;99.94942719999997;99.97471359999999;99.97471359999999;99.94942719999997;99.94942719999997;99.92414079999996;99.98312399999999;99.92414079999996;99.87356799999993;99.89885439999995;99.89885439999995;99.92414079999996;99.92414079999996;99.92414079999996;99.94942719999997;99.94942719999997;99.97471359999999;99.98312399999999;99.97471359999999;99.97494239999999;99.97494239999999;99.97494239999999;99.97494239999999;99.97494239999999;99.97494239999999;99.97494239999999;99.97494239999999;99.98312399999999;99.92414079999996;99.92414079999996;99.98312399999999;99.98312399999999;99.98312399999999;99.98312399999999;99.98312399999999;
1920.0;100.0;99.98312399999999;99.98265039999998;99.97494239999999;99.97471359999999;99.94942719999997;99.94942719999997;99.97471359999999;99.97471359999999;99.94942719999997;99.94942719999997;99.92414079999996;99.98312399999999;99.92414079999996;99.87356799999993;99.89885439999995;99.89885439999995;99.92414079999996;99.92414079999996;99.92414079999996;99.94942719999997;99.94942719999997;99.97471359999999;99.98312399999999;99.97471359999999;99.97494239999999;99.97494239999999;99.97494239999999;99.97494239999999;99.97494239999999;99.97494239999999;99.97494239999999;99.97494239999999;99.98312399999999;99.92414079999996;99.92414079999996;99.98312399999999;99.98312399999999;99.98312399999999;99.98312399999999;99.98312399999999;
1980.0;100.0;99.98312399999999;99.98265039999998;99.97494239999999;99.97471359999999;99.94942719999997;99.94942719999997;99.97471359999999;99.97471359999999;99.94942719999997;99.94942719999997;99.92414079999996;99.98312399999999;99.92414079999996;99.87356799999993;99.89885439999995;99.89885439999995;99.92414079999996;99.92414079999996;99.92414079999996;99.94942719999997;99.94942719999997;99.97471359999999;99.98312399999999;99.97471359999999;99.97494239999999;99.97494239999999;99.97494239999999;99.97494239999999;99.97494239999999;99.97494239999999;99.97494239999999;99.97494239999999;99.98312399999999;99.92414079999996;99.92414079999996;99.98312399999999;99.98312399999999;99.98312399999999;99.98312399999999;99.98312399999999;
2040.0;100.0;99.98312399999999;99.98265039999998;99.97494239999999;99.97471359999999;99.94942719999997;99.94942719999997;99.97471359999999;99.97471359999999;99.94942719999997;99.94942719999997;99.92414079999996;99.98312399999999;99.92414079999996;99.87356799999993;99.89885439999995;99.89885439999995;99.92414079999996;99.92414079999996;99.92414079999996;99.94942719999997;99.94942719999997;99.97471359999999;99.98312399999999;99.97471359999999;99.97494239999999;99.97494239999999;99.97494239999999;99.97494239999999;99.97494239999999;99.97494239999999;99.97494239999999;99.97494239999999;99.98312399999999;99.92414079999996;99.92414079999996;99.98312399999999;99.98312399999999;99.98312399999999;99.98312399999999;99.98312399999999;
2100.0;100.0;99.98312399999999;99.98265039999998;99.97494239999999;99.97471359999999;99.94942719999997;99.94942719999997;99.97471359999999;99.97471359999999;99.94942719999997;99.94942719999997;99.92414079999996;99.98312399999999;99.92414079999996;99.87356799999993;99.89885439999995;99.89885439999995;99.92414079999996;99.92414079999996;99.92414079999996;99.94942719999997;99.94942719999997;99.97471359999999;99.98312399999999;99.97471359999999;99.97494239999999;99.97494239999999;99.97494239999999;99.97494239999999;99.97494239999999;99.97494239999999;99.97494239999999;99.97494239999999;99.98312399999999;99.92414079999996;99.92414079999996;99.98312399999999;99.98312399999999;99.98312399999999;99.98312399999999;99.98312399999999;
2160.0;100.0;99.98312399999999;99.98265039999998;99.97494239999999;99.97471359999999;99.94942719999997;99.94942719999997;99.97471359999999;99.97471359999999;99.94942719999997;99.94942719999997;99.92414079999996;99.98312399999999;99.92414079999996;99.87356799999993;99.89885439999995;99.89885439999995;99.92414079999996;99.92414079999996;99.92414079999996;99.94942719999997;99.94942719999997;99.97471359999999;99.98312399999999;99.97471359999999;99.97494239999999;99.97494239999999;99.97494239999999;99.97494239999999;99.97494239999999;99.97494239999999;99.97494239999999;99.97494239999999;99.98312399999999;99.92414079999996;99.92414079999996;99.98312399999999;99.98312399999999;99.98312399999999;99.98312399999999;99.98312399999999;
2220.0;100.0;99.98312399999999;99.98265039999998;99.97494239999999;99.97471359999999;99.94942719999997;99.94942719999997;99.97471359999999;99.97471359999999;99.94942719999997;99.94942719999997;99.92414079999996;99.98312399999999;99.92414079999996;99.87356799999993;99.89885439999995;99.89885439999995;99.92414079999996;99.92414079999996;99.92414079999996;99.94942719999997;99.94942719999997;99.97471359999999;99.98312399999999;99.97471359999999;99.97494239999999;99.97494239999999;99.97494239999999;99.97494239999999;99.97494239999999;99.97494239999999;99.97494239999999;99.97494239999999;99.98312399999999;99.92414079999996;99.92414079999996;99.98312399999999;99.98312399999999;99.98312399999999;99.98312399999999;99.98312399999999;
2280.0;100.0;99.98312399999999;99.98265039999998;99.97494239999999;99.97471359999999;99.94942719999997;99.94942719999997;99.97471359999999;99.97471359999999;99.94942719999997;99.94942719999997;99.92414079999996;99.98312399999999;99.92414079999996;99.87356799999993;99.89885439999995;99.89885439999995;99.92414079999996;99.92414079999996;99.92414079999996;99.94942719999997;99.94942719999997;99.97471359999999;99.98312399999999;99.97471359999999;99.97494239999999;99.97494239999999;99.97494239999999;99.97494239999999;99.97494239999999;99.97494239999999;99.97494239999999;99.97494239999999;99.98312399999999;99.92414079999996;99.92414079999996;99.98312399999999;99.98312399999999;99.98312399999999;99.98312399999999;99.98312399999999;
2340.0;100.0;99.98312399999999;99.98265039999998;99.97494239999999;99.97471359999999;99.94942719999997;99.94942719999997;99.97471359999999;99.97471359999999;99.94942719999997;99.94942719999997;99.92414079999996;99.98312399999999;99.92414079999996;99.87356799999993;99.89885439999995;99.89885439999995;99.92414079999996;99.92414079999996;99.92414079999996;99.94942719999997;99.94942719999997;99.97471359999999;99.98312399999999;99.97471359999999;99.97494239999999;99.97494239999999;99.97494239999999;99.97494239999999;99.97494239999999;99.97494239999999;99.97494239999999;99.97494239999999;99.98312399999999;99.92414079999996;99.92414079999996;99.98312399999999;99.98312399999999;99.98312399999999;99.98312399999999;99.98312399999999;
2400.0;100.0;99.98312399999999;99.98265039999998;99.97494239999999;99.97471359999999;99.94942719999997;99.94942719999997;99.97471359999999;99.97471359999999;99.94942719999997;99.94942719999997;99.92414079999996;99.98312399999999;99.92414079999996;99.87356799999993;99.89885439999995;99.89885439999995;99.92414079999996;99.92414079999996;99.92414079999996;99.94942719999997;99.94942719999997;99.97471359999999;99.98312399999999;99.97471359999999;99.97494239999999;99.97494239999999;99.97494239999999;99.97494239999999;99.97494239999999;99.97494239999999;99.97494239999999;99.97494239999999;99.98312399999999;99.92414079999996;99.92414079999996;99.98312399999999;99.98312399999999;99.98312399999999;99.98312399999999;99.98312399999999;
2460.0;100.0;99.98312399999999;99.98265039999998;99.97494239999999;99.97471359999999;99.94942719999997;99.94942719999997;99.97471359999999;99.97471359999999;99.94942719999997;99.94942719999997;99.92414079999996;99.98312399999999;99.92414079999996;99.87356799999993;99.89885439999995;99.89885439999995;99.92414079999996;99.92414079999996;99.92414079999996;99.94942719999997;99.94942719999997;99.97471359999999;99.98312399999999;99.97471359999999;99.97494239999999;99.97494239999999;99.97494239999999;99.97494239999999;99.97494239999999;99.97494239999999;99.97494239999999;99.97494239999999;99.98312399999999;99.92414079999996;99.92414079999996;99.98312399999999;99.98312399999999;99.98312399999999;99.98312399999999;99.98312399999999;
2520.0;100.0;99.98312399999999;99.98265039999998;99.97494239999999;99.97471359999999;99.94942719999997;99.94942719999997;99.97471359999999;99.97471359999999;99.94942719999997;99.94942719999997;99.92414079999996;99.98312399999999;99.92414079999996;99.87356799999993;99.89885439999995;99.89885439999995;99.92414079999996;99.92414079999996;99.92414079999996;99.94942719999997;99.94942719999997;99.97471359999999;99.98312399999999;99.97471359999999;99.97494239999999;99.97494239999999;99.97494239999999;99.97494239999999;99.97494239999999;99.97494239999999;99.97494239999999;99.97494239999999;99.98312399999999;99.92414079999996;99.92414079999996;99.98312399999999;99.98312399999999;99.98312399999999;99.98312399999999;99.98312399999999;
2580.0;100.0;99.98312399999999;99.98265039999998;99.97494239999999;99.97471359999999;99.94942719999997;99.94942719999997;99.97471359999999;99.97471359999999;99.94942719999997;99.94942719999997;99.92414079999996;99.98312399999999;99.92414079999996;99.87356799999993;99.89885439999995;99.89885439999995;99.92414079999996;99.92414079999996;99.92414079999996;99.94942719999997;99.94942719999997;99.97471359999999;99.98312399999999;99.97471359999999;99.97494239999999;99.97494239999999;99.97494239999999;99.97494239999999;99.97494239999999;99.97494239999999;99.97494239999999;99.97494239999999;99.98312399999999;99.92414079999996;99.92414079999996;99.98312399999999;99.98312399999999;99.98312399999999;99.98312399999999;99.98312399999999;
2640.0;100.0;99.98312399999999;99.98265039999998;99.97494239999999;99.97471359999999;99.94942719999997;99.94942719999997;99.97471359999999;99.97471359999999;99.94942719999997;99.94942719999997;99.92414079999996;99.98312399999999;99.92414079999996;99.87356799999993;99.89885439999995;99.89885439999995;99.92414079999996;99.92414079999996;99.92414079999996;99.94942719999997;99.94942719999997;99.97471359999999;99.98312399999999;99.97471359999999;99.97494239999999;99.97494239999999;99.97494239999999;99.97494239999999;99.97494239999999;99.97494239999999;99.97494239999999;99.97494239999999;99.98312399999999;99.92414079999996;99.92414079999996;99.98312399999999;99.98312399999999;99.98312399999999;99.98312399999999;99.98312399999999;
2700.0;100.0;99.98312399999999;99.98265039999998;99.97494239999999;99.97471359999999;99.94942719999997;99.94942719999997;99.97471359999999;99.97471359999999;99.94942719999997;99.94942719999997;99.92414079999996;99.98312399999999;99.92414079999996;99.87356799999993;99.89885439999995;99.89885439999995;99.92414079999996;99.92414079999996;99.92414079999996;99.94942719999997;99.94942719999997;99.97471359999999;99.98312399999999;99.97471359999999;99.97494239999999;99.97494239999999;99.97494239999999;99.97494239999999;99.97494239999999;99.97494239999999;99.97494239999999;99.97494239999999;99.98312399999999;99.92414079999996;99.92414079999996;99.98312399999999;99.98312399999999;99.98312399999999;99.98312399999999;99.98312399999999;
2700.0266666666666;100.0;99.98302399999999;99.98255039999998;99.97494239999999;99.97471359999999;99.94942719999997;99.94942719999997;99.97471359999999;99.97471359999999;99.94942719999997;99.94942719999997;99.92414079999996;99.98302399999999;99.92414079999996;99.87356799999993;99.89885439999995;99.89885439999995;99.92414079999996;99.92414079999996;99.92414079999996;99.94942719999997;99.94942719999997;99.97471359999999;99.98302399999999;99.97471359999999;99.97494239999999;99.97494239999999;99.97494239999999;99.97494239999999;99.97494239999999;99.97494239999999;99.97494239999999;99.97494239999999;99.98302399999999;99.92414079999996;99.92414079999996;99.98302399999999;99.98302399999999;99.98302399999999;99.98302399999999;99.98302399999999;
2700.0266666666666;100.0;99.96644799999999;99.98255039999998;99.97494239999999;99.97471359999999;99.94942719999997;99.94942719999997;99.97471359999999;99.97471359999999;99.94942719999997;99.94942719999997;99.92414079999996;99.96644799999999;99.92414079999996;99.87356799999993;99.89885439999995;99.89885439999995;99.92414079999996;99.92414079999996;99.92414079999996;99.94942719999997;99.94942719999997;99.97471359999999;99.96644799999999;99.97471359999999;99.97494239999999;99.97494239999999;99.97494239999999;99.97494239999999;99.97494239999999;99.97494239999999;99.97494239999999;99.97494239999999;99.96644799999999;99.92414079999996;99.92414079999996;99.96644799999999;99.96644799999999;99.96644799999999;99.96644799999999;99.96644799999999;
2700.0266666666666;100.0;99.96644799999999;99.96550079999997;99.97494239999999;99.97471359999999;99.94942719999997;99.94942719999997;99.97471359999999;99.97471359999999;99.94942719999997;99.94942719999997;99.92414079999996;99.96644799999999;99.92414079999996;99.87356799999993;99.89885439999995;99.89885439999995;99.92414079999996;99.92414079999996;99.92414079999996;99.94942719999997;99.94942719999997;99.97471359999999;99.96644799999999;99.97471359999999;99.97494239999999;99.97494239999999;99.97494239999999;99.97494239999999;99.97494239999999;99.97494239999999;99.97494239999999;99.97494239999999;99.96644799999999;99.92414079999996;99.92414079999996;99.96644799999999;99.96644799999999;99.96644799999999;99.96644799999999;99.96644799999999;
2700.058126666667;100.0;99.96644799999999;99.96550079999997;99.96693439999999;99.97471359999999;99.94942719999997;99.94942719999997;99.97471359999999;99.97471359999999;99.94942719999997;99.94942719999997;99.92414079999996;99.96644799999999;99.92414079999996;99.87356799999993;99.89885439999995;99.89885439999995;99.92414079999996;99.92414079999996;99.92414079999996;99.94942719999997;99.94942719999997;99.97471359999999;99.96644799999999;99.97471359999999;99.96693439999999;99.96693439999999;99.96693439999999;99.96693439999999;99.96693439999999;99.96693439999999;99.96693439999999;99.96693439999999;99.96644799999999;99.92414079999996;99.92414079999996;99.96644799999999;99.96644799999999;99.96644799999999;99.96644799999999;99.96644799999999;
2700.058126666667;100.0;99.96644799999999;99.96550079999997;99.94988479999998;99.97471359999999;99.94942719999997;99.94942719999997;99.97471359999999;99.97471359999999;99.94942719999997;99.94942719999997;99.92414079999996;99.96644799999999;99.92414079999996;99.87356799999993;99.89885439999995;99.89885439999995;99.92414079999996;99.92414079999996;99.92414079999996;99.94942719999997;99.94942719999997;99.97471359999999;99.96644799999999;99.97471359999999;99.94988479999998;99.94988479999998;99.94988479999998;99.94988479999998;99.94988479999998;99.94988479999998;99.94988479999998;99.94988479999998;99.96644799999999;99.92414079999996;99.92414079999996;99.96644799999999;99.96644799999999;99.96644799999999;99.96644799999999;99.96644799999999;
2700.059216;100.0;99.96644799999999;99.96550079999997;99.94988479999998;99.97471359999999;99.94942719999997;99.94942719999997;99.97471359999999;99.97471359999999;99.94942719999997;99.94942719999997;99.92414079999996;99.96644799999999;99.92414079999996;99.87356799999993;99.89885439999995;99.89885439999995;99.92414079999996;99.92414079999996;99.92414079999996;99.94942719999997;99.94942719999997;99.97471359999999;99.96644799999999;99.96647679999998;99.94988479999998;99.94988479999998;99.94988479999998;99.94988479999998;99.94988479999998;99.94988479999998;99.94988479999998;99.94988479999998;99.96644799999999;99.92414079999996;99.92414079999996;99.96644799999999;99.96644799999999;99.96644799999999;99.96644799999999;99.96644799999999;
2700.059216;100.0;99.96644799999999;99.96550079999997;99.94988479999998;99.97471359999999;99.94942719999997;99.94942719999997;99.97471359999999;99.97471359999999;99.94942719999997;99.94942719999997;99.92414079999996;99.96644799999999;99.92414079999996;99.87356799999993;99.89885439999995;99.89885439999995;99.92414079999996;99.92414079999996;99.92414079999996;99.94942719999997;99.94942719999997;99.97471359999999;99.96644799999999;99.94942719999997;99.94988479999998;99.94988479999998;99.94988479999998;99.94988479999998;99.94988479999998;99.94988479999998;99.94988479999998;99.94988479999998;99.96644799999999;99.92414079999996;99.92414079999996;99.96644799999999;99.96644799999999;99.96644799999999;99.96644799999999;99.96644799999999;
2700.0681266666666;100.0;99.96644799999999;99.96550079999997;99.94988479999998;99.97471359999999;99.94942719999997;99.94942719999997;99.97471359999999;99.97471359999999;99.94942719999997;99.94942719999997;99.92414079999996;99.96644799999999;99.92414079999996;99.87356799999993;99.89885439999995;99.89885439999995;99.92414079999996;99.92414079999996;99.92414079999996;99.94942719999997;99.94942719999997;99.97471359999999;99.96644799999999;99.94942719999997;99.94988479999998;99.94988479999998;99.94988479999998;99.94988479999998;99.94988479999998;99.94988479999998;99.94988479999998;99.94988479999998;99.96644799999999;99.92414079999996;99.92414079999996;99.96644799999999;99.96644799999999;99.96644799999999;99.96644799999999;99.96644799999999;
2700.078126666667;100.0;99.96644799999999;99.96550079999997;99.94988479999998;99.97471359999999;99.94942719999997;99.94942719999997;99.97471359999999;99.97471359999999;99.94942719999997;99.94942719999997;99.92414079999996;99.96644799999999;99.92414079999996;99.87356799999993;99.89885439999995;99.89885439999995;99.92414079999996;99.92414079999996;99.92414079999996;99.94942719999997;99.94942719999997;99.97471359999999;99.96644799999999;99.94942719999997;99.94988479999998;99.94988479999998;99.94988479999998;99.94988479999998;99.94988479999998;99.94988479999998;99.94988479999998;99.94988479999998;99.96644799999999;99.92414079999996;99.92414079999996;99.96644799999999;99.96644799999999;99.96644799999999;99.96644799999999;99.96644799999999;
2700.088126666667;100.0;99.96644799999999;99.96550079999997;99.94988479999998;99.97471359999999;99.94942719999997;99.94942719999997;99.97471359999999;99.97471359999999;99.94942719999997;99.94942719999997;99.92414079999996;99.96644799999999;99.92414079999996;99.87356799999993;99.89885439999995;99.89885439999995;99.92414079999996;99.92414079999996;99.92414079999996;99.94942719999997;99.94942719999997;99.97471359999999;99.96644799999999;99.94942719999997;99.94988479999998;99.94988479999998;99.94988479999998;99.94988479999998;99.94988479999998;99.94988479999998;99.94988479999998;99.94988479999998;99.96644799999999;99.92414079999996;99.92414079999996;99.96644799999999;99.96644799999999;99.96644799999999;99.96644799999999;99.96644799999999;
2700.0906760000003;100.0;99.96644799999999;99.96550079999997;99.94988479999998;99.96647679999998;99.94119039999997;99.94942719999997;99.96647679999998;99.97471359999999;99.94119039999997;99.94942719999997;99.91590399999995;99.96644799999999;99.92414079999996;99.86533119999993;99.89885439999995;99.89061759999994;99.92414079999996;99.92414079999996;99.91590399999995;99.94942719999997;99.94119039999997;99.97471359999999;99.96644799999999;99.94942719999997;99.94988479999998;99.94988479999998;99.94988479999998;99.94988479999998;99.94988479999998;99.94988479999998;99.94988479999998;99.94988479999998;99.96644799999999;99.92414079999996;99.92414079999996;99.96644799999999;99.96644799999999;99.96644799999999;99.96644799999999;99.96644799999999;
2700.0906760000003;100.0;99.96644799999999;99.96550079999997;99.94988479999998;99.94942719999997;99.92414079999996;99.94942719999997;99.94942719999997;99.97471359999999;99.92414079999996;99.94942719999997;99.89885439999995;99.96644799999999;99.92414079999996;99.84828159999992;99.89885439999995;99.87356799999993;99.92414079999996;99.92414079999996;99.89885439999995;99.94942719999997;99.92414079999996;99.97471359999999;99.96644799999999;99.94942719999997;99.94988479999998;99.94988479999998;99.94988479999998;99.94988479999998;99.94988479999998;99.94988479999998;99.94988479999998;99.94988479999998;99.96644799999999;99.92414079999996;99.92414079999996;99.96644799999999;99.96644799999999;99.96644799999999;99.96644799999999;99.96644799999999;
2700.0917653333336;100.0;99.96644799999999;99.96550079999997;99.94988479999998;99.94942719999997;99.92414079999996;99.94942719999997;99.94942719999997;99.97471359999999;99.92414079999996;99.94942719999997;99.89885439999995;99.96644799999999;99.92414079999996;99.84828159999992;99.89885439999995;99.87356799999993;99.92414079999996;99.92414079999996;99.89885439999995;99.94942719999997;99.92414079999996;99.96647679999998;99.96644799999999;99.94942719999997;99.94988479999998;99.94988479999998;99.94988479999998;99.94988479999998;99.94988479999998;99.94988479999998;99.94988479999998;99.94988479999998;99.96644799999999;99.92414079999996;99.92414079999996;99.96644799999999;99.96644799999999;99.96644799999999;99.96644799999999;99.96644799999999;
2700.0917653333336;100.0;99.96644799999999;99.96550079999997;99.94988479999998;99.94942719999997;99.92414079999996;99.94942719999997;99.94942719999997;99.97471359999999;99.92414079999996;99.94942719999997;99.89885439999995;99.96644799999999;99.92414079999996;99.84828159999992;99.89885439999995;99.87356799999993;99.92414079999996;99.92414079999996;99.89885439999995;99.94942719999997;99.92414079999996;99.94942719999997;99.96644799999999;99.94942719999997;99.94988479999998;99.94988479999998;99.94988479999998;99.94988479999998;99.94988479999998;99.94988479999998;99.94988479999998;99.94988479999998;99.96644799999999;99.92414079999996;99.92414079999996;99.96644799999999;99.96644799999999;99.96644799999999;99.96644799999999;99.96644799999999;
2700.0981266666668;100.0;99.96644799999999;99.96550079999997;99.94988479999998;99.94942719999997;99.92414079999996;99.94942719999997;99.94942719999997;99.97471359999999;99.92414079999996;99.94942719999997;99.89885439999995;99.96644799999999;99.92414079999996;99.84828159999992;99.89885439999995;99.87356799999993;99.92414079999996;99.92414079999996;99.89885439999995;99.94942719999997;99.92414079999996;99.94942719999997;99.96644799999999;99.94942719999997;99.94988479999998;99.94988479999998;99.94988479999998;99.94988479999998;99.94988479999998;99.94988479999998;99.94988479999998;99.94988479999998;99.96644799999999;99.92414079999996;99.92414079999996;99.96644799999999;99.96644799999999;99.96644799999999;99.96644799999999;99.96644799999999;
2700.108126666667;100.0;99.96644799999999;99.96550079999997;99.94988479999998;99.94942719999997;99.92414079999996;99.94942719999997;99.94942719999997;99.97471359999999;99.92414079999996;99.94942719999997;99.89885439999995;99.96644799999999;99.92414079999996;99.84828159999992;99.89885439999995;99.87356799999993;99.92414079999996;99.92414079999996;99.89885439999995;99.94942719999997;99.92414079999996;99.94942719999997;99.96644799999999;99.94942719999997;99.94988479999998;99.94988479999998;99.94988479999998;99.94988479999998;99.94988479999998;99.94988479999998;99.94988479999998;99.94988479999998;99.96644799999999;99.92414079999996;99.92414079999996;99.96644799999999;99.96644799999999;99.96644799999999;99.96644799999999;99.96644799999999;
2700.118126666667;100.0;99.96644799999999;99.96550079999997;99.94988479999998;99.94942719999997;99.92414079999996;99.94942719999997;99.94942719999997;99.97471359999999;99.92414079999996;99.94942719999997;99.89885439999995;99.96644799999999;99.92414079999996;99.84828159999992;99.89885439999995;99.87356799999993;99.92414079999996;99.92414079999996;99.89885439999995;99.94942719999997;99.92414079999996;99.94942719999997;99.96644799999999;99.94942719999997;99.94988479999998;99.94988479999998;99.94988479999998;99.94988479999998;99.94988479999998;99.94988479999998;99.94988479999998;99.94988479999998;99.96644799999999;99.92414079999996;99.92414079999996;99.96644799999999;99.96644799999999;99.96644799999999;99.96644799999999;99.96644799999999;
2700.1232253333337;100.0;99.96644799999999;99.96550079999997;99.94988479999998;99.94942719999997;99.91590399999995;99.94119039999997;99.94942719999997;99.96647679999998;99.92414079999996;99.94119039999997;99.89885439999995;99.96644799999999;99.91590399999995;99.84828159999992;99.89061759999994;99.87356799999993;99.92414079999996;99.91590399999995;99.89885439999995;99.94119039999997;99.92414079999996;99.94942719999997;99.96644799999999;99.94942719999997;99.94988479999998;99.94988479999998;99.94988479999998;99.94988479999998;99.94988479999998;99.94988479999998;99.94988479999998;99.94988479999998;99.96644799999999;99.92414079999996;99.92414079999996;99.96644799999999;99.96644799999999;99.96644799999999;99.96644799999999;99.96644799999999;
2700.1232253333337;100.0;99.96644799999999;99.96550079999997;99.94988479999998;99.94942719999997;99.89885439999995;99.92414079999996;99.94942719999997;99.94942719999997;99.92414079999996;99.92414079999996;99.89885439999995;99.96644799999999;99.89885439999995;99.84828159999992;99.87356799999993;99.87356799999993;99.92414079999996;99.89885439999995;99.89885439999995;99.92414079999996;99.92414079999996;99.94942719999997;99.96644799999999;99.94942719999997;99.94988479999998;99.94988479999998;99.94988479999998;99.94988479999998;99.94988479999998;99.94988479999998;99.94988479999998;99.94988479999998;99.96644799999999;99.92414079999996;99.92414079999996;99.96644799999999;99.96644799999999;99.96644799999999;99.96644799999999;99.96644799999999;
2700.124314666667;100.0;99.96644799999999;99.96550079999997;99.94988479999998;99.94942719999997;99.89885439999995;99.92414079999996;99.94942719999997;99.94942719999997;99.92414079999996;99.92414079999996;99.89885439999995;99.96644799999999;99.89885439999995;99.84828159999992;99.87356799999993;99.87356799999993;99.92414079999996;99.89885439999995;99.89885439999995;99.92414079999996;99.91590399999995;99.94942719999997;99.96644799999999;99.94942719999997;99.94988479999998;99.94988479999998;99.94988479999998;99.94988479999998;99.94988479999998;99.94988479999998;99.94988479999998;99.94988479999998;99.96644799999999;99.92414079999996;99.92414079999996;99.96644799999999;99.96644799999999;99.96644799999999;99.96644799999999;99.96644799999999;
2700.124314666667;100.0;99.96644799999999;99.96550079999997;99.94988479999998;99.94942719999997;99.89885439999995;99.92414079999996;99.94942719999997;99.94942719999997;99.92414079999996;99.92414079999996;99.89885439999995;99.96644799999999;99.89885439999995;99.84828159999992;99.87356799999993;99.87356799999993;99.92414079999996;99.89885439999995;99.89885439999995;99.92414079999996;99.89885439999995;99.94942719999997;99.96644799999999;99.94942719999997;99.94988479999998;99.94988479999998;99.94988479999998;99.94988479999998;99.94988479999998;99.94988479999998;99.94988479999998;99.94988479999998;99.96644799999999;99.92414079999996;99.92414079999996;99.96644799999999;99.96644799999999;99.96644799999999;99.96644799999999;99.96644799999999;
2700.128126666667;100.0;99.96644799999999;99.96550079999997;99.94988479999998;99.94942719999997;99.89885439999995;99.92414079999996;99.94942719999997;99.94942719999997;99.92414079999996;99.92414079999996;99.89885439999995;99.96644799999999;99.89885439999995;99.84828159999992;99.87356799999993;99.87356799999993;99.92414079999996;99.89885439999995;99.89885439999995;99.92414079999996;99.89885439999995;99.94942719999997;99.96644799999999;99.94942719999997;99.94988479999998;99.94988479999998;99.94988479999998;99.94988479999998;99.94988479999998;99.94988479999998;99.94988479999998;99.94988479999998;99.96644799999999;99.92414079999996;99.92414079999996;99.96644799999999;99.96644799999999;99.96644799999999;99.96644799999999;99.96644799999999;
2700.1332253333335;100.0;99.96644799999999;99.96550079999997;99.94988479999998;99.94942719999997;99.89885439999995;99.92414079999996;99.94942719999997;99.94942719999997;99.92414079999996;99.92414079999996;99.89885439999995;99.96644799999999;99.89885439999995;99.84828159999992;99.87356799999993;99.87356799999993;99.92414079999996;99.89885439999995;99.89885439999995;99.92414079999996;99.89885439999995;99.94942719999997;99.96644799999999;99.94942719999997;99.94988479999998;99.94988479999998;99.94988479999998;99.94988479999998;99.94988479999998;99.94988479999998;99.94988479999998;99.94988479999998;99.96644799999999;99.92414079999996;99.92414079999996;99.96644799999999;99.96644799999999;99.96644799999999;99.96644799999999;99.96644799999999;
2700.1381266666667;100.0;99.96644799999999;99.96550079999997;99.94988479999998;99.94942719999997;99.89885439999995;99.92414079999996;99.94942719999997;99.94942719999997;99.92414079999996;99.92414079999996;99.89885439999995;99.96644799999999;99.89885439999995;99.84828159999992;99.87356799999993;99.87356799999993;99.92414079999996;99.89885439999995;99.89885439999995;99.92414079999996;99.89885439999995;99.94942719999997;99.96644799999999;99.94942719999997;99.94988479999998;99.94988479999998;99.94988479999998;99.94988479999998;99.94988479999998;99.94988479999998;99.94988479999998;99.94988479999998;99.96644799999999;99.92414079999996;99.92414079999996;99.96644799999999;99.96644799999999;99.96644799999999;99.96644799999999;99.96644799999999;
2700.1492160000003;100.0;99.96644799999999;99.96550079999997;99.94988479999998;99.94942719999997;99.89885439999995;99.92414079999996;99.94942719999997;99.94942719999997;99.92414079999996;99.92414079999996;99.89885439999995;99.96644799999999;99.89885439999995;99.84828159999992;99.87356799999993;99.87356799999993;99.92414079999996;99.89885439999995;99.89885439999995;99.92414079999996;99.89885439999995;99.94942719999997;99.96644799999999;99.94942719999997;99.94988479999998;99.94988479999998;99.94988479999998;99.94988479999998;99.94988479999998;99.94988479999998;99.94988479999998;99.94988479999998;99.96644799999999;99.92414079999996;99.92414079999996;99.96644799999999;99.96644799999999;99.96644799999999;99.96644799999999;99.96644799999999;
2700.1557746666667;100.0;99.96644799999999;99.96550079999997;99.94988479999998;99.94942719999997;99.89885439999995;99.91590399999995;99.94942719999997;99.94942719999997;99.91590399999995;99.92414079999996;99.89061759999994;99.96644799999999;99.89885439999995;99.84004479999992;99.87356799999993;99.87356799999993;99.91590399999995;99.89885439999995;99.89061759999994;99.92414079999996;99.89885439999995;99.94942719999997;99.96644799999999;99.94942719999997;99.94988479999998;99.94988479999998;99.94988479999998;99.94988479999998;99.94988479999998;99.94988479999998;99.94988479999998;99.94988479999998;99.96644799999999;99.91590399999995;99.92414079999996;99.96644799999999;99.96644799999999;99.96644799999999;99.96644799999999;99.96644799999999;
2700.1557746666667;100.0;99.96644799999999;99.96550079999997;99.94988479999998;99.94942719999997;99.89885439999995;99.89885439999995;99.94942719999997;99.94942719999997;99.89885439999995;99.92414079999996;99.87356799999993;99.96644799999999;99.89885439999995;99.82299519999991;99.87356799999993;99.87356799999993;99.89885439999995;99.89885439999995;99.87356799999993;99.92414079999996;99.89885439999995;99.94942719999997;99.96644799999999;99.94942719999997;99.94988479999998;99.94988479999998;99.94988479999998;99.94988479999998;99.94988479999998;99.94988479999998;99.94988479999998;99.94988479999998;99.96644799999999;99.89885439999995;99.92414079999996;99.96644799999999;99.96644799999999;99.96644799999999;99.96644799999999;99.96644799999999;
2700.156864;100.0;99.96644799999999;99.96550079999997;99.94988479999998;99.94942719999997;99.89885439999995;99.89885439999995;99.94942719999997;99.94942719999997;99.89885439999995;99.92414079999996;99.87356799999993;99.96644799999999;99.89885439999995;99.82299519999991;99.87356799999993;99.87356799999993;99.89885439999995;99.89885439999995;99.87356799999993;99.91590399999995;99.89885439999995;99.94942719999997;99.96644799999999;99.94942719999997;99.94988479999998;99.94988479999998;99.94988479999998;99.94988479999998;99.94988479999998;99.94988479999998;99.94988479999998;99.94988479999998;99.96644799999999;99.89885439999995;99.92414079999996;99.96644799999999;99.96644799999999;99.96644799999999;99.96644799999999;99.96644799999999;
2700.156864;100.0;99.96644799999999;99.96550079999997;99.94988479999998;99.94942719999997;99.89885439999995;99.89885439999995;99.94942719999997;99.94942719999997;99.89885439999995;99.92414079999996;99.87356799999993;99.96644799999999;99.89885439999995;99.82299519999991;99.87356799999993;99.87356799999993;99.89885439999995;99.89885439999995;99.87356799999993;99.89885439999995;99.89885439999995;99.94942719999997;99.96644799999999;99.94942719999997;99.94988479999998;99.94988479999998;99.94988479999998;99.94988479999998;99.94988479999998;99.94988479999998;99.94988479999998;99.94988479999998;99.96644799999999;99.89885439999995;99.92414079999996;99.96644799999999;99.96644799999999;99.96644799999999;99.96644799999999;99.96644799999999;
2700.188324;100.0;99.96644799999999;99.96550079999997;99.94988479999998;99.94942719999997;99.89885439999995;99.89885439999995;99.94942719999997;99.94942719999997;99.89885439999995;99.91590399999995;99.87356799999993;99.96644799999999;99.89061759999994;99.82299519999991;99.87356799999993;99.86533119999993;99.89885439999995;99.89061759999994;99.87356799999993;99.89885439999995;99.89885439999995;99.94942719999997;99.96644799999999;99.94942719999997;99.94988479999998;99.94988479999998;99.94988479999998;99.94988479999998;99.94988479999998;99.94988479999998;99.94988479999998;99.94988479999998;99.96644799999999;99.89885439999995;99.91590399999995;99.96644799999999;99.96644799999999;99.96644799999999;99.96644799999999;99.96644799999999;
2700.188324;100.0;99.96644799999999;99.96550079999997;99.94988479999998;99.94942719999997;99.89885439999995;99.89885439999995;99.94942719999997;99.94942719999997;99.89885439999995;99.89885439999995;99.87356799999993;99.96644799999999;99.87356799999993;99.82299519999991;99.87356799999993;99.84828159999992;99.89885439999995;99.87356799999993;99.87356799999993;99.89885439999995;99.89885439999995;99.94942719999997;99.96644799999999;99.94942719999997;99.94988479999998;99.94988479999998;99.94988479999998;99.94988479999998;99.94988479999998;99.94988479999998;99.94988479999998;99.94988479999998;99.96644799999999;99.89885439999995;99.89885439999995;99.96644799999999;99.96644799999999;99.96644799999999;99.96644799999999;99.96644799999999;
2700.1894133333335;100.0;99.96644799999999;99.96550079999997;99.94988479999998;99.94942719999997;99.89885439999995;99.89885439999995;99.94942719999997;99.94942719999997;99.89885439999995;99.89885439999995;99.87356799999993;99.96644799999999;99.87356799999993;99.82299519999991;99.87356799999993;99.84828159999992;99.89885439999995;99.87356799999993;99.86533119999993;99.89885439999995;99.89885439999995;99.94942719999997;99.96644799999999;99.94942719999997;99.94988479999998;99.94988479999998;99.94988479999998;99.94988479999998;99.94988479999998;99.94988479999998;99.94988479999998;99.94988479999998;99.96644799999999;99.89885439999995;99.89885439999995;99.96644799999999;99.96644799999999;99.96644799999999;99.96644799999999;99.96644799999999;
2700.1894133333335;100.0;99.96644799999999;99.96550079999997;99.94988479999998;99.94942719999997;99.89885439999995;99.89885439999995;99.94942719999997;99.94942719999997;99.89885439999995;99.89885439999995;99.87356799999993;99.96644799999999;99.87356799999993;99.82299519999991;99.87356799999993;99.84828159999992;99.89885439999995;99.87356799999993;99.84828159999992;99.89885439999995;99.89885439999995;99.94942719999997;99.96644799999999;99.94942719999997;99.94988479999998;99.94988479999998;99.94988479999998;99.94988479999998;99.94988479999998;99.94988479999998;99.94988479999998;99.94988479999998;99.96644799999999;99.89885439999995;99.89885439999995;99.96644799999999;99.96644799999999;99.96644799999999;99.96644799999999;99.96644799999999;
2700.198324;100.0;99.96644799999999;99.96550079999997;99.94988479999998;99.94942719999997;99.89885439999995;99.89885439999995;99.94942719999997;99.94942719999997;99.89885439999995;99.89885439999995;99.87356799999993;99.96644799999999;99.87356799999993;99.82299519999991;99.87356799999993;99.84828159999992;99.89885439999995;99.87356799999993;99.84828159999992;99.89885439999995;99.89885439999995;99.94942719999997;99.96644799999999;99.94942719999997;99.94988479999998;99.94988479999998;99.94988479999998;99.94988479999998;99.94988479999998;99.94988479999998;99.94988479999998;99.94988479999998;99.96644799999999;99.89885439999995;99.89885439999995;99.96644799999999;99.96644799999999;99.96644799999999;99.96644799999999;99.96644799999999;
2700.220873333333;100.0;99.96644799999999;99.96550079999997;99.94988479999998;99.94942719999997;99.89885439999995;99.89885439999995;99.94942719999997;99.94942719999997;99.89885439999995;99.89885439999995;99.86533119999993;99.96644799999999;99.87356799999993;99.82299519999991;99.86533119999993;99.84828159999992;99.89061759999994;99.87356799999993;99.84828159999992;99.89885439999995;99.89885439999995;99.94942719999997;99.96644799999999;99.94942719999997;99.94988479999998;99.94988479999998;99.94988479999998;99.94988479999998;99.94988479999998;99.94988479999998;99.94988479999998;99.94988479999998;99.96644799999999;99.89061759999994;99.89885439999995;99.96644799999999;99.96644799999999;99.96644799999999;99.96644799999999;99.96644799999999;
2700.220873333333;100.0;99.96644799999999;99.96550079999997;99.94988479999998;99.94942719999997;99.89885439999995;99.89885439999995;99.94942719999997;99.94942719999997;99.89885439999995;99.89885439999995;99.84828159999992;99.96644799999999;99.87356799999993;99.82299519999991;99.84828159999992;99.84828159999992;99.87356799999993;99.87356799999993;99.84828159999992;99.89885439999995;99.89885439999995;99.94942719999997;99.96644799999999;99.94942719999997;99.94988479999998;99.94988479999998;99.94988479999998;99.94988479999998;99.94988479999998;99.94988479999998;99.94988479999998;99.94988479999998;99.96644799999999;99.87356799999993;99.89885439999995;99.96644799999999;99.96644799999999;99.96644799999999;99.96644799999999;99.96644799999999;
2700.2219626666665;100.0;99.96644799999999;99.96550079999997;99.94988479999998;99.94942719999997;99.89885439999995;99.89885439999995;99.94942719999997;99.94942719999997;99.89885439999995;99.89885439999995;99.84828159999992;99.96644799999999;99.87356799999993;99.82299519999991;99.84828159999992;99.84828159999992;99.87356799999993;99.86533119999993;99.84828159999992;99.89885439999995;99.89885439999995;99.94942719999997;99.96644799999999;99.94942719999997;99.94988479999998;99.94988479999998;99.94988479999998;99.94988479999998;99.94988479999998;99.94988479999998;99.94988479999998;99.94988479999998;99.96644799999999;99.87356799999993;99.89885439999995;99.96644799999999;99.96644799999999;99.96644799999999;99.96644799999999;99.96644799999999;
2700.2219626666665;100.0;99.96644799999999;99.96550079999997;99.94988479999998;99.94942719999997;99.89885439999995;99.89885439999995;99.94942719999997;99.94942719999997;99.89885439999995;99.89885439999995;99.84828159999992;99.96644799999999;99.87356799999993;99.82299519999991;99.84828159999992;99.84828159999992;99.87356799999993;99.84828159999992;99.84828159999992;99.89885439999995;99.89885439999995;99.94942719999997;99.96644799999999;99.94942719999997;99.94988479999998;99.94988479999998;99.94988479999998;99.94988479999998;99.94988479999998;99.94988479999998;99.94988479999998;99.94988479999998;99.96644799999999;99.87356799999993;99.89885439999995;99.96644799999999;99.96644799999999;99.96644799999999;99.96644799999999;99.96644799999999;
2700.2534226666667;100.0;99.96644799999999;99.96550079999997;99.94988479999998;99.94942719999997;99.89885439999995;99.89885439999995;99.94942719999997;99.94942719999997;99.89885439999995;99.89885439999995;99.84828159999992;99.96644799999999;99.86533119999993;99.8147583999999;99.84828159999992;99.84004479999992;99.87356799999993;99.84828159999992;99.84828159999992;99.89885439999995;99.89885439999995;99.94942719999997;99.96644799999999;99.94942719999997;99.94988479999998;99.94988479999998;99.94988479999998;99.94988479999998;99.94988479999998;99.94988479999998;99.94988479999998;99.94988479999998;99.96644799999999;99.87356799999993;99.89061759999994;99.96644799999999;99.96644799999999;99.96644799999999;99.96644799999999;99.96644799999999;
2700.2534226666667;100.0;99.96644799999999;99.96550079999997;99.94988479999998;99.94942719999997;99.89885439999995;99.89885439999995;99.94942719999997;99.94942719999997;99.89885439999995;99.89885439999995;99.84828159999992;99.96644799999999;99.84828159999992;99.7977087999999;99.84828159999992;99.82299519999991;99.87356799999993;99.84828159999992;99.84828159999992;99.89885439999995;99.89885439999995;99.94942719999997;99.96644799999999;99.94942719999997;99.94988479999998;99.94988479999998;99.94988479999998;99.94988479999998;99.94988479999998;99.94988479999998;99.94988479999998;99.94988479999998;99.96644799999999;99.87356799999993;99.87356799999993;99.96644799999999;99.96644799999999;99.96644799999999;99.96644799999999;99.96644799999999;
2700.254512;100.0;99.96644799999999;99.96550079999997;99.94988479999998;99.94942719999997;99.89885439999995;99.89885439999995;99.94942719999997;99.94942719999997;99.89885439999995;99.89885439999995;99.84828159999992;99.96644799999999;99.84828159999992;99.7977087999999;99.84828159999992;99.82299519999991;99.86533119999993;99.84828159999992;99.84828159999992;99.89885439999995;99.89885439999995;99.94942719999997;99.96644799999999;99.94942719999997;99.94988479999998;99.94988479999998;99.94988479999998;99.94988479999998;99.94988479999998;99.94988479999998;99.94988479999998;99.94988479999998;99.96644799999999;99.87356799999993;99.87356799999993;99.96644799999999;99.96644799999999;99.96644799999999;99.96644799999999;99.96644799999999;
2700.254512;100.0;99.96644799999999;99.96550079999997;99.94988479999998;99.94942719999997;99.89885439999995;99.89885439999995;99.94942719999997;99.94942719999997;99.89885439999995;99.89885439999995;99.84828159999992;99.96644799999999;99.84828159999992;99.7977087999999;99.84828159999992;99.82299519999991;99.84828159999992;99.84828159999992;99.84828159999992;99.89885439999995;99.89885439999995;99.94942719999997;99.96644799999999;99.94942719999997;99.94988479999998;99.94988479999998;99.94988479999998;99.94988479999998;99.94988479999998;99.94988479999998;99.94988479999998;99.94988479999998;99.96644799999999;99.87356799999993;99.87356799999993;99.96644799999999;99.96644799999999;99.96644799999999;99.96644799999999;99.96644799999999;
2700.2634226666664;100.0;99.96644799999999;99.96550079999997;99.94988479999998;99.94942719999997;99.89885439999995;99.89885439999995;99.94942719999997;99.94942719999997;99.89885439999995;99.89885439999995;99.84828159999992;99.96644799999999;99.84828159999992;99.7977087999999;99.84828159999992;99.82299519999991;99.84828159999992;99.84828159999992;99.84828159999992;99.89885439999995;99.89885439999995;99.94942719999997;99.96644799999999;99.94942719999997;99.94988479999998;99.94988479999998;99.94988479999998;99.94988479999998;99.94988479999998;99.94988479999998;99.94988479999998;99.94988479999998;99.96644799999999;99.87356799999993;99.87356799999993;99.96644799999999;99.96644799999999;99.96644799999999;99.96644799999999;99.96644799999999;
2700.2859719999997;100.0;99.96644799999999;99.96550079999997;99.94988479999998;99.94942719999997;99.89885439999995;99.89885439999995;99.94942719999997;99.94942719999997;99.89885439999995;99.89885439999995;99.84828159999992;99.96644799999999;99.84828159999992;99.7977087999999;99.84004479999992;99.82299519999991;99.84828159999992;99.84828159999992;99.84828159999992;99.89885439999995;99.89885439999995;99.94942719999997;99.96644799999999;99.94942719999997;99.94988479999998;99.94988479999998;99.94988479999998;99.94988479999998;99.94988479999998;99.94988479999998;99.94988479999998;99.94988479999998;99.96644799999999;99.86533119999993;99.87356799999993;99.96644799999999;99.96644799999999;99.96644799999999;99.96644799999999;99.96644799999999;
2700.2859719999997;100.0;99.96644799999999;99.96550079999997;99.94988479999998;99.94942719999997;99.89885439999995;99.89885439999995;99.94942719999997;99.94942719999997;99.89885439999995;99.89885439999995;99.84828159999992;99.96644799999999;99.84828159999992;99.7977087999999;99.82299519999991;99.82299519999991;99.84828159999992;99.84828159999992;99.84828159999992;99.89885439999995;99.89885439999995;99.94942719999997;99.96644799999999;99.94942719999997;99.94988479999998;99.94988479999998;99.94988479999998;99.94988479999998;99.94988479999998;99.94988479999998;99.94988479999998;99.94988479999998;99.96644799999999;99.84828159999992;99.87356799999993;99.96644799999999;99.96644799999999;99.96644799999999;99.96644799999999;99.96644799999999;
2700.287061333333;100.0;99.96644799999999;99.96550079999997;99.94988479999998;99.94942719999997;99.89885439999995;99.89885439999995;99.94942719999997;99.94942719999997;99.89885439999995;99.89885439999995;99.84828159999992;99.96644799999999;99.84828159999992;99.7977087999999;99.82299519999991;99.8147583999999;99.84828159999992;99.84828159999992;99.84828159999992;99.89885439999995;99.89885439999995;99.94942719999997;99.96644799999999;99.94942719999997;99.94988479999998;99.94988479999998;99.94988479999998;99.94988479999998;99.94988479999998;99.94988479999998;99.94988479999998;99.94988479999998;99.96644799999999;99.84828159999992;99.87356799999993;99.96644799999999;99.96644799999999;99.96644799999999;99.96644799999999;99.96644799999999;
2700.287061333333;100.0;99.96644799999999;99.96550079999997;99.94988479999998;99.94942719999997;99.89885439999995;99.89885439999995;99.94942719999997;99.94942719999997;99.89885439999995;99.89885439999995;99.84828159999992;99.96644799999999;99.84828159999992;99.7977087999999;99.82299519999991;99.7977087999999;99.84828159999992;99.84828159999992;99.84828159999992;99.89885439999995;99.89885439999995;99.94942719999997;99.96644799999999;99.94942719999997;99.94988479999998;99.94988479999998;99.94988479999998;99.94988479999998;99.94988479999998;99.94988479999998;99.94988479999998;99.94988479999998;99.96644799999999;99.84828159999992;99.87356799999993;99.96644799999999;99.96644799999999;99.96644799999999;99.96644799999999;99.96644799999999;
2700.318521333333;100.0;99.96644799999999;99.96550079999997;99.94988479999998;99.94942719999997;99.89885439999995;99.89885439999995;99.94942719999997;99.94942719999997;99.89885439999995;99.89885439999995;99.84828159999992;99.96644799999999;99.84828159999992;99.78947199999989;99.82299519999991;99.7977087999999;99.84828159999992;99.84828159999992;99.84828159999992;99.89885439999995;99.89885439999995;99.94942719999997;99.96644799999999;99.94942719999997;99.94988479999998;99.94988479999998;99.94988479999998;99.94988479999998;99.94988479999998;99.94988479999998;99.94988479999998;99.94988479999998;99.96644799999999;99.84828159999992;99.86533119999993;99.96644799999999;99.96644799999999;99.96644799999999;99.96644799999999;99.96644799999999;
2700.318521333333;100.0;99.96644799999999;99.96550079999997;99.94988479999998;99.94942719999997;99.89885439999995;99.89885439999995;99.94942719999997;99.94942719999997;99.89885439999995;99.89885439999995;99.84828159999992;99.96644799999999;99.84828159999992;99.77242239999988;99.82299519999991;99.7977087999999;99.84828159999992;99.84828159999992;99.84828159999992;99.89885439999995;99.89885439999995;99.94942719999997;99.96644799999999;99.94942719999997;99.94988479999998;99.94988479999998;99.94988479999998;99.94988479999998;99.94988479999998;99.94988479999998;99.94988479999998;99.94988479999998;99.96644799999999;99.84828159999992;99.84828159999992;99.96644799999999;99.96644799999999;99.96644799999999;99.96644799999999;99.96644799999999;
2700.3196106666664;100.0;99.96644799999999;99.96550079999997;99.94988479999998;99.94942719999997;99.89885439999995;99.89885439999995;99.94942719999997;99.94942719999997;99.89885439999995;99.89885439999995;99.84828159999992;99.96644799999999;99.84828159999992;99.77242239999988;99.8147583999999;99.7977087999999;99.84828159999992;99.84828159999992;99.84828159999992;99.89885439999995;99.89885439999995;99.94942719999997;99.96644799999999;99.94942719999997;99.94988479999998;99.94988479999998;99.94988479999998;99.94988479999998;99.94988479999998;99.94988479999998;99.94988479999998;99.94988479999998;99.96644799999999;99.84828159999992;99.84828159999992;99.96644799999999;99.96644799999999;99.96644799999999;99.96644799999999;99.96644799999999;
2700.3196106666664;100.0;99.96644799999999;99.96550079999997;99.94988479999998;99.94942719999997;99.89885439999995;99.89885439999995;99.94942719999997;99.94942719999997;99.89885439999995;99.89885439999995;99.84828159999992;99.96644799999999;99.84828159999992;99.77242239999988;99.7977087999999;99.7977087999999;99.84828159999992;99.84828159999992;99.84828159999992;99.89885439999995;99.89885439999995;99.94942719999997;99.96644799999999;99.94942719999997;99.94988479999998;99.94988479999998;99.94988479999998;99.94988479999998;99.94988479999998;99.94988479999998;99.94988479999998;99.94988479999998;99.96644799999999;99.84828159999992;99.84828159999992;99.96644799999999;99.96644799999999;99.96644799999999;99.96644799999999;99.96644799999999;
2700.3510706666666;100.0;99.96644799999999;99.96550079999997;99.94988479999998;99.94942719999997;99.89885439999995;99.89885439999995;99.94942719999997;99.94942719999997;99.89885439999995;99.89885439999995;99.84828159999992;99.96644799999999;99.84828159999992;99.77242239999988;99.7977087999999;99.7977087999999;99.84828159999992;99.84828159999992;99.84828159999992;99.89885439999995;99.89885439999995;99.94942719999997;99.96644799999999;99.94942719999997;99.94988479999998;99.94988479999998;99.94988479999998;99.94988479999998;99.94988479999998;99.94988479999998;99.94988479999998;99.94988479999998;99.96644799999999;99.84828159999992;99.84828159999992;99.96644799999999;99.96644799999999;99.96644799999999;99.96644799999999;99.96644799999999;
2700.35216;100.0;99.96644799999999;99.96550079999997;99.94988479999998;99.94942719999997;99.89885439999995;99.89885439999995;99.94942719999997;99.94942719999997;99.89885439999995;99.89885439999995;99.84828159999992;99.96644799999999;99.84828159999992;99.76418559999988;99.7977087999999;99.7977087999999;99.84828159999992;99.84828159999992;99.84828159999992;99.89885439999995;99.89885439999995;99.94942719999997;99.96644799999999;99.94942719999997;99.94988479999998;99.94988479999998;99.94988479999998;99.94988479999998;99.94988479999998;99.94988479999998;99.94988479999998;99.94988479999998;99.96644799999999;99.84828159999992;99.84828159999992;99.96644799999999;99.96644799999999;99.96644799999999;99.96644799999999;99.96644799999999;
2700.35216;100.0;99.96644799999999;99.96550079999997;99.94988479999998;99.94942719999997;99.89885439999995;99.89885439999995;99.94942719999997;99.94942719999997;99.89885439999995;99.89885439999995;99.84828159999992;99.96644799999999;99.84828159999992;99.74713599999987;99.7977087999999;99.7977087999999;99.84828159999992;99.84828159999992;99.84828159999992;99.89885439999995;99.89885439999995;99.94942719999997;99.96644799999999;99.94942719999997;99.94988479999998;99.94988479999998;99.94988479999998;99.94988479999998;99.94988479999998;99.94988479999998;99.94988479999998;99.94988479999998;99.96644799999999;99.84828159999992;99.84828159999992;99.96644799999999;99.96644799999999;99.96644799999999;99.96644799999999;99.96644799999999;
2760.0;100.0;99.96644799999999;99.96550079999997;99.94988479999998;99.94942719999997;99.89885439999995;99.89885439999995;99.94942719999997;99.94942719999997;99.89885439999995;99.89885439999995;99.84828159999992;99.96644799999999;99.84828159999992;99.74713599999987;99.7977087999999;99.7977087999999;99.84828159999992;99.84828159999992;99.84828159999992;99.89885439999995;99.89885439999995;99.94942719999997;99.96644799999999;99.94942719999997;99.94988479999998;99.94988479999998;99.94988479999998;99.94988479999998;99.94988479999998;99.94988479999998;99.94988479999998;99.94988479999998;99.96644799999999;99.84828159999992;99.84828159999992;99.96644799999999;99.96644799999999;99.96644799999999;99.96644799999999;99.96644799999999;
2820.0;100.0;99.96644799999999;99.96550079999997;99.94988479999998;99.94942719999997;99.89885439999995;99.89885439999995;99.94942719999997;99.94942719999997;99.89885439999995;99.89885439999995;99.84828159999992;99.96644799999999;99.84828159999992;99.74713599999987;99.7977087999999;99.7977087999999;99.84828159999992;99.84828159999992;99.84828159999992;99.89885439999995;99.89885439999995;99.94942719999997;99.96644799999999;99.94942719999997;99.94988479999998;99.94988479999998;99.94988479999998;99.94988479999998;99.94988479999998;99.94988479999998;99.94988479999998;99.94988479999998;99.96644799999999;99.84828159999992;99.84828159999992;99.96644799999999;99.96644799999999;99.96644799999999;99.96644799999999;99.96644799999999;
2880.0;100.0;99.96644799999999;99.96550079999997;99.94988479999998;99.94942719999997;99.89885439999995;99.89885439999995;99.94942719999997;99.94942719999997;99.89885439999995;99.89885439999995;99.84828159999992;99.96644799999999;99.84828159999992;99.74713599999987;99.7977087999999;99.7977087999999;99.84828159999992;99.84828159999992;99.84828159999992;99.89885439999995;99.89885439999995;99.94942719999997;99.96644799999999;99.94942719999997;99.94988479999998;99.94988479999998;99.94988479999998;99.94988479999998;99.94988479999998;99.94988479999998;99.94988479999998;99.94988479999998;99.96644799999999;99.84828159999992;99.84828159999992;99.96644799999999;99.96644799999999;99.96644799999999;99.96644799999999;99.96644799999999;
2940.0;100.0;99.96644799999999;99.96550079999997;99.94988479999998;99.94942719999997;99.89885439999995;99.89885439999995;99.94942719999997;99.94942719999997;99.89885439999995;99.89885439999995;99.84828159999992;99.96644799999999;99.84828159999992;99.74713599999987;99.7977087999999;99.7977087999999;99.84828159999992;99.84828159999992;99.84828159999992;99.89885439999995;99.89885439999995;99.94942719999997;99.96644799999999;99.94942719999997;99.94988479999998;99.94988479999998;99.94988479999998;99.94988479999998;99.94988479999998;99.94988479999998;99.94988479999998;99.94988479999998;99.96644799999999;99.84828159999992;99.84828159999992;99.96644799999999;99.96644799999999;99.96644799999999;99.96644799999999;99.96644799999999;
3000.0;100.0;99.96644799999999;99.96550079999997;99.94988479999998;99.94942719999997;99.89885439999995;99.89885439999995;99.94942719999997;99.94942719999997;99.89885439999995;99.89885439999995;99.84828159999992;99.96644799999999;99.84828159999992;99.74713599999987;99.7977087999999;99.7977087999999;99.84828159999992;99.84828159999992;99.84828159999992;99.89885439999995;99.89885439999995;99.94942719999997;99.96644799999999;99.94942719999997;99.94988479999998;99.94988479999998;99.94988479999998;99.94988479999998;99.94988479999998;99.94988479999998;99.94988479999998;99.94988479999998;99.96644799999999;99.84828159999992;99.84828159999992;99.96644799999999;99.96644799999999;99.96644799999999;99.96644799999999;99.96644799999999;
3060.0;100.0;99.96644799999999;99.96550079999997;99.94988479999998;99.94942719999997;99.89885439999995;99.89885439999995;99.94942719999997;99.94942719999997;99.89885439999995;99.89885439999995;99.84828159999992;99.96644799999999;99.84828159999992;99.74713599999987;99.7977087999999;99.7977087999999;99.84828159999992;99.84828159999992;99.84828159999992;99.89885439999995;99.89885439999995;99.94942719999997;99.96644799999999;99.94942719999997;99.94988479999998;99.94988479999998;99.94988479999998;99.94988479999998;99.94988479999998;99.94988479999998;99.94988479999998;99.94988479999998;99.96644799999999;99.84828159999992;99.84828159999992;99.96644799999999;99.96644799999999;99.96644799999999;99.96644799999999;99.96644799999999;
3120.0;100.0;99.96644799999999;99.96550079999997;99.94988479999998;99.94942719999997;99.89885439999995;99.89885439999995;99.94942719999997;99.94942719999997;99.89885439999995;99.89885439999995;99.84828159999992;99.96644799999999;99.84828159999992;99.74713599999987;99.7977087999999;99.7977087999999;99.84828159999992;99.84828159999992;99.84828159999992;99.89885439999995;99.89885439999995;99.94942719999997;99.96644799999999;99.94942719999997;99.94988479999998;99.94988479999998;99.94988479999998;99.94988479999998;99.94988479999998;99.94988479999998;99.94988479999998;99.94988479999998;99.96644799999999;99.84828159999992;99.84828159999992;99.96644799999999;99.96644799999999;99.96644799999999;99.96644799999999;99.96644799999999;
3180.0;100.0;99.96644799999999;99.96550079999997;99.94988479999998;99.94942719999997;99.89885439999995;99.89885439999995;99.94942719999997;99.94942719999997;99.89885439999995;99.89885439999995;99.84828159999992;99.96644799999999;99.84828159999992;99.74713599999987;99.7977087999999;99.7977087999999;99.84828159999992;99.84828159999992;99.84828159999992;99.89885439999995;99.89885439999995;99.94942719999997;99.96644799999999;99.94942719999997;99.94988479999998;99.94988479999998;99.94988479999998;99.94988479999998;99.94988479999998;99.94988479999998;99.94988479999998;99.94988479999998;99.96644799999999;99.84828159999992;99.84828159999992;99.96644799999999;99.96644799999999;99.96644799999999;99.96644799999999;99.96644799999999;
3240.0;100.0;99.96644799999999;99.96550079999997;99.94988479999998;99.94942719999997;99.89885439999995;99.89885439999995;99.94942719999997;99.94942719999997;99.89885439999995;99.89885439999995;99.84828159999992;99.96644799999999;99.84828159999992;99.74713599999987;99.7977087999999;99.7977087999999;99.84828159999992;99.84828159999992;99.84828159999992;99.89885439999995;99.89885439999995;99.94942719999997;99.96644799999999;99.94942719999997;99.94988479999998;99.94988479999998;99.94988479999998;99.94988479999998;99.94988479999998;99.94988479999998;99.94988479999998;99.94988479999998;99.96644799999999;99.84828159999992;99.84828159999992;99.96644799999999;99.96644799999999;99.96644799999999;99.96644799999999;99.96644799999999;
3300.0;100.0;99.96644799999999;99.96550079999997;99.94988479999998;99.94942719999997;99.89885439999995;99.89885439999995;99.94942719999997;99.94942719999997;99.89885439999995;99.89885439999995;99.84828159999992;99.96644799999999;99.84828159999992;99.74713599999987;99.7977087999999;99.7977087999999;99.84828159999992;99.84828159999992;99.84828159999992;99.89885439999995;99.89885439999995;99.94942719999997;99.96644799999999;99.94942719999997;99.94988479999998;99.94988479999998;99.94988479999998;99.94988479999998;99.94988479999998;99.94988479999998;99.94988479999998;99.94988479999998;99.96644799999999;99.84828159999992;99.84828159999992;99.96644799999999;99.96644799999999;99.96644799999999;99.96644799999999;99.96644799999999;
3360.0;100.0;99.96644799999999;99.96550079999997;99.94988479999998;99.94942719999997;99.89885439999995;99.89885439999995;99.94942719999997;99.94942719999997;99.89885439999995;99.89885439999995;99.84828159999992;99.96644799999999;99.84828159999992;99.74713599999987;99.7977087999999;99.7977087999999;99.84828159999992;99.84828159999992;99.84828159999992;99.89885439999995;99.89885439999995;99.94942719999997;99.96644799999999;99.94942719999997;99.94988479999998;99.94988479999998;99.94988479999998;99.94988479999998;99.94988479999998;99.94988479999998;99.94988479999998;99.94988479999998;99.96644799999999;99.84828159999992;99.84828159999992;99.96644799999999;99.96644799999999;99.96644799999999;99.96644799999999;99.96644799999999;
3420.0;100.0;99.96644799999999;99.96550079999997;99.94988479999998;99.94942719999997;99.89885439999995;99.89885439999995;99.94942719999997;99.94942719999997;99.89885439999995;99.89885439999995;99.84828159999992;99.96644799999999;99.84828159999992;99.74713599999987;99.7977087999999;99.7977087999999;99.84828159999992;99.84828159999992;99.84828159999992;99.89885439999995;99.89885439999995;99.94942719999997;99.96644799999999;99.94942719999997;99.94988479999998;99.94988479999998;99.94988479999998;99.94988479999998;99.94988479999998;99.94988479999998;99.94988479999998;99.94988479999998;99.96644799999999;99.84828159999992;99.84828159999992;99.96644799999999;99.96644799999999;99.96644799999999;99.96644799999999;99.96644799999999;
3480.0;100.0;99.96644799999999;99.96550079999997;99.94988479999998;99.94942719999997;99.89885439999995;99.89885439999995;99.94942719999997;99.94942719999997;99.89885439999995;99.89885439999995;99.84828159999992;99.96644799999999;99.84828159999992;99.74713599999987;99.7977087999999;99.7977087999999;99.84828159999992;99.84828159999992;99.84828159999992;99.89885439999995;99.89885439999995;99.94942719999997;99.96644799999999;99.94942719999997;99.94988479999998;99.94988479999998;99.94988479999998;99.94988479999998;99.94988479999998;99.94988479999998;99.94988479999998;99.94988479999998;99.96644799999999;99.84828159999992;99.84828159999992;99.96644799999999;99.96644799999999;99.96644799999999;99.96644799999999;99.96644799999999;
3540.0;100.0;99.96644799999999;99.96550079999997;99.94988479999998;99.94942719999997;99.89885439999995;99.89885439999995;99.94942719999997;99.94942719999997;99.89885439999995;99.89885439999995;99.84828159999992;99.96644799999999;99.84828159999992;99.74713599999987;99.7977087999999;99.7977087999999;99.84828159999992;99.84828159999992;99.84828159999992;99.89885439999995;99.89885439999995;99.94942719999997;99.96644799999999;99.94942719999997;99.94988479999998;99.94988479999998;99.94988479999998;99.94988479999998;99.94988479999998;99.94988479999998;99.94988479999998;99.94988479999998;99.96644799999999;99.84828159999992;99.84828159999992;99.96644799999999;99.96644799999999;99.96644799999999;99.96644799999999;99.96644799999999;
3600.0;100.0;99.96644799999999;99.96550079999997;99.94988479999998;99.94942719999997;99.89885439999995;99.89885439999995;99.94942719999997;99.94942719999997;99.89885439999995;99.89885439999995;99.84828159999992;99.96644799999999;99.84828159999992;99.74713599999987;99.7977087999999;99.7977087999999;99.84828159999992;99.84828159999992;99.84828159999992;99.89885439999995;99.89885439999995;99.94942719999997;99.96644799999999;99.94942719999997;99.94988479999998;99.94988479999998;99.94988479999998;99.94988479999998;99.94988479999998;99.94988479999998;99.94988479999998;99.94988479999998;99.96644799999999;99.84828159999992;99.84828159999992;99.96644799999999;99.96644799999999;99.96644799999999;99.96644799999999;99.96644799999999;
3600.0266666666666;100.0;99.96634799999998;99.96540079999997;99.94988479999998;99.94942719999997;99.89885439999995;99.89885439999995;99.94942719999997;99.94942719999997;99.89885439999995;99.89885439999995;99.84828159999992;99.96634799999998;99.84828159999992;99.74713599999987;99.7977087999999;99.7977087999999;99.84828159999992;99.84828159999992;99.84828159999992;99.89885439999995;99.89885439999995;99.94942719999997;99.96634799999998;99.94942719999997;99.94988479999998;99.94988479999998;99.94988479999998;99.94988479999998;99.94988479999998;99.94988479999998;99.94988479999998;99.94988479999998;99.96634799999998;99.84828159999992;99.84828159999992;99.96634799999998;99.96634799999998;99.96634799999998;99.96634799999998;99.96634799999998;
3660.0;100.0;99.96634799999998;99.96540079999997;99.94988479999998;99.94942719999997;99.89885439999995;99.89885439999995;99.94942719999997;99.94942719999997;99.89885439999995;99.89885439999995;99.84828159999992;99.96634799999998;99.84828159999992;99.74713599999987;99.7977087999999;99.7977087999999;99.84828159999992;99.84828159999992;99.84828159999992;99.89885439999995;99.89885439999995;99.94942719999997;99.96634799999998;99.94942719999997;99.94988479999998;99.94988479999998;99.94988479999998;99.94988479999998;99.94988479999998;99.94988479999998;99.94988479999998;99.94988479999998;99.96634799999998;99.84828159999992;99.84828159999992;99.96634799999998;99.96634799999998;99.96634799999998;99.96634799999998;99.96634799999998;
3720.0;100.0;99.96634799999998;99.96540079999997;99.94988479999998;99.94942719999997;99.89885439999995;99.89885439999995;99.94942719999997;99.94942719999997;99.89885439999995;99.89885439999995;99.84828159999992;99.96634799999998;99.84828159999992;99.74713599999987;99.7977087999999;99.7977087999999;99.84828159999992;99.84828159999992;99.84828159999992;99.89885439999995;99.89885439999995;99.94942719999997;99.96634799999998;99.94942719999997;99.94988479999998;99.94988479999998;99.94988479999998;99.94988479999998;99.94988479999998;99.94988479999998;99.94988479999998;99.94988479999998;99.96634799999998;99.84828159999992;99.84828159999992;99.96634799999998;99.96634799999998;99.96634799999998;99.96634799999998;99.96634799999998;
3780.0;100.0;99.96634799999998;99.96540079999997;99.94988479999998;99.94942719999997;99.89885439999995;99.89885439999995;99.94942719999997;99.94942719999997;99.89885439999995;99.89885439999995;99.84828159999992;99.96634799999998;99.84828159999992;99.74713599999987;99.7977087999999;99.7977087999999;99.84828159999992;99.84828159999992;99.84828159999992;99.89885439999995;99.89885439999995;99.94942719999997;99.96634799999998;99.94942719999997;99.94988479999998;99.94988479999998;99.94988479999998;99.94988479999998;99.94988479999998;99.94988479999998;99.94988479999998;99.94988479999998;99.96634799999998;99.84828159999992;99.84828159999992;99.96634799999998;99.96634799999998;99.96634799999998;99.96634799999998;99.96634799999998;
3840.0;100.0;99.96634799999998;99.96540079999997;99.94988479999998;99.94942719999997;99.89885439999995;99.89885439999995;99.94942719999997;99.94942719999997;99.89885439999995;99.89885439999995;99.84828159999992;99.96634799999998;99.84828159999992;99.74713599999987;99.7977087999999;99.7977087999999;99.84828159999992;99.84828159999992;99.84828159999992;99.89885439999995;99.89885439999995;99.94942719999997;99.96634799999998;99.94942719999997;99.94988479999998;99.94988479999998;99.94988479999998;99.94988479999998;99.94988479999998;99.94988479999998;99.94988479999998;99.94988479999998;99.96634799999998;99.84828159999992;99.84828159999992;99.96634799999998;99.96634799999998;99.96634799999998;99.96634799999998;99.96634799999998;
3900.0;100.0;99.96634799999998;99.96540079999997;99.94988479999998;99.94942719999997;99.89885439999995;99.89885439999995;99.94942719999997;99.94942719999997;99.89885439999995;99.89885439999995;99.84828159999992;99.96634799999998;99.84828159999992;99.74713599999987;99.7977087999999;99.7977087999999;99.84828159999992;99.84828159999992;99.84828159999992;99.89885439999995;99.89885439999995;99.94942719999997;99.96634799999998;99.94942719999997;99.94988479999998;99.94988479999998;99.94988479999998;99.94988479999998;99.94988479999998;99.94988479999998;99.94988479999998;99.94988479999998;99.96634799999998;99.84828159999992;99.84828159999992;99.96634799999998;99.96634799999998;99.96634799999998;99.96634799999998;99.96634799999998;
3960.0;100.0;99.96634799999998;99.96540079999997;99.94988479999998;99.94942719999997;99.89885439999995;99.89885439999995;99.94942719999997;99.94942719999997;99.89885439999995;99.89885439999995;99.84828159999992;99.96634799999998;99.84828159999992;99.74713599999987;99.7977087999999;99.7977087999999;99.84828159999992;99.84828159999992;99.84828159999992;99.89885439999995;99.89885439999995;99.94942719999997;99.96634799999998;99.94942719999997;99.94988479999998;99.94988479999998;99.94988479999998;99.94988479999998;99.94988479999998;99.94988479999998;99.94988479999998;99.94988479999998;99.96634799999998;99.84828159999992;99.84828159999992;99.96634799999998;99.96634799999998;99.96634799999998;99.96634799999998;99.96634799999998;
4020.0;100.0;99.96634799999998;99.96540079999997;99.94988479999998;99.94942719999997;99.89885439999995;99.89885439999995;99.94942719999997;99.94942719999997;99.89885439999995;99.89885439999995;99.84828159999992;99.96634799999998;99.84828159999992;99.74713599999987;99.7977087999999;99.7977087999999;99.84828159999992;99.84828159999992;99.84828159999992;99.89885439999995;99.89885439999995;99.94942719999997;99.96634799999998;99.94942719999997;99.94988479999998;99.94988479999998;99.94988479999998;99.94988479999998;99.94988479999998;99.94988479999998;99.94988479999998;99.94988479999998;99.96634799999998;99.84828159999992;99.84828159999992;99.96634799999998;99.96634799999998;99.96634799999998;99.96634799999998;99.96634799999998;
4080.0;100.0;99.96634799999998;99.96540079999997;99.94988479999998;99.94942719999997;99.89885439999995;99.89885439999995;99.94942719999997;99.94942719999997;99.89885439999995;99.89885439999995;99.84828159999992;99.96634799999998;99.84828159999992;99.74713599999987;99.7977087999999;99.7977087999999;99.84828159999992;99.84828159999992;99.84828159999992;99.89885439999995;99.89885439999995;99.94942719999997;99.96634799999998;99.94942719999997;99.94988479999998;99.94988479999998;99.94988479999998;99.94988479999998;99.94988479999998;99.94988479999998;99.94988479999998;99.94988479999998;99.96634799999998;99.84828159999992;99.84828159999992;99.96634799999998;99.96634799999998;99.96634799999998;99.96634799999998;99.96634799999998;
4140.0;100.0;99.96634799999998;99.96540079999997;99.94988479999998;99.94942719999997;99.89885439999995;99.89885439999995;99.94942719999997;99.94942719999997;99.89885439999995;99.89885439999995;99.84828159999992;99.96634799999998;99.84828159999992;99.74713599999987;99.7977087999999;99.7977087999999;99.84828159999992;99.84828159999992;99.84828159999992;99.89885439999995;99.89885439999995;99.94942719999997;99.96634799999998;99.94942719999997;99.94988479999998;99.94988479999998;99.94988479999998;99.94988479999998;99.94988479999998;99.94988479999998;99.94988479999998;99.94988479999998;99.96634799999998;99.84828159999992;99.84828159999992;99.96634799999998;99.96634799999998;99.96634799999998;99.96634799999998;99.96634799999998;
4200.0;100.0;99.96634799999998;99.96540079999997;99.94988479999998;99.94942719999997;99.89885439999995;99.89885439999995;99.94942719999997;99.94942719999997;99.89885439999995;99.89885439999995;99.84828159999992;99.96634799999998;99.84828159999992;99.74713599999987;99.7977087999999;99.7977087999999;99.84828159999992;99.84828159999992;99.84828159999992;99.89885439999995;99.89885439999995;99.94942719999997;99.96634799999998;99.94942719999997;99.94988479999998;99.94988479999998;99.94988479999998;99.94988479999998;99.94988479999998;99.94988479999998;99.94988479999998;99.94988479999998;99.96634799999998;99.84828159999992;99.84828159999992;99.96634799999998;99.96634799999998;99.96634799999998;99.96634799999998;99.96634799999998;
4260.0;100.0;99.96634799999998;99.96540079999997;99.94988479999998;99.94942719999997;99.89885439999995;99.89885439999995;99.94942719999997;99.94942719999997;99.89885439999995;99.89885439999995;99.84828159999992;99.96634799999998;99.84828159999992;99.74713599999987;99.7977087999999;99.7977087999999;99.84828159999992;99.84828159999992;99.84828159999992;99.89885439999995;99.89885439999995;99.94942719999997;99.96634799999998;99.94942719999997;99.94988479999998;99.94988479999998;99.94988479999998;99.94988479999998;99.94988479999998;99.94988479999998;99.94988479999998;99.94988479999998;99.96634799999998;99.84828159999992;99.84828159999992;99.96634799999998;99.96634799999998;99.96634799999998;99.96634799999998;99.96634799999998;
4320.0;100.0;99.96634799999998;99.96540079999997;99.94988479999998;99.94942719999997;99.89885439999995;99.89885439999995;99.94942719999997;99.94942719999997;99.89885439999995;99.89885439999995;99.84828159999992;99.96634799999998;99.84828159999992;99.74713599999987;99.7977087999999;99.7977087999999;99.84828159999992;99.84828159999992;99.84828159999992;99.89885439999995;99.89885439999995;99.94942719999997;99.96634799999998;99.94942719999997;99.94988479999998;99.94988479999998;99.94988479999998;99.94988479999998;99.94988479999998;99.94988479999998;99.94988479999998;99.94988479999998;99.96634799999998;99.84828159999992;99.84828159999992;99.96634799999998;99.96634799999998;99.96634799999998;99.96634799999998;99.96634799999998;
4380.0;100.0;99.96634799999998;99.96540079999997;99.94988479999998;99.94942719999997;99.89885439999995;99.89885439999995;99.94942719999997;99.94942719999997;99.89885439999995;99.89885439999995;99.84828159999992;99.96634799999998;99.84828159999992;99.74713599999987;99.7977087999999;99.7977087999999;99.84828159999992;99.84828159999992;99.84828159999992;99.89885439999995;99.89885439999995;99.94942719999997;99.96634799999998;99.94942719999997;99.94988479999998;99.94988479999998;99.94988479999998;99.94988479999998;99.94988479999998;99.94988479999998;99.94988479999998;99.94988479999998;99.96634799999998;99.84828159999992;99.84828159999992;99.96634799999998;99.96634799999998;99.96634799999998;99.96634799999998;99.96634799999998;
4440.0;100.0;99.96634799999998;99.96540079999997;99.94988479999998;99.94942719999997;99.89885439999995;99.89885439999995;99.94942719999997;99.94942719999997;99.89885439999995;99.89885439999995;99.84828159999992;99.96634799999998;99.84828159999992;99.74713599999987;99.7977087999999;99.7977087999999;99.84828159999992;99.84828159999992;99.84828159999992;99.89885439999995;99.89885439999995;99.94942719999997;99.96634799999998;99.94942719999997;99.94988479999998;99.94988479999998;99.94988479999998;99.94988479999998;99.94988479999998;99.94988479999998;99.94988479999998;99.94988479999998;99.96634799999998;99.84828159999992;99.84828159999992;99.96634799999998;99.96634799999998;99.96634799999998;99.96634799999998;99.96634799999998;
4500.0;100.0;99.96634799999998;99.96540079999997;99.94988479999998;99.94942719999997;99.89885439999995;99.89885439999995;99.94942719999997;99.94942719999997;99.89885439999995;99.89885439999995;99.84828159999992;99.96634799999998;99.84828159999992;99.74713599999987;99.7977087999999;99.7977087999999;99.84828159999992;99.84828159999992;99.84828159999992;99.89885439999995;99.89885439999995;99.94942719999997;99.96634799999998;99.94942719999997;99.94988479999998;99.94988479999998;99.94988479999998;99.94988479999998;99.94988479999998;99.94988479999998;99.94988479999998;99.94988479999998;99.96634799999998;99.84828159999992;99.84828159999992;99.96634799999998;99.96634799999998;99.96634799999998;99.96634799999998;99.96634799999998;
4500.026666666667;100.0;99.96624799999998;99.96530079999997;99.94988479999998;99.94942719999997;99.89885439999995;99.89885439999995;99.94942719999997;99.94942719999997;99.89885439999995;99.89885439999995;99.84828159999992;99.96624799999998;99.84828159999992;99.74713599999987;99.7977087999999;99.7977087999999;99.84828159999992;99.84828159999992;99.84828159999992;99.89885439999995;99.89885439999995;99.94942719999997;99.96624799999998;99.94942719999997;99.94988479999998;99.94988479999998;99.94988479999998;99.94988479999998;99.94988479999998;99.94988479999998;99.94988479999998;99.94988479999998;99.96624799999998;99.84828159999992;99.84828159999992;99.96624799999998;99.96624799999998;99.96624799999998;99.96624799999998;99.96624799999998;
4500.026666666667;100.0;99.95014559999998;99.96530079999997;99.94988479999998;99.94942719999997;99.89885439999995;99.89885439999995;99.94942719999997;99.94942719999997;99.89885439999995;99.89885439999995;99.84828159999992;99.95014559999998;99.84828159999992;99.74713599999987;99.7977087999999;99.7977087999999;99.84828159999992;99.84828159999992;99.84828159999992;99.89885439999995;99.89885439999995;99.94942719999997;99.95014559999998;99.94942719999997;99.94988479999998;99.94988479999998;99.94988479999998;99.94988479999998;99.94988479999998;99.94988479999998;99.94988479999998;99.94988479999998;99.95014559999998;99.84828159999992;99.84828159999992;99.95014559999998;99.95014559999998;99.95014559999998;99.95014559999998;99.95014559999998;
4500.026666666667;100.0;99.95014559999998;99.94872479999997;99.94988479999998;99.94942719999997;99.89885439999995;99.89885439999995;99.94942719999997;99.94942719999997;99.89885439999995;99.89885439999995;99.84828159999992;99.95014559999998;99.84828159999992;99.74713599999987;99.7977087999999;99.7977087999999;99.84828159999992;99.84828159999992;99.84828159999992;99.89885439999995;99.89885439999995;99.94942719999997;99.95014559999998;99.94942719999997;99.94988479999998;99.94988479999998;99.94988479999998;99.94988479999998;99.94988479999998;99.94988479999998;99.94988479999998;99.94988479999998;99.95014559999998;99.84828159999992;99.84828159999992;99.95014559999998;99.95014559999998;99.95014559999998;99.95014559999998;99.95014559999998;
4500.057037333333;100.0;99.95014559999998;99.94872479999997;99.94210559999998;99.94942719999997;99.89885439999995;99.89885439999995;99.94942719999997;99.94942719999997;99.89885439999995;99.89885439999995;99.84828159999992;99.95014559999998;99.84828159999992;99.74713599999987;99.7977087999999;99.7977087999999;99.84828159999992;99.84828159999992;99.84828159999992;99.89885439999995;99.89885439999995;99.94942719999997;99.95014559999998;99.94942719999997;99.94210559999998;99.94210559999998;99.94210559999998;99.94210559999998;99.94210559999998;99.94210559999998;99.94210559999998;99.94210559999998;99.95014559999998;99.84828159999992;99.84828159999992;99.95014559999998;99.95014559999998;99.95014559999998;99.95014559999998;99.95014559999998;
4500.057037333333;100.0;99.95014559999998;99.94872479999997;99.92552959999998;99.94942719999997;99.89885439999995;99.89885439999995;99.94942719999997;99.94942719999997;99.89885439999995;99.89885439999995;99.84828159999992;99.95014559999998;99.84828159999992;99.74713599999987;99.7977087999999;99.7977087999999;99.84828159999992;99.84828159999992;99.84828159999992;99.89885439999995;99.89885439999995;99.94942719999997;99.95014559999998;99.94942719999997;99.92552959999998;99.92552959999998;99.92552959999998;99.92552959999998;99.92552959999998;99.92552959999998;99.92552959999998;99.92552959999998;99.95014559999998;99.84828159999992;99.84828159999992;99.95014559999998;99.95014559999998;99.95014559999998;99.95014559999998;99.95014559999998;
4500.058126666667;100.0;99.95014559999998;99.94872479999997;99.92552959999998;99.94942719999997;99.89885439999995;99.89885439999995;99.94942719999997;99.94942719999997;99.89885439999995;99.89885439999995;99.84828159999992;99.95014559999998;99.84828159999992;99.74713599999987;99.7977087999999;99.7977087999999;99.84828159999992;99.84828159999992;99.84828159999992;99.89885439999995;99.89885439999995;99.94942719999997;99.95014559999998;99.94141919999997;99.92552959999998;99.92552959999998;99.92552959999998;99.92552959999998;99.92552959999998;99.92552959999998;99.92552959999998;99.92552959999998;99.95014559999998;99.84828159999992;99.84828159999992;99.95014559999998;99.95014559999998;99.95014559999998;99.95014559999998;99.95014559999998;
4500.058126666667;100.0;99.95014559999998;99.94872479999997;99.92552959999998;99.94942719999997;99.89885439999995;99.89885439999995;99.94942719999997;99.94942719999997;99.89885439999995;99.89885439999995;99.84828159999992;99.95014559999998;99.84828159999992;99.74713599999987;99.7977087999999;99.7977087999999;99.84828159999992;99.84828159999992;99.84828159999992;99.89885439999995;99.89885439999995;99.94942719999997;99.95014559999998;99.92484319999997;99.92552959999998;99.92552959999998;99.92552959999998;99.92552959999998;99.92552959999998;99.92552959999998;99.92552959999998;99.92552959999998;99.95014559999998;99.84828159999992;99.84828159999992;99.95014559999998;99.95014559999998;99.95014559999998;99.95014559999998;99.95014559999998;
4500.067037333333;100.0;99.95014559999998;99.94872479999997;99.92552959999998;99.94942719999997;99.89885439999995;99.89885439999995;99.94942719999997;99.94942719999997;99.89885439999995;99.89885439999995;99.84828159999992;99.95014559999998;99.84828159999992;99.74713599999987;99.7977087999999;99.7977087999999;99.84828159999992;99.84828159999992;99.84828159999992;99.89885439999995;99.89885439999995;99.94942719999997;99.95014559999998;99.92484319999997;99.92552959999998;99.92552959999998;99.92552959999998;99.92552959999998;99.92552959999998;99.92552959999998;99.92552959999998;99.92552959999998;99.95014559999998;99.84828159999992;99.84828159999992;99.95014559999998;99.95014559999998;99.95014559999998;99.95014559999998;99.95014559999998;
4500.0770373333335;100.0;99.95014559999998;99.94872479999997;99.92552959999998;99.94942719999997;99.89885439999995;99.89885439999995;99.94942719999997;99.94942719999997;99.89885439999995;99.89885439999995;99.84828159999992;99.95014559999998;99.84828159999992;99.74713599999987;99.7977087999999;99.7977087999999;99.84828159999992;99.84828159999992;99.84828159999992;99.89885439999995;99.89885439999995;99.94942719999997;99.95014559999998;99.92484319999997;99.92552959999998;99.92552959999998;99.92552959999998;99.92552959999998;99.92552959999998;99.92552959999998;99.92552959999998;99.92552959999998;99.95014559999998;99.84828159999992;99.84828159999992;99.95014559999998;99.95014559999998;99.95014559999998;99.95014559999998;99.95014559999998;
4500.087037333334;100.0;99.95014559999998;99.94872479999997;99.92552959999998;99.94942719999997;99.89885439999995;99.89885439999995;99.94942719999997;99.94942719999997;99.89885439999995;99.89885439999995;99.84828159999992;99.95014559999998;99.84828159999992;99.74713599999987;99.7977087999999;99.7977087999999;99.84828159999992;99.84828159999992;99.84828159999992;99.89885439999995;99.89885439999995;99.94942719999997;99.95014559999998;99.92484319999997;99.92552959999998;99.92552959999998;99.92552959999998;99.92552959999998;99.92552959999998;99.92552959999998;99.92552959999998;99.92552959999998;99.95014559999998;99.84828159999992;99.84828159999992;99.95014559999998;99.95014559999998;99.95014559999998;99.95014559999998;99.95014559999998;
4500.088497333334;100.0;99.95014559999998;99.94872479999997;99.92552959999998;99.94141919999997;99.89084639999994;99.89885439999995;99.94141919999997;99.94942719999997;99.89084639999994;99.89885439999995;99.84027359999992;99.95014559999998;99.84828159999992;99.73912799999987;99.7977087999999;99.78970079999989;99.84828159999992;99.84828159999992;99.84027359999992;99.89885439999995;99.89084639999994;99.94942719999997;99.95014559999998;99.92484319999997;99.92552959999998;99.92552959999998;99.92552959999998;99.92552959999998;99.92552959999998;99.92552959999998;99.92552959999998;99.92552959999998;99.95014559999998;99.84828159999992;99.84828159999992;99.95014559999998;99.95014559999998;99.95014559999998;99.95014559999998;99.95014559999998;
4500.088497333334;100.0;99.95014559999998;99.94872479999997;99.92552959999998;99.92484319999997;99.87427039999994;99.89885439999995;99.92484319999997;99.94942719999997;99.87427039999994;99.89885439999995;99.82369759999992;99.95014559999998;99.84828159999992;99.72255199999987;99.7977087999999;99.77312479999989;99.84828159999992;99.84828159999992;99.82369759999992;99.89885439999995;99.87427039999994;99.94942719999997;99.95014559999998;99.92484319999997;99.92552959999998;99.92552959999998;99.92552959999998;99.92552959999998;99.92552959999998;99.92552959999998;99.92552959999998;99.92552959999998;99.95014559999998;99.84828159999992;99.84828159999992;99.95014559999998;99.95014559999998;99.95014559999998;99.95014559999998;99.95014559999998;
4500.089586666668;100.0;99.95014559999998;99.94872479999997;99.92552959999998;99.92484319999997;99.87427039999994;99.89885439999995;99.92484319999997;99.94942719999997;99.87427039999994;99.89885439999995;99.82369759999992;99.95014559999998;99.84828159999992;99.72255199999987;99.7977087999999;99.77312479999989;99.84828159999992;99.84828159999992;99.82369759999992;99.89885439999995;99.87427039999994;99.94141919999997;99.95014559999998;99.92484319999997;99.92552959999998;99.92552959999998;99.92552959999998;99.92552959999998;99.92552959999998;99.92552959999998;99.92552959999998;99.92552959999998;99.95014559999998;99.84828159999992;99.84828159999992;99.95014559999998;99.95014559999998;99.95014559999998;99.95014559999998;99.95014559999998;
4500.089586666668;100.0;99.95014559999998;99.94872479999997;99.92552959999998;99.92484319999997;99.87427039999994;99.89885439999995;99.92484319999997;99.94942719999997;99.87427039999994;99.89885439999995;99.82369759999992;99.95014559999998;99.84828159999992;99.72255199999987;99.7977087999999;99.77312479999989;99.84828159999992;99.84828159999992;99.82369759999992;99.89885439999995;99.87427039999994;99.92484319999997;99.95014559999998;99.92484319999997;99.92552959999998;99.92552959999998;99.92552959999998;99.92552959999998;99.92552959999998;99.92552959999998;99.92552959999998;99.92552959999998;99.95014559999998;99.84828159999992;99.84828159999992;99.95014559999998;99.95014559999998;99.95014559999998;99.95014559999998;99.95014559999998;
4500.097037333335;100.0;99.95014559999998;99.94872479999997;99.92552959999998;99.92484319999997;99.87427039999994;99.89885439999995;99.92484319999997;99.94942719999997;99.87427039999994;99.89885439999995;99.82369759999992;99.95014559999998;99.84828159999992;99.72255199999987;99.7977087999999;99.77312479999989;99.84828159999992;99.84828159999992;99.82369759999992;99.89885439999995;99.87427039999994;99.92484319999997;99.95014559999998;99.92484319999997;99.92552959999998;99.92552959999998;99.92552959999998;99.92552959999998;99.92552959999998;99.92552959999998;99.92552959999998;99.92552959999998;99.95014559999998;99.84828159999992;99.84828159999992;99.95014559999998;99.95014559999998;99.95014559999998;99.95014559999998;99.95014559999998;
4500.107037333335;100.0;99.95014559999998;99.94872479999997;99.92552959999998;99.92484319999997;99.87427039999994;99.89885439999995;99.92484319999997;99.94942719999997;99.87427039999994;99.89885439999995;99.82369759999992;99.95014559999998;99.84828159999992;99.72255199999987;99.7977087999999;99.77312479999989;99.84828159999992;99.84828159999992;99.82369759999992;99.89885439999995;99.87427039999994;99.92484319999997;99.95014559999998;99.92484319999997;99.92552959999998;99.92552959999998;99.92552959999998;99.92552959999998;99.92552959999998;99.92552959999998;99.92552959999998;99.92552959999998;99.95014559999998;99.84828159999992;99.84828159999992;99.95014559999998;99.95014559999998;99.95014559999998;99.95014559999998;99.95014559999998;
4500.117037333335;100.0;99.95014559999998;99.94872479999997;99.92552959999998;99.92484319999997;99.87427039999994;99.89885439999995;99.92484319999997;99.94942719999997;99.87427039999994;99.89885439999995;99.82369759999992;99.95014559999998;99.84828159999992;99.72255199999987;99.7977087999999;99.77312479999989;99.84828159999992;99.84828159999992;99.82369759999992;99.89885439999995;99.87427039999994;99.92484319999997;99.95014559999998;99.92484319999997;99.92552959999998;99.92552959999998;99.92552959999998;99.92552959999998;99.92552959999998;99.92552959999998;99.92552959999998;99.92552959999998;99.95014559999998;99.84828159999992;99.84828159999992;99.95014559999998;99.95014559999998;99.95014559999998;99.95014559999998;99.95014559999998;
4500.119957333335;100.0;99.95014559999998;99.94872479999997;99.92552959999998;99.92484319999997;99.86626239999994;99.89084639999994;99.92484319999997;99.94141919999997;99.87427039999994;99.89084639999994;99.82369759999992;99.95014559999998;99.84027359999992;99.72255199999987;99.78970079999989;99.77312479999989;99.84828159999992;99.84027359999992;99.82369759999992;99.89084639999994;99.87427039999994;99.92484319999997;99.95014559999998;99.92484319999997;99.92552959999998;99.92552959999998;99.92552959999998;99.92552959999998;99.92552959999998;99.92552959999998;99.92552959999998;99.92552959999998;99.95014559999998;99.84828159999992;99.84828159999992;99.95014559999998;99.95014559999998;99.95014559999998;99.95014559999998;99.95014559999998;
4500.119957333335;100.0;99.95014559999998;99.94872479999997;99.92552959999998;99.92484319999997;99.84968639999994;99.87427039999994;99.92484319999997;99.92484319999997;99.87427039999994;99.87427039999994;99.82369759999992;99.95014559999998;99.82369759999992;99.72255199999987;99.77312479999989;99.77312479999989;99.84828159999992;99.82369759999992;99.82369759999992;99.87427039999994;99.87427039999994;99.92484319999997;99.95014559999998;99.92484319999997;99.92552959999998;99.92552959999998;99.92552959999998;99.92552959999998;99.92552959999998;99.92552959999998;99.92552959999998;99.92552959999998;99.95014559999998;99.84828159999992;99.84828159999992;99.95014559999998;99.95014559999998;99.95014559999998;99.95014559999998;99.95014559999998;
4500.121046666669;100.0;99.95014559999998;99.94872479999997;99.92552959999998;99.92484319999997;99.84968639999994;99.87427039999994;99.92484319999997;99.92484319999997;99.87427039999994;99.87427039999994;99.82369759999992;99.95014559999998;99.82369759999992;99.72255199999987;99.77312479999989;99.77312479999989;99.84828159999992;99.82369759999992;99.82369759999992;99.87427039999994;99.86626239999994;99.92484319999997;99.95014559999998;99.92484319999997;99.92552959999998;99.92552959999998;99.92552959999998;99.92552959999998;99.92552959999998;99.92552959999998;99.92552959999998;99.92552959999998;99.95014559999998;99.84828159999992;99.84828159999992;99.95014559999998;99.95014559999998;99.95014559999998;99.95014559999998;99.95014559999998;
4500.121046666669;100.0;99.95014559999998;99.94872479999997;99.92552959999998;99.92484319999997;99.84968639999994;99.87427039999994;99.92484319999997;99.92484319999997;99.87427039999994;99.87427039999994;99.82369759999992;99.95014559999998;99.82369759999992;99.72255199999987;99.77312479999989;99.77312479999989;99.84828159999992;99.82369759999992;99.82369759999992;99.87427039999994;99.84968639999994;99.92484319999997;99.95014559999998;99.92484319999997;99.92552959999998;99.92552959999998;99.92552959999998;99.92552959999998;99.92552959999998;99.92552959999998;99.92552959999998;99.92552959999998;99.95014559999998;99.84828159999992;99.84828159999992;99.95014559999998;99.95014559999998;99.95014559999998;99.95014559999998;99.95014559999998;
4500.1270373333355;100.0;99.95014559999998;99.94872479999997;99.92552959999998;99.92484319999997;99.84968639999994;99.87427039999994;99.92484319999997;99.92484319999997;99.87427039999994;99.87427039999994;99.82369759999992;99.95014559999998;99.82369759999992;99.72255199999987;99.77312479999989;99.77312479999989;99.84828159999992;99.82369759999992;99.82369759999992;99.87427039999994;99.84968639999994;99.92484319999997;99.95014559999998;99.92484319999997;99.92552959999998;99.92552959999998;99.92552959999998;99.92552959999998;99.92552959999998;99.92552959999998;99.92552959999998;99.92552959999998;99.95014559999998;99.84828159999992;99.84828159999992;99.95014559999998;99.95014559999998;99.95014559999998;99.95014559999998;99.95014559999998;
4500.129957333335;100.0;99.95014559999998;99.94872479999997;99.92552959999998;99.92484319999997;99.84968639999994;99.87427039999994;99.92484319999997;99.92484319999997;99.87427039999994;99.87427039999994;99.82369759999992;99.95014559999998;99.82369759999992;99.72255199999987;99.77312479999989;99.77312479999989;99.84828159999992;99.82369759999992;99.82369759999992;99.87427039999994;99.84968639999994;99.92484319999997;99.95014559999998;99.92484319999997;99.92552959999998;99.92552959999998;99.92552959999998;99.92552959999998;99.92552959999998;99.92552959999998;99.92552959999998;99.92552959999998;99.95014559999998;99.84828159999992;99.84828159999992;99.95014559999998;99.95014559999998;99.95014559999998;99.95014559999998;99.95014559999998;
4500.137037333336;100.0;99.95014559999998;99.94872479999997;99.92552959999998;99.92484319999997;99.84968639999994;99.87427039999994;99.92484319999997;99.92484319999997;99.87427039999994;99.87427039999994;99.82369759999992;99.95014559999998;99.82369759999992;99.72255199999987;99.77312479999989;99.77312479999989;99.84828159999992;99.82369759999992;99.82369759999992;99.87427039999994;99.84968639999994;99.92484319999997;99.95014559999998;99.92484319999997;99.92552959999998;99.92552959999998;99.92552959999998;99.92552959999998;99.92552959999998;99.92552959999998;99.92552959999998;99.92552959999998;99.95014559999998;99.84828159999992;99.84828159999992;99.95014559999998;99.95014559999998;99.95014559999998;99.95014559999998;99.95014559999998;
4500.148126666669;100.0;99.95014559999998;99.94872479999997;99.92552959999998;99.92484319999997;99.84968639999994;99.87427039999994;99.92484319999997;99.92484319999997;99.87427039999994;99.87427039999994;99.82369759999992;99.95014559999998;99.82369759999992;99.72255199999987;99.77312479999989;99.77312479999989;99.84828159999992;99.82369759999992;99.82369759999992;99.87427039999994;99.84968639999994;99.92484319999997;99.95014559999998;99.92484319999997;99.92552959999998;99.92552959999998;99.92552959999998;99.92552959999998;99.92552959999998;99.92552959999998;99.92552959999998;99.92552959999998;99.95014559999998;99.84828159999992;99.84828159999992;99.95014559999998;99.95014559999998;99.95014559999998;99.95014559999998;99.95014559999998;
4500.151417333335;100.0;99.95014559999998;99.94872479999997;99.92552959999998;99.92484319999997;99.84968639999994;99.86626239999994;99.92484319999997;99.92484319999997;99.86626239999994;99.87427039999994;99.81568959999991;99.95014559999998;99.82369759999992;99.71454399999986;99.77312479999989;99.77312479999989;99.84027359999992;99.82369759999992;99.81568959999991;99.87427039999994;99.84968639999994;99.92484319999997;99.95014559999998;99.92484319999997;99.92552959999998;99.92552959999998;99.92552959999998;99.92552959999998;99.92552959999998;99.92552959999998;99.92552959999998;99.92552959999998;99.95014559999998;99.84027359999992;99.84828159999992;99.95014559999998;99.95014559999998;99.95014559999998;99.95014559999998;99.95014559999998;
4500.151417333335;100.0;99.95014559999998;99.94872479999997;99.92552959999998;99.92484319999997;99.84968639999994;99.84968639999994;99.92484319999997;99.92484319999997;99.84968639999994;99.87427039999994;99.79911359999991;99.95014559999998;99.82369759999992;99.69796799999986;99.77312479999989;99.77312479999989;99.82369759999992;99.82369759999992;99.79911359999991;99.87427039999994;99.84968639999994;99.92484319999997;99.95014559999998;99.92484319999997;99.92552959999998;99.92552959999998;99.92552959999998;99.92552959999998;99.92552959999998;99.92552959999998;99.92552959999998;99.92552959999998;99.95014559999998;99.82369759999992;99.84828159999992;99.95014559999998;99.95014559999998;99.95014559999998;99.95014559999998;99.95014559999998;
4500.152506666669;100.0;99.95014559999998;99.94872479999997;99.92552959999998;99.92484319999997;99.84968639999994;99.84968639999994;99.92484319999997;99.92484319999997;99.84968639999994;99.87427039999994;99.79911359999991;99.95014559999998;99.82369759999992;99.69796799999986;99.77312479999989;99.77312479999989;99.82369759999992;99.82369759999992;99.79911359999991;99.86626239999994;99.84968639999994;99.92484319999997;99.95014559999998;99.92484319999997;99.92552959999998;99.92552959999998;99.92552959999998;99.92552959999998;99.92552959999998;99.92552959999998;99.92552959999998;99.92552959999998;99.95014559999998;99.82369759999992;99.84828159999992;99.95014559999998;99.95014559999998;99.95014559999998;99.95014559999998;99.95014559999998;
4500.152506666669;100.0;99.95014559999998;99.94872479999997;99.92552959999998;99.92484319999997;99.84968639999994;99.84968639999994;99.92484319999997;99.92484319999997;99.84968639999994;99.87427039999994;99.79911359999991;99.95014559999998;99.82369759999992;99.69796799999986;99.77312479999989;99.77312479999989;99.82369759999992;99.82369759999992;99.79911359999991;99.84968639999994;99.84968639999994;99.92484319999997;99.95014559999998;99.92484319999997;99.92552959999998;99.92552959999998;99.92552959999998;99.92552959999998;99.92552959999998;99.92552959999998;99.92552959999998;99.92552959999998;99.95014559999998;99.82369759999992;99.84828159999992;99.95014559999998;99.95014559999998;99.95014559999998;99.95014559999998;99.95014559999998;
4500.1828773333355;100.0;99.95014559999998;99.94872479999997;99.92552959999998;99.92484319999997;99.84968639999994;99.84968639999994;99.92484319999997;99.92484319999997;99.84968639999994;99.86626239999994;99.79911359999991;99.95014559999998;99.81568959999991;99.69796799999986;99.77312479999989;99.76511679999989;99.82369759999992;99.81568959999991;99.79911359999991;99.84968639999994;99.84968639999994;99.92484319999997;99.95014559999998;99.92484319999997;99.92552959999998;99.92552959999998;99.92552959999998;99.92552959999998;99.92552959999998;99.92552959999998;99.92552959999998;99.92552959999998;99.95014559999998;99.82369759999992;99.84027359999992;99.95014559999998;99.95014559999998;99.95014559999998;99.95014559999998;99.95014559999998;
4500.1828773333355;100.0;99.95014559999998;99.94872479999997;99.92552959999998;99.92484319999997;99.84968639999994;99.84968639999994;99.92484319999997;99.92484319999997;99.84968639999994;99.84968639999994;99.79911359999991;99.95014559999998;99.79911359999991;99.69796799999986;99.77312479999989;99.74854079999989;99.82369759999992;99.79911359999991;99.79911359999991;99.84968639999994;99.84968639999994;99.92484319999997;99.95014559999998;99.92484319999997;99.92552959999998;99.92552959999998;99.92552959999998;99.92552959999998;99.92552959999998;99.92552959999998;99.92552959999998;99.92552959999998;99.95014559999998;99.82369759999992;99.82369759999992;99.95014559999998;99.95014559999998;99.95014559999998;99.95014559999998;99.95014559999998;
4500.183966666669;100.0;99.95014559999998;99.94872479999997;99.92552959999998;99.92484319999997;99.84968639999994;99.84968639999994;99.92484319999997;99.92484319999997;99.84968639999994;99.84968639999994;99.79911359999991;99.95014559999998;99.79911359999991;99.69796799999986;99.77312479999989;99.74854079999989;99.82369759999992;99.79911359999991;99.79110559999991;99.84968639999994;99.84968639999994;99.92484319999997;99.95014559999998;99.92484319999997;99.92552959999998;99.92552959999998;99.92552959999998;99.92552959999998;99.92552959999998;99.92552959999998;99.92552959999998;99.92552959999998;99.95014559999998;99.82369759999992;99.82369759999992;99.95014559999998;99.95014559999998;99.95014559999998;99.95014559999998;99.95014559999998;
4500.183966666669;100.0;99.95014559999998;99.94872479999997;99.92552959999998;99.92484319999997;99.84968639999994;99.84968639999994;99.92484319999997;99.92484319999997;99.84968639999994;99.84968639999994;99.79911359999991;99.95014559999998;99.79911359999991;99.69796799999986;99.77312479999989;99.74854079999989;99.82369759999992;99.79911359999991;99.77452959999991;99.84968639999994;99.84968639999994;99.92484319999997;99.95014559999998;99.92484319999997;99.92552959999998;99.92552959999998;99.92552959999998;99.92552959999998;99.92552959999998;99.92552959999998;99.92552959999998;99.92552959999998;99.95014559999998;99.82369759999992;99.82369759999992;99.95014559999998;99.95014559999998;99.95014559999998;99.95014559999998;99.95014559999998;
4500.192877333336;100.0;99.95014559999998;99.94872479999997;99.92552959999998;99.92484319999997;99.84968639999994;99.84968639999994;99.92484319999997;99.92484319999997;99.84968639999994;99.84968639999994;99.79911359999991;99.95014559999998;99.79911359999991;99.69796799999986;99.77312479999989;99.74854079999989;99.82369759999992;99.79911359999991;99.77452959999991;99.84968639999994;99.84968639999994;99.92484319999997;99.95014559999998;99.92484319999997;99.92552959999998;99.92552959999998;99.92552959999998;99.92552959999998;99.92552959999998;99.92552959999998;99.92552959999998;99.92552959999998;99.95014559999998;99.82369759999992;99.82369759999992;99.95014559999998;99.95014559999998;99.95014559999998;99.95014559999998;99.95014559999998;
4500.214337333336;100.0;99.95014559999998;99.94872479999997;99.92552959999998;99.92484319999997;99.84968639999994;99.84968639999994;99.92484319999997;99.92484319999997;99.84968639999994;99.84968639999994;99.79110559999991;99.95014559999998;99.79911359999991;99.69796799999986;99.76511679999989;99.74854079999989;99.81568959999991;99.79911359999991;99.77452959999991;99.84968639999994;99.84968639999994;99.92484319999997;99.95014559999998;99.92484319999997;99.92552959999998;99.92552959999998;99.92552959999998;99.92552959999998;99.92552959999998;99.92552959999998;99.92552959999998;99.92552959999998;99.95014559999998;99.81568959999991;99.82369759999992;99.95014559999998;99.95014559999998;99.95014559999998;99.95014559999998;99.95014559999998;
4500.214337333336;100.0;99.95014559999998;99.94872479999997;99.92552959999998;99.92484319999997;99.84968639999994;99.84968639999994;99.92484319999997;99.92484319999997;99.84968639999994;99.84968639999994;99.77452959999991;99.95014559999998;99.79911359999991;99.69796799999986;99.74854079999989;99.74854079999989;99.79911359999991;99.79911359999991;99.77452959999991;99.84968639999994;99.84968639999994;99.92484319999997;99.95014559999998;99.92484319999997;99.92552959999998;99.92552959999998;99.92552959999998;99.92552959999998;99.92552959999998;99.92552959999998;99.92552959999998;99.92552959999998;99.95014559999998;99.79911359999991;99.82369759999992;99.95014559999998;99.95014559999998;99.95014559999998;99.95014559999998;99.95014559999998;
4500.215426666669;100.0;99.95014559999998;99.94872479999997;99.92552959999998;99.92484319999997;99.84968639999994;99.84968639999994;99.92484319999997;99.92484319999997;99.84968639999994;99.84968639999994;99.77452959999991;99.95014559999998;99.79911359999991;99.69796799999986;99.74854079999989;99.74854079999989;99.79911359999991;99.79110559999991;99.77452959999991;99.84968639999994;99.84968639999994;99.92484319999997;99.95014559999998;99.92484319999997;99.92552959999998;99.92552959999998;99.92552959999998;99.92552959999998;99.92552959999998;99.92552959999998;99.92552959999998;99.92552959999998;99.95014559999998;99.79911359999991;99.82369759999992;99.95014559999998;99.95014559999998;99.95014559999998;99.95014559999998;99.95014559999998;
4500.215426666669;100.0;99.95014559999998;99.94872479999997;99.92552959999998;99.92484319999997;99.84968639999994;99.84968639999994;99.92484319999997;99.92484319999997;99.84968639999994;99.84968639999994;99.77452959999991;99.95014559999998;99.79911359999991;99.69796799999986;99.74854079999989;99.74854079999989;99.79911359999991;99.77452959999991;99.77452959999991;99.84968639999994;99.84968639999994;99.92484319999997;99.95014559999998;99.92484319999997;99.92552959999998;99.92552959999998;99.92552959999998;99.92552959999998;99.92552959999998;99.92552959999998;99.92552959999998;99.92552959999998;99.95014559999998;99.79911359999991;99.82369759999992;99.95014559999998;99.95014559999998;99.95014559999998;99.95014559999998;99.95014559999998;
4500.245797333336;100.0;99.95014559999998;99.94872479999997;99.92552959999998;99.92484319999997;99.84968639999994;99.84968639999994;99.92484319999997;99.92484319999997;99.84968639999994;99.84968639999994;99.77452959999991;99.95014559999998;99.79110559999991;99.68995999999986;99.74854079999989;99.74053279999988;99.79911359999991;99.77452959999991;99.77452959999991;99.84968639999994;99.84968639999994;99.92484319999997;99.95014559999998;99.92484319999997;99.92552959999998;99.92552959999998;99.92552959999998;99.92552959999998;99.92552959999998;99.92552959999998;99.92552959999998;99.92552959999998;99.95014559999998;99.79911359999991;99.81568959999991;99.95014559999998;99.95014559999998;99.95014559999998;99.95014559999998;99.95014559999998;
4500.245797333336;100.0;99.95014559999998;99.94872479999997;99.92552959999998;99.92484319999997;99.84968639999994;99.84968639999994;99.92484319999997;99.92484319999997;99.84968639999994;99.84968639999994;99.77452959999991;99.95014559999998;99.77452959999991;99.67338399999986;99.74854079999989;99.72395679999988;99.79911359999991;99.77452959999991;99.77452959999991;99.84968639999994;99.84968639999994;99.92484319999997;99.95014559999998;99.92484319999997;99.92552959999998;99.92552959999998;99.92552959999998;99.92552959999998;99.92552959999998;99.92552959999998;99.92552959999998;99.92552959999998;99.95014559999998;99.79911359999991;99.79911359999991;99.95014559999998;99.95014559999998;99.95014559999998;99.95014559999998;99.95014559999998;
4500.2468866666695;100.0;99.95014559999998;99.94872479999997;99.92552959999998;99.92484319999997;99.84968639999994;99.84968639999994;99.92484319999997;99.92484319999997;99.84968639999994;99.84968639999994;99.77452959999991;99.95014559999998;99.77452959999991;99.67338399999986;99.74854079999989;99.72395679999988;99.79110559999991;99.77452959999991;99.77452959999991;99.84968639999994;99.84968639999994;99.92484319999997;99.95014559999998;99.92484319999997;99.92552959999998;99.92552959999998;99.92552959999998;99.92552959999998;99.92552959999998;99.92552959999998;99.92552959999998;99.92552959999998;99.95014559999998;99.79911359999991;99.79911359999991;99.95014559999998;99.95014559999998;99.95014559999998;99.95014559999998;99.95014559999998;
4500.2468866666695;100.0;99.95014559999998;99.94872479999997;99.92552959999998;99.92484319999997;99.84968639999994;99.84968639999994;99.92484319999997;99.92484319999997;99.84968639999994;99.84968639999994;99.77452959999991;99.95014559999998;99.77452959999991;99.67338399999986;99.74854079999989;99.72395679999988;99.77452959999991;99.77452959999991;99.77452959999991;99.84968639999994;99.84968639999994;99.92484319999997;99.95014559999998;99.92484319999997;99.92552959999998;99.92552959999998;99.92552959999998;99.92552959999998;99.92552959999998;99.92552959999998;99.92552959999998;99.92552959999998;99.95014559999998;99.79911359999991;99.79911359999991;99.95014559999998;99.95014559999998;99.95014559999998;99.95014559999998;99.95014559999998;
4500.255797333336;100.0;99.95014559999998;99.94872479999997;99.92552959999998;99.92484319999997;99.84968639999994;99.84968639999994;99.92484319999997;99.92484319999997;99.84968639999994;99.84968639999994;99.77452959999991;99.95014559999998;99.77452959999991;99.67338399999986;99.74854079999989;99.72395679999988;99.77452959999991;99.77452959999991;99.77452959999991;99.84968639999994;99.84968639999994;99.92484319999997;99.95014559999998;99.92484319999997;99.92552959999998;99.92552959999998;99.92552959999998;99.92552959999998;99.92552959999998;99.92552959999998;99.92552959999998;99.92552959999998;99.95014559999998;99.79911359999991;99.79911359999991;99.95014559999998;99.95014559999998;99.95014559999998;99.95014559999998;99.95014559999998;
4500.277257333336;100.0;99.95014559999998;99.94872479999997;99.92552959999998;99.92484319999997;99.84968639999994;99.84968639999994;99.92484319999997;99.92484319999997;99.84968639999994;99.84968639999994;99.77452959999991;99.95014559999998;99.77452959999991;99.67338399999986;99.74053279999988;99.72395679999988;99.77452959999991;99.77452959999991;99.77452959999991;99.84968639999994;99.84968639999994;99.92484319999997;99.95014559999998;99.92484319999997;99.92552959999998;99.92552959999998;99.92552959999998;99.92552959999998;99.92552959999998;99.92552959999998;99.92552959999998;99.92552959999998;99.95014559999998;99.79110559999991;99.79911359999991;99.95014559999998;99.95014559999998;99.95014559999998;99.95014559999998;99.95014559999998;
4500.277257333336;100.0;99.95014559999998;99.94872479999997;99.92552959999998;99.92484319999997;99.84968639999994;99.84968639999994;99.92484319999997;99.92484319999997;99.84968639999994;99.84968639999994;99.77452959999991;99.95014559999998;99.77452959999991;99.67338399999986;99.72395679999988;99.72395679999988;99.77452959999991;99.77452959999991;99.77452959999991;99.84968639999994;99.84968639999994;99.92484319999997;99.95014559999998;99.92484319999997;99.92552959999998;99.92552959999998;99.92552959999998;99.92552959999998;99.92552959999998;99.92552959999998;99.92552959999998;99.92552959999998;99.95014559999998;99.77452959999991;99.79911359999991;99.95014559999998;99.95014559999998;99.95014559999998;99.95014559999998;99.95014559999998;
4500.27834666667;100.0;99.95014559999998;99.94872479999997;99.92552959999998;99.92484319999997;99.84968639999994;99.84968639999994;99.92484319999997;99.92484319999997;99.84968639999994;99.84968639999994;99.77452959999991;99.95014559999998;99.77452959999991;99.67338399999986;99.72395679999988;99.71594879999988;99.77452959999991;99.77452959999991;99.77452959999991;99.84968639999994;99.84968639999994;99.92484319999997;99.95014559999998;99.92484319999997;99.92552959999998;99.92552959999998;99.92552959999998;99.92552959999998;99.92552959999998;99.92552959999998;99.92552959999998;99.92552959999998;99.95014559999998;99.77452959999991;99.79911359999991;99.95014559999998;99.95014559999998;99.95014559999998;99.95014559999998;99.95014559999998;
4500.27834666667;100.0;99.95014559999998;99.94872479999997;99.92552959999998;99.92484319999997;99.84968639999994;99.84968639999994;99.92484319999997;99.92484319999997;99.84968639999994;99.84968639999994;99.77452959999991;99.95014559999998;99.77452959999991;99.67338399999986;99.72395679999988;99.69937279999988;99.77452959999991;99.77452959999991;99.77452959999991;99.84968639999994;99.84968639999994;99.92484319999997;99.95014559999998;99.92484319999997;99.92552959999998;99.92552959999998;99.92552959999998;99.92552959999998;99.92552959999998;99.92552959999998;99.92552959999998;99.92552959999998;99.95014559999998;99.77452959999991;99.79911359999991;99.95014559999998;99.95014559999998;99.95014559999998;99.95014559999998;99.95014559999998;
4500.308717333336;100.0;99.95014559999998;99.94872479999997;99.92552959999998;99.92484319999997;99.84968639999994;99.84968639999994;99.92484319999997;99.92484319999997;99.84968639999994;99.84968639999994;99.77452959999991;99.95014559999998;99.77452959999991;99.66537599999985;99.72395679999988;99.69937279999988;99.77452959999991;99.77452959999991;99.77452959999991;99.84968639999994;99.84968639999994;99.92484319999997;99.95014559999998;99.92484319999997;99.92552959999998;99.92552959999998;99.92552959999998;99.92552959999998;99.92552959999998;99.92552959999998;99.92552959999998;99.92552959999998;99.95014559999998;99.77452959999991;99.79110559999991;99.95014559999998;99.95014559999998;99.95014559999998;99.95014559999998;99.95014559999998;
4500.308717333336;100.0;99.95014559999998;99.94872479999997;99.92552959999998;99.92484319999997;99.84968639999994;99.84968639999994;99.92484319999997;99.92484319999997;99.84968639999994;99.84968639999994;99.77452959999991;99.95014559999998;99.77452959999991;99.64879999999985;99.72395679999988;99.69937279999988;99.77452959999991;99.77452959999991;99.77452959999991;99.84968639999994;99.84968639999994;99.92484319999997;99.95014559999998;99.92484319999997;99.92552959999998;99.92552959999998;99.92552959999998;99.92552959999998;99.92552959999998;99.92552959999998;99.92552959999998;99.92552959999998;99.95014559999998;99.77452959999991;99.77452959999991;99.95014559999998;99.95014559999998;99.95014559999998;99.95014559999998;99.95014559999998;
4500.30980666667;100.0;99.95014559999998;99.94872479999997;99.92552959999998;99.92484319999997;99.84968639999994;99.84968639999994;99.92484319999997;99.92484319999997;99.84968639999994;99.84968639999994;99.77452959999991;99.95014559999998;99.77452959999991;99.64879999999985;99.71594879999988;99.69937279999988;99.77452959999991;99.77452959999991;99.77452959999991;99.84968639999994;99.84968639999994;99.92484319999997;99.95014559999998;99.92484319999997;99.92552959999998;99.92552959999998;99.92552959999998;99.92552959999998;99.92552959999998;99.92552959999998;99.92552959999998;99.92552959999998;99.95014559999998;99.77452959999991;99.77452959999991;99.95014559999998;99.95014559999998;99.95014559999998;99.95014559999998;99.95014559999998;
4500.30980666667;100.0;99.95014559999998;99.94872479999997;99.92552959999998;99.92484319999997;99.84968639999994;99.84968639999994;99.92484319999997;99.92484319999997;99.84968639999994;99.84968639999994;99.77452959999991;99.95014559999998;99.77452959999991;99.64879999999985;99.69937279999988;99.69937279999988;99.77452959999991;99.77452959999991;99.77452959999991;99.84968639999994;99.84968639999994;99.92484319999997;99.95014559999998;99.92484319999997;99.92552959999998;99.92552959999998;99.92552959999998;99.92552959999998;99.92552959999998;99.92552959999998;99.92552959999998;99.92552959999998;99.95014559999998;99.77452959999991;99.77452959999991;99.95014559999998;99.95014559999998;99.95014559999998;99.95014559999998;99.95014559999998;
4500.340177333336;100.0;99.95014559999998;99.94872479999997;99.92552959999998;99.92484319999997;99.84968639999994;99.84968639999994;99.92484319999997;99.92484319999997;99.84968639999994;99.84968639999994;99.77452959999991;99.95014559999998;99.77452959999991;99.64879999999985;99.69937279999988;99.69937279999988;99.77452959999991;99.77452959999991;99.77452959999991;99.84968639999994;99.84968639999994;99.92484319999997;99.95014559999998;99.92484319999997;99.92552959999998;99.92552959999998;99.92552959999998;99.92552959999998;99.92552959999998;99.92552959999998;99.92552959999998;99.92552959999998;99.95014559999998;99.77452959999991;99.77452959999991;99.95014559999998;99.95014559999998;99.95014559999998;99.95014559999998;99.95014559999998;
4500.34126666667;100.0;99.95014559999998;99.94872479999997;99.92552959999998;99.92484319999997;99.84968639999994;99.84968639999994;99.92484319999997;99.92484319999997;99.84968639999994;99.84968639999994;99.77452959999991;99.95014559999998;99.77452959999991;99.64079199999985;99.69937279999988;99.69937279999988;99.77452959999991;99.77452959999991;99.77452959999991;99.84968639999994;99.84968639999994;99.92484319999997;99.95014559999998;99.92484319999997;99.92552959999998;99.92552959999998;99.92552959999998;99.92552959999998;99.92552959999998;99.92552959999998;99.92552959999998;99.92552959999998;99.95014559999998;99.77452959999991;99.77452959999991;99.95014559999998;99.95014559999998;99.95014559999998;99.95014559999998;99.95014559999998;
4500.34126666667;100.0;99.95014559999998;99.94872479999997;99.92552959999998;99.92484319999997;99.84968639999994;99.84968639999994;99.92484319999997;99.92484319999997;99.84968639999994;99.84968639999994;99.77452959999991;99.95014559999998;99.77452959999991;99.62421599999985;99.69937279999988;99.69937279999988;99.77452959999991;99.77452959999991;99.77452959999991;99.84968639999994;99.84968639999994;99.92484319999997;99.95014559999998;99.92484319999997;99.92552959999998;99.92552959999998;99.92552959999998;99.92552959999998;99.92552959999998;99.92552959999998;99.92552959999998;99.92552959999998;99.95014559999998;99.77452959999991;99.77452959999991;99.95014559999998;99.95014559999998;99.95014559999998;99.95014559999998;99.95014559999998;
4560.000000000004;100.0;99.95014559999998;99.94872479999997;99.92552959999998;99.92484319999997;99.84968639999994;99.84968639999994;99.92484319999997;99.92484319999997;99.84968639999994;99.84968639999994;99.77452959999991;99.95014559999998;99.77452959999991;99.62421599999985;99.69937279999988;99.69937279999988;99.77452959999991;99.77452959999991;99.77452959999991;99.84968639999994;99.84968639999994;99.92484319999997;99.95014559999998;99.92484319999997;99.92552959999998;99.92552959999998;99.92552959999998;99.92552959999998;99.92552959999998;99.92552959999998;99.92552959999998;99.92552959999998;99.95014559999998;99.77452959999991;99.77452959999991;99.95014559999998;99.95014559999998;99.95014559999998;99.95014559999998;99.95014559999998;
4620.000000000004;100.0;99.95014559999998;99.94872479999997;99.92552959999998;99.92484319999997;99.84968639999994;99.84968639999994;99.92484319999997;99.92484319999997;99.84968639999994;99.84968639999994;99.77452959999991;99.95014559999998;99.77452959999991;99.62421599999985;99.69937279999988;99.69937279999988;99.77452959999991;99.77452959999991;99.77452959999991;99.84968639999994;99.84968639999994;99.92484319999997;99.95014559999998;99.92484319999997;99.92552959999998;99.92552959999998;99.92552959999998;99.92552959999998;99.92552959999998;99.92552959999998;99.92552959999998;99.92552959999998;99.95014559999998;99.77452959999991;99.77452959999991;99.95014559999998;99.95014559999998;99.95014559999998;99.95014559999998;99.95014559999998;
4680.000000000004;100.0;99.95014559999998;99.94872479999997;99.92552959999998;99.92484319999997;99.84968639999994;99.84968639999994;99.92484319999997;99.92484319999997;99.84968639999994;99.84968639999994;99.77452959999991;99.95014559999998;99.77452959999991;99.62421599999985;99.69937279999988;99.69937279999988;99.77452959999991;99.77452959999991;99.77452959999991;99.84968639999994;99.84968639999994;99.92484319999997;99.95014559999998;99.92484319999997;99.92552959999998;99.92552959999998;99.92552959999998;99.92552959999998;99.92552959999998;99.92552959999998;99.92552959999998;99.92552959999998;99.95014559999998;99.77452959999991;99.77452959999991;99.95014559999998;99.95014559999998;99.95014559999998;99.95014559999998;99.95014559999998;
4740.000000000004;100.0;99.95014559999998;99.94872479999997;99.92552959999998;99.92484319999997;99.84968639999994;99.84968639999994;99.92484319999997;99.92484319999997;99.84968639999994;99.84968639999994;99.77452959999991;99.95014559999998;99.77452959999991;99.62421599999985;99.69937279999988;99.69937279999988;99.77452959999991;99.77452959999991;99.77452959999991;99.84968639999994;99.84968639999994;99.92484319999997;99.95014559999998;99.92484319999997;99.92552959999998;99.92552959999998;99.92552959999998;99.92552959999998;99.92552959999998;99.92552959999998;99.92552959999998;99.92552959999998;99.95014559999998;99.77452959999991;99.77452959999991;99.95014559999998;99.95014559999998;99.95014559999998;99.95014559999998;99.95014559999998;
4800.000000000004;100.0;99.95014559999998;99.94872479999997;99.92552959999998;99.92484319999997;99.84968639999994;99.84968639999994;99.92484319999997;99.92484319999997;99.84968639999994;99.84968639999994;99.77452959999991;99.95014559999998;99.77452959999991;99.62421599999985;99.69937279999988;99.69937279999988;99.77452959999991;99.77452959999991;99.77452959999991;99.84968639999994;99.84968639999994;99.92484319999997;99.95014559999998;99.92484319999997;99.92552959999998;99.92552959999998;99.92552959999998;99.92552959999998;99.92552959999998;99.92552959999998;99.92552959999998;99.92552959999998;99.95014559999998;99.77452959999991;99.77452959999991;99.95014559999998;99.95014559999998;99.95014559999998;99.95014559999998;99.95014559999998;
4860.000000000004;100.0;99.95014559999998;99.94872479999997;99.92552959999998;99.92484319999997;99.84968639999994;99.84968639999994;99.92484319999997;99.92484319999997;99.84968639999994;99.84968639999994;99.77452959999991;99.95014559999998;99.77452959999991;99.62421599999985;99.69937279999988;99.69937279999988;99.77452959999991;99.77452959999991;99.77452959999991;99.84968639999994;99.84968639999994;99.92484319999997;99.95014559999998;99.92484319999997;99.92552959999998;99.92552959999998;99.92552959999998;99.92552959999998;99.92552959999998;99.92552959999998;99.92552959999998;99.92552959999998;99.95014559999998;99.77452959999991;99.77452959999991;99.95014559999998;99.95014559999998;99.95014559999998;99.95014559999998;99.95014559999998;
4920.000000000004;100.0;99.95014559999998;99.94872479999997;99.92552959999998;99.92484319999997;99.84968639999994;99.84968639999994;99.92484319999997;99.92484319999997;99.84968639999994;99.84968639999994;99.77452959999991;99.95014559999998;99.77452959999991;99.62421599999985;99.69937279999988;99.69937279999988;99.77452959999991;99.77452959999991;99.77452959999991;99.84968639999994;99.84968639999994;99.92484319999997;99.95014559999998;99.92484319999997;99.92552959999998;99.92552959999998;99.92552959999998;99.92552959999998;99.92552959999998;99.92552959999998;99.92552959999998;99.92552959999998;99.95014559999998;99.77452959999991;99.77452959999991;99.95014559999998;99.95014559999998;99.95014559999998;99.95014559999998;99.95014559999998;
4980.000000000004;100.0;99.95014559999998;99.94872479999997;99.92552959999998;99.92484319999997;99.84968639999994;99.84968639999994;99.92484319999997;99.92484319999997;99.84968639999994;99.84968639999994;99.77452959999991;99.95014559999998;99.77452959999991;99.62421599999985;99.69937279999988;99.69937279999988;99.77452959999991;99.77452959999991;99.77452959999991;99.84968639999994;99.84968639999994;99.92484319999997;99.95014559999998;99.92484319999997;99.92552959999998;99.92552959999998;99.92552959999998;99.92552959999998;99.92552959999998;99.92552959999998;99.92552959999998;99.92552959999998;99.95014559999998;99.77452959999991;99.77452959999991;99.95014559999998;99.95014559999998;99.95014559999998;99.95014559999998;99.95014559999998;
5040.000000000004;100.0;99.95014559999998;99.94872479999997;99.92552959999998;99.92484319999997;99.84968639999994;99.84968639999994;99.92484319999997;99.92484319999997;99.84968639999994;99.84968639999994;99.77452959999991;99.95014559999998;99.77452959999991;99.62421599999985;99.69937279999988;99.69937279999988;99.77452959999991;99.77452959999991;99.77452959999991;99.84968639999994;99.84968639999994;99.92484319999997;99.95014559999998;99.92484319999997;99.92552959999998;99.92552959999998;99.92552959999998;99.92552959999998;99.92552959999998;99.92552959999998;99.92552959999998;99.92552959999998;99.95014559999998;99.77452959999991;99.77452959999991;99.95014559999998;99.95014559999998;99.95014559999998;99.95014559999998;99.95014559999998;
5100.000000000004;100.0;99.95014559999998;99.94872479999997;99.92552959999998;99.92484319999997;99.84968639999994;99.84968639999994;99.92484319999997;99.92484319999997;99.84968639999994;99.84968639999994;99.77452959999991;99.95014559999998;99.77452959999991;99.62421599999985;99.69937279999988;99.69937279999988;99.77452959999991;99.77452959999991;99.77452959999991;99.84968639999994;99.84968639999994;99.92484319999997;99.95014559999998;99.92484319999997;99.92552959999998;99.92552959999998;99.92552959999998;99.92552959999998;99.92552959999998;99.92552959999998;99.92552959999998;99.92552959999998;99.95014559999998;99.77452959999991;99.77452959999991;99.95014559999998;99.95014559999998;99.95014559999998;99.95014559999998;99.95014559999998;
5160.000000000004;100.0;99.95014559999998;99.94872479999997;99.92552959999998;99.92484319999997;99.84968639999994;99.84968639999994;99.92484319999997;99.92484319999997;99.84968639999994;99.84968639999994;99.77452959999991;99.95014559999998;99.77452959999991;99.62421599999985;99.69937279999988;99.69937279999988;99.77452959999991;99.77452959999991;99.77452959999991;99.84968639999994;99.84968639999994;99.92484319999997;99.95014559999998;99.92484319999997;99.92552959999998;99.92552959999998;99.92552959999998;99.92552959999998;99.92552959999998;99.92552959999998;99.92552959999998;99.92552959999998;99.95014559999998;99.77452959999991;99.77452959999991;99.95014559999998;99.95014559999998;99.95014559999998;99.95014559999998;99.95014559999998;
5220.000000000004;100.0;99.95014559999998;99.94872479999997;99.92552959999998;99.92484319999997;99.84968639999994;99.84968639999994;99.92484319999997;99.92484319999997;99.84968639999994;99.84968639999994;99.77452959999991;99.95014559999998;99.77452959999991;99.62421599999985;99.69937279999988;99.69937279999988;99.77452959999991;99.77452959999991;99.77452959999991;99.84968639999994;99.84968639999994;99.92484319999997;99.95014559999998;99.92484319999997;99.92552959999998;99.92552959999998;99.92552959999998;99.92552959999998;99.92552959999998;99.92552959999998;99.92552959999998;99.92552959999998;99.95014559999998;99.77452959999991;99.77452959999991;99.95014559999998;99.95014559999998;99.95014559999998;99.95014559999998;99.95014559999998;
5280.000000000004;100.0;99.95014559999998;99.94872479999997;99.92552959999998;99.92484319999997;99.84968639999994;99.84968639999994;99.92484319999997;99.92484319999997;99.84968639999994;99.84968639999994;99.77452959999991;99.95014559999998;99.77452959999991;99.62421599999985;99.69937279999988;99.69937279999988;99.77452959999991;99.77452959999991;99.77452959999991;99.84968639999994;99.84968639999994;99.92484319999997;99.95014559999998;99.92484319999997;99.92552959999998;99.92552959999998;99.92552959999998;99.92552959999998;99.92552959999998;99.92552959999998;99.92552959999998;99.92552959999998;99.95014559999998;99.77452959999991;99.77452959999991;99.95014559999998;99.95014559999998;99.95014559999998;99.95014559999998;99.95014559999998;
5340.000000000004;100.0;99.95014559999998;99.94872479999997;99.92552959999998;99.92484319999997;99.84968639999994;99.84968639999994;99.92484319999997;99.92484319999997;99.84968639999994;99.84968639999994;99.77452959999991;99.95014559999998;99.77452959999991;99.62421599999985;99.69937279999988;99.69937279999988;99.77452959999991;99.77452959999991;99.77452959999991;99.84968639999994;99.84968639999994;99.92484319999997;99.95014559999998;99.92484319999997;99.92552959999998;99.92552959999998;99.92552959999998;99.92552959999998;99.92552959999998;99.92552959999998;99.92552959999998;99.92552959999998;99.95014559999998;99.77452959999991;99.77452959999991;99.95014559999998;99.95014559999998;99.95014559999998;99.95014559999998;99.95014559999998;
5400.000000000004;100.0;99.95014559999998;99.94872479999997;99.92552959999998;99.92484319999997;99.84968639999994;99.84968639999994;99.92484319999997;99.92484319999997;99.84968639999994;99.84968639999994;99.77452959999991;99.95014559999998;99.77452959999991;99.62421599999985;99.69937279999988;99.69937279999988;99.77452959999991;99.77452959999991;99.77452959999991;99.84968639999994;99.84968639999994;99.92484319999997;99.95014559999998;99.92484319999997;99.92552959999998;99.92552959999998;99.92552959999998;99.92552959999998;99.92552959999998;99.92552959999998;99.92552959999998;99.92552959999998;99.95014559999998;99.77452959999991;99.77452959999991;99.95014559999998;99.95014559999998;99.95014559999998;99.95014559999998;99.95014559999998;
5400.026666666671;100.0;99.95004559999998;99.94862479999996;99.92552959999998;99.92484319999997;99.84968639999994;99.84968639999994;99.92484319999997;99.92484319999997;99.84968639999994;99.84968639999994;99.77452959999991;99.95004559999998;99.77452959999991;99.62421599999985;99.69937279999988;99.69937279999988;99.77452959999991;99.77452959999991;99.77452959999991;99.84968639999994;99.84968639999994;99.92484319999997;99.95004559999998;99.92484319999997;99.92552959999998;99.92552959999998;99.92552959999998;99.92552959999998;99.92552959999998;99.92552959999998;99.92552959999998;99.92552959999998;99.95004559999998;99.77452959999991;99.77452959999991;99.95004559999998;99.95004559999998;99.95004559999998;99.95004559999998;99.95004559999998;
5400.026666666671;100.0;99.93204879999998;99.94862479999996;99.92552959999998;99.92484319999997;99.84968639999994;99.84968639999994;99.92484319999997;99.92484319999997;99.84968639999994;99.84968639999994;99.77452959999991;99.93204879999998;99.77452959999991;99.62421599999985;99.69937279999988;99.69937279999988;99.77452959999991;99.77452959999991;99.77452959999991;99.84968639999994;99.84968639999994;99.92484319999997;99.93204879999998;99.92484319999997;99.92552959999998;99.92552959999998;99.92552959999998;99.92552959999998;99.92552959999998;99.92552959999998;99.92552959999998;99.92552959999998;99.93204879999998;99.77452959999991;99.77452959999991;99.93204879999998;99.93204879999998;99.93204879999998;99.93204879999998;99.93204879999998;
5400.026666666671;100.0;99.93204879999998;99.93015439999996;99.92552959999998;99.92484319999997;99.84968639999994;99.84968639999994;99.92484319999997;99.92484319999997;99.84968639999994;99.84968639999994;99.77452959999991;99.93204879999998;99.77452959999991;99.62421599999985;99.69937279999988;99.69937279999988;99.77452959999991;99.77452959999991;99.77452959999991;99.84968639999994;99.84968639999994;99.92484319999997;99.93204879999998;99.92484319999997;99.92552959999998;99.92552959999998;99.92552959999998;99.92552959999998;99.92552959999998;99.92552959999998;99.92552959999998;99.92552959999998;99.93204879999998;99.77452959999991;99.77452959999991;99.93204879999998;99.93204879999998;99.93204879999998;99.93204879999998;99.93204879999998;
5400.061394666671;100.0;99.93204879999998;99.93015439999996;99.91683519999998;99.92484319999997;99.84968639999994;99.84968639999994;99.92484319999997;99.92484319999997;99.84968639999994;99.84968639999994;99.77452959999991;99.93204879999998;99.77452959999991;99.62421599999985;99.69937279999988;99.69937279999988;99.77452959999991;99.77452959999991;99.77452959999991;99.84968639999994;99.84968639999994;99.92484319999997;99.93204879999998;99.92484319999997;99.91683519999998;99.91683519999998;99.91683519999998;99.91683519999998;99.91683519999998;99.91683519999998;99.91683519999998;99.91683519999998;99.93204879999998;99.77452959999991;99.77452959999991;99.93204879999998;99.93204879999998;99.93204879999998;99.93204879999998;99.93204879999998;
5400.061394666671;100.0;99.93204879999998;99.93015439999996;99.89836479999998;99.92484319999997;99.84968639999994;99.84968639999994;99.92484319999997;99.92484319999997;99.84968639999994;99.84968639999994;99.77452959999991;99.93204879999998;99.77452959999991;99.62421599999985;99.69937279999988;99.69937279999988;99.77452959999991;99.77452959999991;99.77452959999991;99.84968639999994;99.84968639999994;99.92484319999997;99.93204879999998;99.92484319999997;99.89836479999998;99.89836479999998;99.89836479999998;99.89836479999998;99.89836479999998;99.89836479999998;99.89836479999998;99.89836479999998;99.93204879999998;99.77452959999991;99.77452959999991;99.93204879999998;99.93204879999998;99.93204879999998;99.93204879999998;99.93204879999998;
5400.062484000005;100.0;99.93204879999998;99.93015439999996;99.89836479999998;99.92484319999997;99.84968639999994;99.84968639999994;99.92484319999997;99.92484319999997;99.84968639999994;99.84968639999994;99.77452959999991;99.93204879999998;99.77452959999991;99.62421599999985;99.69937279999988;99.69937279999988;99.77452959999991;99.77452959999991;99.77452959999991;99.84968639999994;99.84968639999994;99.92484319999997;99.93204879999998;99.91591999999997;99.89836479999998;99.89836479999998;99.89836479999998;99.89836479999998;99.89836479999998;99.89836479999998;99.89836479999998;99.89836479999998;99.93204879999998;99.77452959999991;99.77452959999991;99.93204879999998;99.93204879999998;99.93204879999998;99.93204879999998;99.93204879999998;
5400.062484000005;100.0;99.93204879999998;99.93015439999996;99.89836479999998;99.92484319999997;99.84968639999994;99.84968639999994;99.92484319999997;99.92484319999997;99.84968639999994;99.84968639999994;99.77452959999991;99.93204879999998;99.77452959999991;99.62421599999985;99.69937279999988;99.69937279999988;99.77452959999991;99.77452959999991;99.77452959999991;99.84968639999994;99.84968639999994;99.92484319999997;99.93204879999998;99.89744959999997;99.89836479999998;99.89836479999998;99.89836479999998;99.89836479999998;99.89836479999998;99.89836479999998;99.89836479999998;99.89836479999998;99.93204879999998;99.77452959999991;99.77452959999991;99.93204879999998;99.93204879999998;99.93204879999998;99.93204879999998;99.93204879999998;
5400.071394666671;100.0;99.93204879999998;99.93015439999996;99.89836479999998;99.92484319999997;99.84968639999994;99.84968639999994;99.92484319999997;99.92484319999997;99.84968639999994;99.84968639999994;99.77452959999991;99.93204879999998;99.77452959999991;99.62421599999985;99.69937279999988;99.69937279999988;99.77452959999991;99.77452959999991;99.77452959999991;99.84968639999994;99.84968639999994;99.92484319999997;99.93204879999998;99.89744959999997;99.89836479999998;99.89836479999998;99.89836479999998;99.89836479999998;99.89836479999998;99.89836479999998;99.89836479999998;99.89836479999998;99.93204879999998;99.77452959999991;99.77452959999991;99.93204879999998;99.93204879999998;99.93204879999998;99.93204879999998;99.93204879999998;
5400.081394666671;100.0;99.93204879999998;99.93015439999996;99.89836479999998;99.92484319999997;99.84968639999994;99.84968639999994;99.92484319999997;99.92484319999997;99.84968639999994;99.84968639999994;99.77452959999991;99.93204879999998;99.77452959999991;99.62421599999985;99.69937279999988;99.69937279999988;99.77452959999991;99.77452959999991;99.77452959999991;99.84968639999994;99.84968639999994;99.92484319999997;99.93204879999998;99.89744959999997;99.89836479999998;99.89836479999998;99.89836479999998;99.89836479999998;99.89836479999998;99.89836479999998;99.89836479999998;99.89836479999998;99.93204879999998;99.77452959999991;99.77452959999991;99.93204879999998;99.93204879999998;99.93204879999998;99.93204879999998;99.93204879999998;
5400.0913946666715;100.0;99.93204879999998;99.93015439999996;99.89836479999998;99.92484319999997;99.84968639999994;99.84968639999994;99.92484319999997;99.92484319999997;99.84968639999994;99.84968639999994;99.77452959999991;99.93204879999998;99.77452959999991;99.62421599999985;99.69937279999988;99.69937279999988;99.77452959999991;99.77452959999991;99.77452959999991;99.84968639999994;99.84968639999994;99.92484319999997;99.93204879999998;99.89744959999997;99.89836479999998;99.89836479999998;99.89836479999998;99.89836479999998;99.89836479999998;99.89836479999998;99.89836479999998;99.89836479999998;99.93204879999998;99.77452959999991;99.77452959999991;99.93204879999998;99.93204879999998;99.93204879999998;99.93204879999998;99.93204879999998;
5400.097212000005;100.0;99.93204879999998;99.93015439999996;99.89836479999998;99.91591999999997;99.84076319999994;99.84968639999994;99.91591999999997;99.92484319999997;99.84076319999994;99.84968639999994;99.76560639999991;99.93204879999998;99.77452959999991;99.61529279999985;99.69937279999988;99.69044959999988;99.77452959999991;99.77452959999991;99.76560639999991;99.84968639999994;99.84076319999994;99.92484319999997;99.93204879999998;99.89744959999997;99.89836479999998;99.89836479999998;99.89836479999998;99.89836479999998;99.89836479999998;99.89836479999998;99.89836479999998;99.89836479999998;99.93204879999998;99.77452959999991;99.77452959999991;99.93204879999998;99.93204879999998;99.93204879999998;99.93204879999998;99.93204879999998;
5400.097212000005;100.0;99.93204879999998;99.93015439999996;99.89836479999998;99.89744959999997;99.82229279999994;99.84968639999994;99.89744959999997;99.92484319999997;99.82229279999994;99.84968639999994;99.74713599999991;99.93204879999998;99.77452959999991;99.59682239999985;99.69937279999988;99.67197919999988;99.77452959999991;99.77452959999991;99.74713599999991;99.84968639999994;99.82229279999994;99.92484319999997;99.93204879999998;99.89744959999997;99.89836479999998;99.89836479999998;99.89836479999998;99.89836479999998;99.89836479999998;99.89836479999998;99.89836479999998;99.89836479999998;99.93204879999998;99.77452959999991;99.77452959999991;99.93204879999998;99.93204879999998;99.93204879999998;99.93204879999998;99.93204879999998;
5400.098301333339;100.0;99.93204879999998;99.93015439999996;99.89836479999998;99.89744959999997;99.82229279999994;99.84968639999994;99.89744959999997;99.92484319999997;99.82229279999994;99.84968639999994;99.74713599999991;99.93204879999998;99.77452959999991;99.59682239999985;99.69937279999988;99.67197919999988;99.77452959999991;99.77452959999991;99.74713599999991;99.84968639999994;99.82229279999994;99.91591999999997;99.93204879999998;99.89744959999997;99.89836479999998;99.89836479999998;99.89836479999998;99.89836479999998;99.89836479999998;99.89836479999998;99.89836479999998;99.89836479999998;99.93204879999998;99.77452959999991;99.77452959999991;99.93204879999998;99.93204879999998;99.93204879999998;99.93204879999998;99.93204879999998;
5400.098301333339;100.0;99.93204879999998;99.93015439999996;99.89836479999998;99.89744959999997;99.82229279999994;99.84968639999994;99.89744959999997;99.92484319999997;99.82229279999994;99.84968639999994;99.74713599999991;99.93204879999998;99.77452959999991;99.59682239999985;99.69937279999988;99.67197919999988;99.77452959999991;99.77452959999991;99.74713599999991;99.84968639999994;99.82229279999994;99.89744959999997;99.93204879999998;99.89744959999997;99.89836479999998;99.89836479999998;99.89836479999998;99.89836479999998;99.89836479999998;99.89836479999998;99.89836479999998;99.89836479999998;99.93204879999998;99.77452959999991;99.77452959999991;99.93204879999998;99.93204879999998;99.93204879999998;99.93204879999998;99.93204879999998;
5400.101394666673;100.0;99.93204879999998;99.93015439999996;99.89836479999998;99.89744959999997;99.82229279999994;99.84968639999994;99.89744959999997;99.92484319999997;99.82229279999994;99.84968639999994;99.74713599999991;99.93204879999998;99.77452959999991;99.59682239999985;99.69937279999988;99.67197919999988;99.77452959999991;99.77452959999991;99.74713599999991;99.84968639999994;99.82229279999994;99.89744959999997;99.93204879999998;99.89744959999997;99.89836479999998;99.89836479999998;99.89836479999998;99.89836479999998;99.89836479999998;99.89836479999998;99.89836479999998;99.89836479999998;99.93204879999998;99.77452959999991;99.77452959999991;99.93204879999998;99.93204879999998;99.93204879999998;99.93204879999998;99.93204879999998;
5400.111394666673;100.0;99.93204879999998;99.93015439999996;99.89836479999998;99.89744959999997;99.82229279999994;99.84968639999994;99.89744959999997;99.92484319999997;99.82229279999994;99.84968639999994;99.74713599999991;99.93204879999998;99.77452959999991;99.59682239999985;99.69937279999988;99.67197919999988;99.77452959999991;99.77452959999991;99.74713599999991;99.84968639999994;99.82229279999994;99.89744959999997;99.93204879999998;99.89744959999997;99.89836479999998;99.89836479999998;99.89836479999998;99.89836479999998;99.89836479999998;99.89836479999998;99.89836479999998;99.89836479999998;99.93204879999998;99.77452959999991;99.77452959999991;99.93204879999998;99.93204879999998;99.93204879999998;99.93204879999998;99.93204879999998;
5400.121394666673;100.0;99.93204879999998;99.93015439999996;99.89836479999998;99.89744959999997;99.82229279999994;99.84968639999994;99.89744959999997;99.92484319999997;99.82229279999994;99.84968639999994;99.74713599999991;99.93204879999998;99.77452959999991;99.59682239999985;99.69937279999988;99.67197919999988;99.77452959999991;99.77452959999991;99.74713599999991;99.84968639999994;99.82229279999994;99.89744959999997;99.93204879999998;99.89744959999997;99.89836479999998;99.89836479999998;99.89836479999998;99.89836479999998;99.89836479999998;99.89836479999998;99.89836479999998;99.89836479999998;99.93204879999998;99.77452959999991;99.77452959999991;99.93204879999998;99.93204879999998;99.93204879999998;99.93204879999998;99.93204879999998;
5400.131394666673;100.0;99.93204879999998;99.93015439999996;99.89836479999998;99.89744959999997;99.82229279999994;99.84968639999994;99.89744959999997;99.92484319999997;99.82229279999994;99.84968639999994;99.74713599999991;99.93204879999998;99.77452959999991;99.59682239999985;99.69937279999988;99.67197919999988;99.77452959999991;99.77452959999991;99.74713599999991;99.84968639999994;99.82229279999994;99.89744959999997;99.93204879999998;99.89744959999997;99.89836479999998;99.89836479999998;99.89836479999998;99.89836479999998;99.89836479999998;99.89836479999998;99.89836479999998;99.89836479999998;99.93204879999998;99.77452959999991;99.77452959999991;99.93204879999998;99.93204879999998;99.93204879999998;99.93204879999998;99.93204879999998;
5400.13302933334;100.0;99.93204879999998;99.93015439999996;99.89836479999998;99.89744959999997;99.81336959999994;99.84076319999994;99.89744959999997;99.91591999999997;99.82229279999994;99.84076319999994;99.74713599999991;99.93204879999998;99.76560639999991;99.59682239999985;99.69044959999988;99.67197919999988;99.77452959999991;99.76560639999991;99.74713599999991;99.84076319999994;99.82229279999994;99.89744959999997;99.93204879999998;99.89744959999997;99.89836479999998;99.89836479999998;99.89836479999998;99.89836479999998;99.89836479999998;99.89836479999998;99.89836479999998;99.89836479999998;99.93204879999998;99.77452959999991;99.77452959999991;99.93204879999998;99.93204879999998;99.93204879999998;99.93204879999998;99.93204879999998;
5400.13302933334;100.0;99.93204879999998;99.93015439999996;99.89836479999998;99.89744959999997;99.79489919999995;99.82229279999994;99.89744959999997;99.89744959999997;99.82229279999994;99.82229279999994;99.74713599999991;99.93204879999998;99.74713599999991;99.59682239999985;99.67197919999988;99.67197919999988;99.77452959999991;99.74713599999991;99.74713599999991;99.82229279999994;99.82229279999994;99.89744959999997;99.93204879999998;99.89744959999997;99.89836479999998;99.89836479999998;99.89836479999998;99.89836479999998;99.89836479999998;99.89836479999998;99.89836479999998;99.89836479999998;99.93204879999998;99.77452959999991;99.77452959999991;99.93204879999998;99.93204879999998;99.93204879999998;99.93204879999998;99.93204879999998;
5400.134118666674;100.0;99.93204879999998;99.93015439999996;99.89836479999998;99.89744959999997;99.79489919999995;99.82229279999994;99.89744959999997;99.89744959999997;99.82229279999994;99.82229279999994;99.74713599999991;99.93204879999998;99.74713599999991;99.59682239999985;99.67197919999988;99.67197919999988;99.77452959999991;99.74713599999991;99.74713599999991;99.82229279999994;99.81336959999994;99.89744959999997;99.93204879999998;99.89744959999997;99.89836479999998;99.89836479999998;99.89836479999998;99.89836479999998;99.89836479999998;99.89836479999998;99.89836479999998;99.89836479999998;99.93204879999998;99.77452959999991;99.77452959999991;99.93204879999998;99.93204879999998;99.93204879999998;99.93204879999998;99.93204879999998;
5400.134118666674;100.0;99.93204879999998;99.93015439999996;99.89836479999998;99.89744959999997;99.79489919999995;99.82229279999994;99.89744959999997;99.89744959999997;99.82229279999994;99.82229279999994;99.74713599999991;99.93204879999998;99.74713599999991;99.59682239999985;99.67197919999988;99.67197919999988;99.77452959999991;99.74713599999991;99.74713599999991;99.82229279999994;99.79489919999995;99.89744959999997;99.93204879999998;99.89744959999997;99.89836479999998;99.89836479999998;99.89836479999998;99.89836479999998;99.89836479999998;99.89836479999998;99.89836479999998;99.89836479999998;99.93204879999998;99.77452959999991;99.77452959999991;99.93204879999998;99.93204879999998;99.93204879999998;99.93204879999998;99.93204879999998;
5400.141394666674;100.0;99.93204879999998;99.93015439999996;99.89836479999998;99.89744959999997;99.79489919999995;99.82229279999994;99.89744959999997;99.89744959999997;99.82229279999994;99.82229279999994;99.74713599999991;99.93204879999998;99.74713599999991;99.59682239999985;99.67197919999988;99.67197919999988;99.77452959999991;99.74713599999991;99.74713599999991;99.82229279999994;99.79489919999995;99.89744959999997;99.93204879999998;99.89744959999997;99.89836479999998;99.89836479999998;99.89836479999998;99.89836479999998;99.89836479999998;99.89836479999998;99.89836479999998;99.89836479999998;99.93204879999998;99.77452959999991;99.77452959999991;99.93204879999998;99.93204879999998;99.93204879999998;99.93204879999998;99.93204879999998;
5400.1430293333415;100.0;99.93204879999998;99.93015439999996;99.89836479999998;99.89744959999997;99.79489919999995;99.82229279999994;99.89744959999997;99.89744959999997;99.82229279999994;99.82229279999994;99.74713599999991;99.93204879999998;99.74713599999991;99.59682239999985;99.67197919999988;99.67197919999988;99.77452959999991;99.74713599999991;99.74713599999991;99.82229279999994;99.79489919999995;99.89744959999997;99.93204879999998;99.89744959999997;99.89836479999998;99.89836479999998;99.89836479999998;99.89836479999998;99.89836479999998;99.89836479999998;99.89836479999998;99.89836479999998;99.93204879999998;99.77452959999991;99.77452959999991;99.93204879999998;99.93204879999998;99.93204879999998;99.93204879999998;99.93204879999998;
5400.152484000008;100.0;99.93204879999998;99.93015439999996;99.89836479999998;99.89744959999997;99.79489919999995;99.82229279999994;99.89744959999997;99.89744959999997;99.82229279999994;99.82229279999994;99.74713599999991;99.93204879999998;99.74713599999991;99.59682239999985;99.67197919999988;99.67197919999988;99.77452959999991;99.74713599999991;99.74713599999991;99.82229279999994;99.79489919999995;99.89744959999997;99.93204879999998;99.89744959999997;99.89836479999998;99.89836479999998;99.89836479999998;99.89836479999998;99.89836479999998;99.89836479999998;99.89836479999998;99.89836479999998;99.93204879999998;99.77452959999991;99.77452959999991;99.93204879999998;99.93204879999998;99.93204879999998;99.93204879999998;99.93204879999998;
5400.168846666675;100.0;99.93204879999998;99.93015439999996;99.89836479999998;99.89744959999997;99.79489919999995;99.81336959999994;99.89744959999997;99.89744959999997;99.81336959999994;99.82229279999994;99.73821279999991;99.93204879999998;99.74713599999991;99.58789919999985;99.67197919999988;99.67197919999988;99.76560639999991;99.74713599999991;99.73821279999991;99.82229279999994;99.79489919999995;99.89744959999997;99.93204879999998;99.89744959999997;99.89836479999998;99.89836479999998;99.89836479999998;99.89836479999998;99.89836479999998;99.89836479999998;99.89836479999998;99.89836479999998;99.93204879999998;99.76560639999991;99.77452959999991;99.93204879999998;99.93204879999998;99.93204879999998;99.93204879999998;99.93204879999998;
5400.168846666675;100.0;99.93204879999998;99.93015439999996;99.89836479999998;99.89744959999997;99.79489919999995;99.79489919999995;99.89744959999997;99.89744959999997;99.79489919999995;99.82229279999994;99.71974239999992;99.93204879999998;99.74713599999991;99.56942879999986;99.67197919999988;99.67197919999988;99.74713599999991;99.74713599999991;99.71974239999992;99.82229279999994;99.79489919999995;99.89744959999997;99.93204879999998;99.89744959999997;99.89836479999998;99.89836479999998;99.89836479999998;99.89836479999998;99.89836479999998;99.89836479999998;99.89836479999998;99.89836479999998;99.93204879999998;99.74713599999991;99.77452959999991;99.93204879999998;99.93204879999998;99.93204879999998;99.93204879999998;99.93204879999998;
5400.169936000008;100.0;99.93204879999998;99.93015439999996;99.89836479999998;99.89744959999997;99.79489919999995;99.79489919999995;99.89744959999997;99.89744959999997;99.79489919999995;99.82229279999994;99.71974239999992;99.93204879999998;99.74713599999991;99.56942879999986;99.67197919999988;99.67197919999988;99.74713599999991;99.74713599999991;99.71974239999992;99.81336959999994;99.79489919999995;99.89744959999997;99.93204879999998;99.89744959999997;99.89836479999998;99.89836479999998;99.89836479999998;99.89836479999998;99.89836479999998;99.89836479999998;99.89836479999998;99.89836479999998;99.93204879999998;99.74713599999991;99.77452959999991;99.93204879999998;99.93204879999998;99.93204879999998;99.93204879999998;99.93204879999998;
5400.169936000008;100.0;99.93204879999998;99.93015439999996;99.89836479999998;99.89744959999997;99.79489919999995;99.79489919999995;99.89744959999997;99.89744959999997;99.79489919999995;99.82229279999994;99.71974239999992;99.93204879999998;99.74713599999991;99.56942879999986;99.67197919999988;99.67197919999988;99.74713599999991;99.74713599999991;99.71974239999992;99.79489919999995;99.79489919999995;99.89744959999997;99.93204879999998;99.89744959999997;99.89836479999998;99.89836479999998;99.89836479999998;99.89836479999998;99.89836479999998;99.89836479999998;99.89836479999998;99.89836479999998;99.93204879999998;99.74713599999991;99.77452959999991;99.93204879999998;99.93204879999998;99.93204879999998;99.93204879999998;99.93204879999998;
5400.204664000008;100.0;99.93204879999998;99.93015439999996;99.89836479999998;99.89744959999997;99.79489919999995;99.79489919999995;99.89744959999997;99.89744959999997;99.79489919999995;99.81336959999994;99.71974239999992;99.93204879999998;99.73821279999991;99.56942879999986;99.67197919999988;99.66305599999988;99.74713599999991;99.73821279999991;99.71974239999992;99.79489919999995;99.79489919999995;99.89744959999997;99.93204879999998;99.89744959999997;99.89836479999998;99.89836479999998;99.89836479999998;99.89836479999998;99.89836479999998;99.89836479999998;99.89836479999998;99.89836479999998;99.93204879999998;99.74713599999991;99.76560639999991;99.93204879999998;99.93204879999998;99.93204879999998;99.93204879999998;99.93204879999998;
5400.204664000008;100.0;99.93204879999998;99.93015439999996;99.89836479999998;99.89744959999997;99.79489919999995;99.79489919999995;99.89744959999997;99.89744959999997;99.79489919999995;99.79489919999995;99.71974239999992;99.93204879999998;99.71974239999992;99.56942879999986;99.67197919999988;99.64458559999989;99.74713599999991;99.71974239999992;99.71974239999992;99.79489919999995;99.79489919999995;99.89744959999997;99.93204879999998;99.89744959999997;99.89836479999998;99.89836479999998;99.89836479999998;99.89836479999998;99.89836479999998;99.89836479999998;99.89836479999998;99.89836479999998;99.93204879999998;99.74713599999991;99.74713599999991;99.93204879999998;99.93204879999998;99.93204879999998;99.93204879999998;99.93204879999998;
5400.205753333342;100.0;99.93204879999998;99.93015439999996;99.89836479999998;99.89744959999997;99.79489919999995;99.79489919999995;99.89744959999997;99.89744959999997;99.79489919999995;99.79489919999995;99.71974239999992;99.93204879999998;99.71974239999992;99.56942879999986;99.67197919999988;99.64458559999989;99.74713599999991;99.71974239999992;99.71081919999992;99.79489919999995;99.79489919999995;99.89744959999997;99.93204879999998;99.89744959999997;99.89836479999998;99.89836479999998;99.89836479999998;99.89836479999998;99.89836479999998;99.89836479999998;99.89836479999998;99.89836479999998;99.93204879999998;99.74713599999991;99.74713599999991;99.93204879999998;99.93204879999998;99.93204879999998;99.93204879999998;99.93204879999998;
5400.205753333342;100.0;99.93204879999998;99.93015439999996;99.89836479999998;99.89744959999997;99.79489919999995;99.79489919999995;99.89744959999997;99.89744959999997;99.79489919999995;99.79489919999995;99.71974239999992;99.93204879999998;99.71974239999992;99.56942879999986;99.67197919999988;99.64458559999989;99.74713599999991;99.71974239999992;99.69234879999992;99.79489919999995;99.79489919999995;99.89744959999997;99.93204879999998;99.89744959999997;99.89836479999998;99.89836479999998;99.89836479999998;99.89836479999998;99.89836479999998;99.89836479999998;99.89836479999998;99.89836479999998;99.93204879999998;99.74713599999991;99.74713599999991;99.93204879999998;99.93204879999998;99.93204879999998;99.93204879999998;99.93204879999998;
5400.214664000008;100.0;99.93204879999998;99.93015439999996;99.89836479999998;99.89744959999997;99.79489919999995;99.79489919999995;99.89744959999997;99.89744959999997;99.79489919999995;99.79489919999995;99.71974239999992;99.93204879999998;99.71974239999992;99.56942879999986;99.67197919999988;99.64458559999989;99.74713599999991;99.71974239999992;99.69234879999992;99.79489919999995;99.79489919999995;99.89744959999997;99.93204879999998;99.89744959999997;99.89836479999998;99.89836479999998;99.89836479999998;99.89836479999998;99.89836479999998;99.89836479999998;99.89836479999998;99.89836479999998;99.93204879999998;99.74713599999991;99.74713599999991;99.93204879999998;99.93204879999998;99.93204879999998;99.93204879999998;99.93204879999998;
5400.240481333341;100.0;99.93204879999998;99.93015439999996;99.89836479999998;99.89744959999997;99.79489919999995;99.79489919999995;99.89744959999997;99.89744959999997;99.79489919999995;99.79489919999995;99.71081919999992;99.93204879999998;99.71974239999992;99.56942879999986;99.66305599999988;99.64458559999989;99.73821279999991;99.71974239999992;99.69234879999992;99.79489919999995;99.79489919999995;99.89744959999997;99.93204879999998;99.89744959999997;99.89836479999998;99.89836479999998;99.89836479999998;99.89836479999998;99.89836479999998;99.89836479999998;99.89836479999998;99.89836479999998;99.93204879999998;99.73821279999991;99.74713599999991;99.93204879999998;99.93204879999998;99.93204879999998;99.93204879999998;99.93204879999998;
5400.240481333341;100.0;99.93204879999998;99.93015439999996;99.89836479999998;99.89744959999997;99.79489919999995;99.79489919999995;99.89744959999997;99.89744959999997;99.79489919999995;99.79489919999995;99.69234879999992;99.93204879999998;99.71974239999992;99.56942879999986;99.64458559999989;99.64458559999989;99.71974239999992;99.71974239999992;99.69234879999992;99.79489919999995;99.79489919999995;99.89744959999997;99.93204879999998;99.89744959999997;99.89836479999998;99.89836479999998;99.89836479999998;99.89836479999998;99.89836479999998;99.89836479999998;99.89836479999998;99.89836479999998;99.93204879999998;99.71974239999992;99.74713599999991;99.93204879999998;99.93204879999998;99.93204879999998;99.93204879999998;99.93204879999998;
5400.241570666675;100.0;99.93204879999998;99.93015439999996;99.89836479999998;99.89744959999997;99.79489919999995;99.79489919999995;99.89744959999997;99.89744959999997;99.79489919999995;99.79489919999995;99.69234879999992;99.93204879999998;99.71974239999992;99.56942879999986;99.64458559999989;99.64458559999989;99.71974239999992;99.71081919999992;99.69234879999992;99.79489919999995;99.79489919999995;99.89744959999997;99.93204879999998;99.89744959999997;99.89836479999998;99.89836479999998;99.89836479999998;99.89836479999998;99.89836479999998;99.89836479999998;99.89836479999998;99.89836479999998;99.93204879999998;99.71974239999992;99.74713599999991;99.93204879999998;99.93204879999998;99.93204879999998;99.93204879999998;99.93204879999998;
5400.241570666675;100.0;99.93204879999998;99.93015439999996;99.89836479999998;99.89744959999997;99.79489919999995;99.79489919999995;99.89744959999997;99.89744959999997;99.79489919999995;99.79489919999995;99.69234879999992;99.93204879999998;99.71974239999992;99.56942879999986;99.64458559999989;99.64458559999989;99.71974239999992;99.69234879999992;99.69234879999992;99.79489919999995;99.79489919999995;99.89744959999997;99.93204879999998;99.89744959999997;99.89836479999998;99.89836479999998;99.89836479999998;99.89836479999998;99.89836479999998;99.89836479999998;99.89836479999998;99.89836479999998;99.93204879999998;99.71974239999992;99.74713599999991;99.93204879999998;99.93204879999998;99.93204879999998;99.93204879999998;99.93204879999998;
5400.276298666675;100.0;99.93204879999998;99.93015439999996;99.89836479999998;99.89744959999997;99.79489919999995;99.79489919999995;99.89744959999997;99.89744959999997;99.79489919999995;99.79489919999995;99.69234879999992;99.93204879999998;99.71081919999992;99.56050559999986;99.64458559999989;99.63566239999989;99.71974239999992;99.69234879999992;99.69234879999992;99.79489919999995;99.79489919999995;99.89744959999997;99.93204879999998;99.89744959999997;99.89836479999998;99.89836479999998;99.89836479999998;99.89836479999998;99.89836479999998;99.89836479999998;99.89836479999998;99.89836479999998;99.93204879999998;99.71974239999992;99.73821279999991;99.93204879999998;99.93204879999998;99.93204879999998;99.93204879999998;99.93204879999998;
5400.276298666675;100.0;99.93204879999998;99.93015439999996;99.89836479999998;99.89744959999997;99.79489919999995;99.79489919999995;99.89744959999997;99.89744959999997;99.79489919999995;99.79489919999995;99.69234879999992;99.93204879999998;99.69234879999992;99.54203519999986;99.64458559999989;99.61719199999989;99.71974239999992;99.69234879999992;99.69234879999992;99.79489919999995;99.79489919999995;99.89744959999997;99.93204879999998;99.89744959999997;99.89836479999998;99.89836479999998;99.89836479999998;99.89836479999998;99.89836479999998;99.89836479999998;99.89836479999998;99.89836479999998;99.93204879999998;99.71974239999992;99.71974239999992;99.93204879999998;99.93204879999998;99.93204879999998;99.93204879999998;99.93204879999998;
5400.277388000009;100.0;99.93204879999998;99.93015439999996;99.89836479999998;99.89744959999997;99.79489919999995;99.79489919999995;99.89744959999997;99.89744959999997;99.79489919999995;99.79489919999995;99.69234879999992;99.93204879999998;99.69234879999992;99.54203519999986;99.64458559999989;99.61719199999989;99.71081919999992;99.69234879999992;99.69234879999992;99.79489919999995;99.79489919999995;99.89744959999997;99.93204879999998;99.89744959999997;99.89836479999998;99.89836479999998;99.89836479999998;99.89836479999998;99.89836479999998;99.89836479999998;99.89836479999998;99.89836479999998;99.93204879999998;99.71974239999992;99.71974239999992;99.93204879999998;99.93204879999998;99.93204879999998;99.93204879999998;99.93204879999998;
5400.277388000009;100.0;99.93204879999998;99.93015439999996;99.89836479999998;99.89744959999997;99.79489919999995;99.79489919999995;99.89744959999997;99.89744959999997;99.79489919999995;99.79489919999995;99.69234879999992;99.93204879999998;99.69234879999992;99.54203519999986;99.64458559999989;99.61719199999989;99.69234879999992;99.69234879999992;99.69234879999992;99.79489919999995;99.79489919999995;99.89744959999997;99.93204879999998;99.89744959999997;99.89836479999998;99.89836479999998;99.89836479999998;99.89836479999998;99.89836479999998;99.89836479999998;99.89836479999998;99.89836479999998;99.93204879999998;99.71974239999992;99.71974239999992;99.93204879999998;99.93204879999998;99.93204879999998;99.93204879999998;99.93204879999998;
5400.286298666675;100.0;99.93204879999998;99.93015439999996;99.89836479999998;99.89744959999997;99.79489919999995;99.79489919999995;99.89744959999997;99.89744959999997;99.79489919999995;99.79489919999995;99.69234879999992;99.93204879999998;99.69234879999992;99.54203519999986;99.64458559999989;99.61719199999989;99.69234879999992;99.69234879999992;99.69234879999992;99.79489919999995;99.79489919999995;99.89744959999997;99.93204879999998;99.89744959999997;99.89836479999998;99.89836479999998;99.89836479999998;99.89836479999998;99.89836479999998;99.89836479999998;99.89836479999998;99.89836479999998;99.93204879999998;99.71974239999992;99.71974239999992;99.93204879999998;99.93204879999998;99.93204879999998;99.93204879999998;99.93204879999998;
5400.312116000008;100.0;99.93204879999998;99.93015439999996;99.89836479999998;99.89744959999997;99.79489919999995;99.79489919999995;99.89744959999997;99.89744959999997;99.79489919999995;99.79489919999995;99.69234879999992;99.93204879999998;99.69234879999992;99.54203519999986;99.63566239999989;99.61719199999989;99.69234879999992;99.69234879999992;99.69234879999992;99.79489919999995;99.79489919999995;99.89744959999997;99.93204879999998;99.89744959999997;99.89836479999998;99.89836479999998;99.89836479999998;99.89836479999998;99.89836479999998;99.89836479999998;99.89836479999998;99.89836479999998;99.93204879999998;99.71081919999992;99.71974239999992;99.93204879999998;99.93204879999998;99.93204879999998;99.93204879999998;99.93204879999998;
5400.312116000008;100.0;99.93204879999998;99.93015439999996;99.89836479999998;99.89744959999997;99.79489919999995;99.79489919999995;99.89744959999997;99.89744959999997;99.79489919999995;99.79489919999995;99.69234879999992;99.93204879999998;99.69234879999992;99.54203519999986;99.61719199999989;99.61719199999989;99.69234879999992;99.69234879999992;99.69234879999992;99.79489919999995;99.79489919999995;99.89744959999997;99.93204879999998;99.89744959999997;99.89836479999998;99.89836479999998;99.89836479999998;99.89836479999998;99.89836479999998;99.89836479999998;99.89836479999998;99.89836479999998;99.93204879999998;99.69234879999992;99.71974239999992;99.93204879999998;99.93204879999998;99.93204879999998;99.93204879999998;99.93204879999998;
5400.313205333342;100.0;99.93204879999998;99.93015439999996;99.89836479999998;99.89744959999997;99.79489919999995;99.79489919999995;99.89744959999997;99.89744959999997;99.79489919999995;99.79489919999995;99.69234879999992;99.93204879999998;99.69234879999992;99.54203519999986;99.61719199999989;99.60826879999989;99.69234879999992;99.69234879999992;99.69234879999992;99.79489919999995;99.79489919999995;99.89744959999997;99.93204879999998;99.89744959999997;99.89836479999998;99.89836479999998;99.89836479999998;99.89836479999998;99.89836479999998;99.89836479999998;99.89836479999998;99.89836479999998;99.93204879999998;99.69234879999992;99.71974239999992;99.93204879999998;99.93204879999998;99.93204879999998;99.93204879999998;99.93204879999998;
5400.313205333342;100.0;99.93204879999998;99.93015439999996;99.89836479999998;99.89744959999997;99.79489919999995;99.79489919999995;99.89744959999997;99.89744959999997;99.79489919999995;99.79489919999995;99.69234879999992;99.93204879999998;99.69234879999992;99.54203519999986;99.61719199999989;99.58979839999989;99.69234879999992;99.69234879999992;99.69234879999992;99.79489919999995;99.79489919999995;99.89744959999997;99.93204879999998;99.89744959999997;99.89836479999998;99.89836479999998;99.89836479999998;99.89836479999998;99.89836479999998;99.89836479999998;99.89836479999998;99.89836479999998;99.93204879999998;99.69234879999992;99.71974239999992;99.93204879999998;99.93204879999998;99.93204879999998;99.93204879999998;99.93204879999998;
5400.347933333342;100.0;99.93204879999998;99.93015439999996;99.89836479999998;99.89744959999997;99.79489919999995;99.79489919999995;99.89744959999997;99.89744959999997;99.79489919999995;99.79489919999995;99.69234879999992;99.93204879999998;99.69234879999992;99.53311199999986;99.61719199999989;99.58979839999989;99.69234879999992;99.69234879999992;99.69234879999992;99.79489919999995;99.79489919999995;99.89744959999997;99.93204879999998;99.89744959999997;99.89836479999998;99.89836479999998;99.89836479999998;99.89836479999998;99.89836479999998;99.89836479999998;99.89836479999998;99.89836479999998;99.93204879999998;99.69234879999992;99.71081919999992;99.93204879999998;99.93204879999998;99.93204879999998;99.93204879999998;99.93204879999998;
5400.347933333342;100.0;99.93204879999998;99.93015439999996;99.89836479999998;99.89744959999997;99.79489919999995;99.79489919999995;99.89744959999997;99.89744959999997;99.79489919999995;99.79489919999995;99.69234879999992;99.93204879999998;99.69234879999992;99.51464159999986;99.61719199999989;99.58979839999989;99.69234879999992;99.69234879999992;99.69234879999992;99.79489919999995;99.79489919999995;99.89744959999997;99.93204879999998;99.89744959999997;99.89836479999998;99.89836479999998;99.89836479999998;99.89836479999998;99.89836479999998;99.89836479999998;99.89836479999998;99.89836479999998;99.93204879999998;99.69234879999992;99.69234879999992;99.93204879999998;99.93204879999998;99.93204879999998;99.93204879999998;99.93204879999998;
5400.349022666675;100.0;99.93204879999998;99.93015439999996;99.89836479999998;99.89744959999997;99.79489919999995;99.79489919999995;99.89744959999997;99.89744959999997;99.79489919999995;99.79489919999995;99.69234879999992;99.93204879999998;99.69234879999992;99.51464159999986;99.60826879999989;99.58979839999989;99.69234879999992;99.69234879999992;99.69234879999992;99.79489919999995;99.79489919999995;99.89744959999997;99.93204879999998;99.89744959999997;99.89836479999998;99.89836479999998;99.89836479999998;99.89836479999998;99.89836479999998;99.89836479999998;99.89836479999998;99.89836479999998;99.93204879999998;99.69234879999992;99.69234879999992;99.93204879999998;99.93204879999998;99.93204879999998;99.93204879999998;99.93204879999998;
5400.349022666675;100.0;99.93204879999998;99.93015439999996;99.89836479999998;99.89744959999997;99.79489919999995;99.79489919999995;99.89744959999997;99.89744959999997;99.79489919999995;99.79489919999995;99.69234879999992;99.93204879999998;99.69234879999992;99.51464159999986;99.58979839999989;99.58979839999989;99.69234879999992;99.69234879999992;99.69234879999992;99.79489919999995;99.79489919999995;99.89744959999997;99.93204879999998;99.89744959999997;99.89836479999998;99.89836479999998;99.89836479999998;99.89836479999998;99.89836479999998;99.89836479999998;99.89836479999998;99.89836479999998;99.93204879999998;99.69234879999992;99.69234879999992;99.93204879999998;99.93204879999998;99.93204879999998;99.93204879999998;99.93204879999998;
5400.383750666675;100.0;99.93204879999998;99.93015439999996;99.89836479999998;99.89744959999997;99.79489919999995;99.79489919999995;99.89744959999997;99.89744959999997;99.79489919999995;99.79489919999995;99.69234879999992;99.93204879999998;99.69234879999992;99.51464159999986;99.58979839999989;99.58979839999989;99.69234879999992;99.69234879999992;99.69234879999992;99.79489919999995;99.79489919999995;99.89744959999997;99.93204879999998;99.89744959999997;99.89836479999998;99.89836479999998;99.89836479999998;99.89836479999998;99.89836479999998;99.89836479999998;99.89836479999998;99.89836479999998;99.93204879999998;99.69234879999992;99.69234879999992;99.93204879999998;99.93204879999998;99.93204879999998;99.93204879999998;99.93204879999998;
5400.384840000009;100.0;99.93204879999998;99.93015439999996;99.89836479999998;99.89744959999997;99.79489919999995;99.79489919999995;99.89744959999997;99.89744959999997;99.79489919999995;99.79489919999995;99.69234879999992;99.93204879999998;99.69234879999992;99.50571839999986;99.58979839999989;99.58979839999989;99.69234879999992;99.69234879999992;99.69234879999992;99.79489919999995;99.79489919999995;99.89744959999997;99.93204879999998;99.89744959999997;99.89836479999998;99.89836479999998;99.89836479999998;99.89836479999998;99.89836479999998;99.89836479999998;99.89836479999998;99.89836479999998;99.93204879999998;99.69234879999992;99.69234879999992;99.93204879999998;99.93204879999998;99.93204879999998;99.93204879999998;99.93204879999998;
5400.384840000009;100.0;99.93204879999998;99.93015439999996;99.89836479999998;99.89744959999997;99.79489919999995;99.79489919999995;99.89744959999997;99.89744959999997;99.79489919999995;99.79489919999995;99.69234879999992;99.93204879999998;99.69234879999992;99.48724799999987;99.58979839999989;99.58979839999989;99.69234879999992;99.69234879999992;99.69234879999992;99.79489919999995;99.79489919999995;99.89744959999997;99.93204879999998;99.89744959999997;99.89836479999998;99.89836479999998;99.89836479999998;99.89836479999998;99.89836479999998;99.89836479999998;99.89836479999998;99.89836479999998;99.93204879999998;99.69234879999992;99.69234879999992;99.93204879999998;99.93204879999998;99.93204879999998;99.93204879999998;99.93204879999998;
5460.000000000008;100.0;99.93204879999998;99.93015439999996;99.89836479999998;99.89744959999997;99.79489919999995;99.79489919999995;99.89744959999997;99.89744959999997;99.79489919999995;99.79489919999995;99.69234879999992;99.93204879999998;99.69234879999992;99.48724799999987;99.58979839999989;99.58979839999989;99.69234879999992;99.69234879999992;99.69234879999992;99.79489919999995;99.79489919999995;99.89744959999997;99.93204879999998;99.89744959999997;99.89836479999998;99.89836479999998;99.89836479999998;99.89836479999998;99.89836479999998;99.89836479999998;99.89836479999998;99.89836479999998;99.93204879999998;99.69234879999992;99.69234879999992;99.93204879999998;99.93204879999998;99.93204879999998;99.93204879999998;99.93204879999998;
5460.026666666676;100.0;99.93194879999997;99.93005439999996;99.89836479999998;99.89744959999997;99.79489919999995;99.79489919999995;99.89744959999997;99.89744959999997;99.79489919999995;99.79489919999995;99.69234879999992;99.93194879999997;99.69234879999992;99.48724799999987;99.58979839999989;99.58979839999989;99.69234879999992;99.69234879999992;99.69234879999992;99.79489919999995;99.79489919999995;99.89744959999997;99.93194879999997;99.89744959999997;99.89836479999998;99.89836479999998;99.89836479999998;99.89836479999998;99.89836479999998;99.89836479999998;99.89836479999998;99.89836479999998;99.93194879999997;99.69234879999992;99.69234879999992;99.93194879999997;99.93194879999997;99.93194879999997;99.93194879999997;99.93194879999997;
5460.026666666676;100.0;99.91584639999998;99.93005439999996;99.89836479999998;99.89744959999997;99.79489919999995;99.79489919999995;99.89744959999997;99.89744959999997;99.79489919999995;99.79489919999995;99.69234879999992;99.91584639999998;99.69234879999992;99.48724799999987;99.58979839999989;99.58979839999989;99.69234879999992;99.69234879999992;99.69234879999992;99.79489919999995;99.79489919999995;99.89744959999997;99.91584639999998;99.89744959999997;99.89836479999998;99.89836479999998;99.89836479999998;99.89836479999998;99.89836479999998;99.89836479999998;99.89836479999998;99.89836479999998;99.91584639999998;99.69234879999992;99.69234879999992;99.91584639999998;99.91584639999998;99.91584639999998;99.91584639999998;99.91584639999998;
5460.026666666676;100.0;99.91584639999998;99.91347839999996;99.89836479999998;99.89744959999997;99.79489919999995;99.79489919999995;99.89744959999997;99.89744959999997;99.79489919999995;99.79489919999995;99.69234879999992;99.91584639999998;99.69234879999992;99.48724799999987;99.58979839999989;99.58979839999989;99.69234879999992;99.69234879999992;99.69234879999992;99.79489919999995;99.79489919999995;99.89744959999997;99.91584639999998;99.89744959999997;99.89836479999998;99.89836479999998;99.89836479999998;99.89836479999998;99.89836479999998;99.89836479999998;99.89836479999998;99.89836479999998;99.91584639999998;99.69234879999992;99.69234879999992;99.91584639999998;99.91584639999998;99.91584639999998;99.91584639999998;99.91584639999998;
5460.057037333342;100.0;99.91584639999998;99.91347839999996;99.89058559999998;99.89744959999997;99.79489919999995;99.79489919999995;99.89744959999997;99.89744959999997;99.79489919999995;99.79489919999995;99.69234879999992;99.91584639999998;99.69234879999992;99.48724799999987;99.58979839999989;99.58979839999989;99.69234879999992;99.69234879999992;99.69234879999992;99.79489919999995;99.79489919999995;99.89744959999997;99.91584639999998;99.89744959999997;99.89058559999998;99.89058559999998;99.89058559999998;99.89058559999998;99.89058559999998;99.89058559999998;99.89058559999998;99.89058559999998;99.91584639999998;99.69234879999992;99.69234879999992;99.91584639999998;99.91584639999998;99.91584639999998;99.91584639999998;99.91584639999998;
5460.057037333342;100.0;99.91584639999998;99.91347839999996;99.87400959999998;99.89744959999997;99.79489919999995;99.79489919999995;99.89744959999997;99.89744959999997;99.79489919999995;99.79489919999995;99.69234879999992;99.91584639999998;99.69234879999992;99.48724799999987;99.58979839999989;99.58979839999989;99.69234879999992;99.69234879999992;99.69234879999992;99.79489919999995;99.79489919999995;99.89744959999997;99.91584639999998;99.89744959999997;99.87400959999998;99.87400959999998;99.87400959999998;99.87400959999998;99.87400959999998;99.87400959999998;99.87400959999998;99.87400959999998;99.91584639999998;99.69234879999992;99.69234879999992;99.91584639999998;99.91584639999998;99.91584639999998;99.91584639999998;99.91584639999998;
5460.058126666676;100.0;99.91584639999998;99.91347839999996;99.87400959999998;99.89744959999997;99.79489919999995;99.79489919999995;99.89744959999997;99.89744959999997;99.79489919999995;99.79489919999995;99.69234879999992;99.91584639999998;99.69234879999992;99.48724799999987;99.58979839999989;99.58979839999989;99.69234879999992;99.69234879999992;99.69234879999992;99.79489919999995;99.79489919999995;99.89744959999997;99.91584639999998;99.88944159999997;99.87400959999998;99.87400959999998;99.87400959999998;99.87400959999998;99.87400959999998;99.87400959999998;99.87400959999998;99.87400959999998;99.91584639999998;99.69234879999992;99.69234879999992;99.91584639999998;99.91584639999998;99.91584639999998;99.91584639999998;99.91584639999998;
5460.058126666676;100.0;99.91584639999998;99.91347839999996;99.87400959999998;99.89744959999997;99.79489919999995;99.79489919999995;99.89744959999997;99.89744959999997;99.79489919999995;99.79489919999995;99.69234879999992;99.91584639999998;99.69234879999992;99.48724799999987;99.58979839999989;99.58979839999989;99.69234879999992;99.69234879999992;99.69234879999992;99.79489919999995;99.79489919999995;99.89744959999997;99.91584639999998;99.87286559999997;99.87400959999998;99.87400959999998;99.87400959999998;99.87400959999998;99.87400959999998;99.87400959999998;99.87400959999998;99.87400959999998;99.91584639999998;99.69234879999992;99.69234879999992;99.91584639999998;99.91584639999998;99.91584639999998;99.91584639999998;99.91584639999998;
5460.067037333342;100.0;99.91584639999998;99.91347839999996;99.87400959999998;99.89744959999997;99.79489919999995;99.79489919999995;99.89744959999997;99.89744959999997;99.79489919999995;99.79489919999995;99.69234879999992;99.91584639999998;99.69234879999992;99.48724799999987;99.58979839999989;99.58979839999989;99.69234879999992;99.69234879999992;99.69234879999992;99.79489919999995;99.79489919999995;99.89744959999997;99.91584639999998;99.87286559999997;99.87400959999998;99.87400959999998;99.87400959999998;99.87400959999998;99.87400959999998;99.87400959999998;99.87400959999998;99.87400959999998;99.91584639999998;99.69234879999992;99.69234879999992;99.91584639999998;99.91584639999998;99.91584639999998;99.91584639999998;99.91584639999998;
5460.077037333343;100.0;99.91584639999998;99.91347839999996;99.87400959999998;99.89744959999997;99.79489919999995;99.79489919999995;99.89744959999997;99.89744959999997;99.79489919999995;99.79489919999995;99.69234879999992;99.91584639999998;99.69234879999992;99.48724799999987;99.58979839999989;99.58979839999989;99.69234879999992;99.69234879999992;99.69234879999992;99.79489919999995;99.79489919999995;99.89744959999997;99.91584639999998;99.87286559999997;99.87400959999998;99.87400959999998;99.87400959999998;99.87400959999998;99.87400959999998;99.87400959999998;99.87400959999998;99.87400959999998;99.91584639999998;99.69234879999992;99.69234879999992;99.91584639999998;99.91584639999998;99.91584639999998;99.91584639999998;99.91584639999998;
5460.087037333343;100.0;99.91584639999998;99.91347839999996;99.87400959999998;99.89744959999997;99.79489919999995;99.79489919999995;99.89744959999997;99.89744959999997;99.79489919999995;99.79489919999995;99.69234879999992;99.91584639999998;99.69234879999992;99.48724799999987;99.58979839999989;99.58979839999989;99.69234879999992;99.69234879999992;99.69234879999992;99.79489919999995;99.79489919999995;99.89744959999997;99.91584639999998;99.87286559999997;99.87400959999998;99.87400959999998;99.87400959999998;99.87400959999998;99.87400959999998;99.87400959999998;99.87400959999998;99.87400959999998;99.91584639999998;99.69234879999992;99.69234879999992;99.91584639999998;99.91584639999998;99.91584639999998;99.91584639999998;99.91584639999998;
5460.088497333343;100.0;99.91584639999998;99.91347839999996;99.87400959999998;99.88944159999997;99.78689119999994;99.79489919999995;99.88944159999997;99.89744959999997;99.78689119999994;99.79489919999995;99.68434079999992;99.91584639999998;99.69234879999992;99.47923999999986;99.58979839999989;99.58179039999989;99.69234879999992;99.69234879999992;99.68434079999992;99.79489919999995;99.78689119999994;99.89744959999997;99.91584639999998;99.87286559999997;99.87400959999998;99.87400959999998;99.87400959999998;99.87400959999998;99.87400959999998;99.87400959999998;99.87400959999998;99.87400959999998;99.91584639999998;99.69234879999992;99.69234879999992;99.91584639999998;99.91584639999998;99.91584639999998;99.91584639999998;99.91584639999998;
5460.088497333343;100.0;99.91584639999998;99.91347839999996;99.87400959999998;99.87286559999997;99.77031519999994;99.79489919999995;99.87286559999997;99.89744959999997;99.77031519999994;99.79489919999995;99.66776479999992;99.91584639999998;99.69234879999992;99.46266399999986;99.58979839999989;99.56521439999989;99.69234879999992;99.69234879999992;99.66776479999992;99.79489919999995;99.77031519999994;99.89744959999997;99.91584639999998;99.87286559999997;99.87400959999998;99.87400959999998;99.87400959999998;99.87400959999998;99.87400959999998;99.87400959999998;99.87400959999998;99.87400959999998;99.91584639999998;99.69234879999992;99.69234879999992;99.91584639999998;99.91584639999998;99.91584639999998;99.91584639999998;99.91584639999998;
5460.089586666677;100.0;99.91584639999998;99.91347839999996;99.87400959999998;99.87286559999997;99.77031519999994;99.79489919999995;99.87286559999997;99.89744959999997;99.77031519999994;99.79489919999995;99.66776479999992;99.91584639999998;99.69234879999992;99.46266399999986;99.58979839999989;99.56521439999989;99.69234879999992;99.69234879999992;99.66776479999992;99.79489919999995;99.77031519999994;99.88944159999997;99.91584639999998;99.87286559999997;99.87400959999998;99.87400959999998;99.87400959999998;99.87400959999998;99.87400959999998;99.87400959999998;99.87400959999998;99.87400959999998;99.91584639999998;99.69234879999992;99.69234879999992;99.91584639999998;99.91584639999998;99.91584639999998;99.91584639999998;99.91584639999998;
5460.089586666677;100.0;99.91584639999998;99.91347839999996;99.87400959999998;99.87286559999997;99.77031519999994;99.79489919999995;99.87286559999997;99.89744959999997;99.77031519999994;99.79489919999995;99.66776479999992;99.91584639999998;99.69234879999992;99.46266399999986;99.58979839999989;99.56521439999989;99.69234879999992;99.69234879999992;99.66776479999992;99.79489919999995;99.77031519999994;99.87286559999997;99.91584639999998;99.87286559999997;99.87400959999998;99.87400959999998;99.87400959999998;99.87400959999998;99.87400959999998;99.87400959999998;99.87400959999998;99.87400959999998;99.91584639999998;99.69234879999992;99.69234879999992;99.91584639999998;99.91584639999998;99.91584639999998;99.91584639999998;99.91584639999998;
5460.097037333344;100.0;99.91584639999998;99.91347839999996;99.87400959999998;99.87286559999997;99.77031519999994;99.79489919999995;99.87286559999997;99.89744959999997;99.77031519999994;99.79489919999995;99.66776479999992;99.91584639999998;99.69234879999992;99.46266399999986;99.58979839999989;99.56521439999989;99.69234879999992;99.69234879999992;99.66776479999992;99.79489919999995;99.77031519999994;99.87286559999997;99.91584639999998;99.87286559999997;99.87400959999998;99.87400959999998;99.87400959999998;99.87400959999998;99.87400959999998;99.87400959999998;99.87400959999998;99.87400959999998;99.91584639999998;99.69234879999992;99.69234879999992;99.91584639999998;99.91584639999998;99.91584639999998;99.91584639999998;99.91584639999998;
5460.107037333344;100.0;99.91584639999998;99.91347839999996;99.87400959999998;99.87286559999997;99.77031519999994;99.79489919999995;99.87286559999997;99.89744959999997;99.77031519999994;99.79489919999995;99.66776479999992;99.91584639999998;99.69234879999992;99.46266399999986;99.58979839999989;99.56521439999989;99.69234879999992;99.69234879999992;99.66776479999992;99.79489919999995;99.77031519999994;99.87286559999997;99.91584639999998;99.87286559999997;99.87400959999998;99.87400959999998;99.87400959999998;99.87400959999998;99.87400959999998;99.87400959999998;99.87400959999998;99.87400959999998;99.91584639999998;99.69234879999992;99.69234879999992;99.91584639999998;99.91584639999998;99.91584639999998;99.91584639999998;99.91584639999998;
5460.117037333344;100.0;99.91584639999998;99.91347839999996;99.87400959999998;99.87286559999997;99.77031519999994;99.79489919999995;99.87286559999997;99.89744959999997;99.77031519999994;99.79489919999995;99.66776479999992;99.91584639999998;99.69234879999992;99.46266399999986;99.58979839999989;99.56521439999989;99.69234879999992;99.69234879999992;99.66776479999992;99.79489919999995;99.77031519999994;99.87286559999997;99.91584639999998;99.87286559999997;99.87400959999998;99.87400959999998;99.87400959999998;99.87400959999998;99.87400959999998;99.87400959999998;99.87400959999998;99.87400959999998;99.91584639999998;99.69234879999992;99.69234879999992;99.91584639999998;99.91584639999998;99.91584639999998;99.91584639999998;99.91584639999998;
5460.119957333344;100.0;99.91584639999998;99.91347839999996;99.87400959999998;99.87286559999997;99.76230719999994;99.78689119999994;99.87286559999997;99.88944159999997;99.77031519999994;99.78689119999994;99.66776479999992;99.91584639999998;99.68434079999992;99.46266399999986;99.58179039999989;99.56521439999989;99.69234879999992;99.68434079999992;99.66776479999992;99.78689119999994;99.77031519999994;99.87286559999997;99.91584639999998;99.87286559999997;99.87400959999998;99.87400959999998;99.87400959999998;99.87400959999998;99.87400959999998;99.87400959999998;99.87400959999998;99.87400959999998;99.91584639999998;99.69234879999992;99.69234879999992;99.91584639999998;99.91584639999998;99.91584639999998;99.91584639999998;99.91584639999998;
5460.119957333344;100.0;99.91584639999998;99.91347839999996;99.87400959999998;99.87286559999997;99.74573119999994;99.77031519999994;99.87286559999997;99.87286559999997;99.77031519999994;99.77031519999994;99.66776479999992;99.91584639999998;99.66776479999992;99.46266399999986;99.56521439999989;99.56521439999989;99.69234879999992;99.66776479999992;99.66776479999992;99.77031519999994;99.77031519999994;99.87286559999997;99.91584639999998;99.87286559999997;99.87400959999998;99.87400959999998;99.87400959999998;99.87400959999998;99.87400959999998;99.87400959999998;99.87400959999998;99.87400959999998;99.91584639999998;99.69234879999992;99.69234879999992;99.91584639999998;99.91584639999998;99.91584639999998;99.91584639999998;99.91584639999998;
5460.121046666678;100.0;99.91584639999998;99.91347839999996;99.87400959999998;99.87286559999997;99.74573119999994;99.77031519999994;99.87286559999997;99.87286559999997;99.77031519999994;99.77031519999994;99.66776479999992;99.91584639999998;99.66776479999992;99.46266399999986;99.56521439999989;99.56521439999989;99.69234879999992;99.66776479999992;99.66776479999992;99.77031519999994;99.76230719999994;99.87286559999997;99.91584639999998;99.87286559999997;99.87400959999998;99.87400959999998;99.87400959999998;99.87400959999998;99.87400959999998;99.87400959999998;99.87400959999998;99.87400959999998;99.91584639999998;99.69234879999992;99.69234879999992;99.91584639999998;99.91584639999998;99.91584639999998;99.91584639999998;99.91584639999998;
5460.121046666678;100.0;99.91584639999998;99.91347839999996;99.87400959999998;99.87286559999997;99.74573119999994;99.77031519999994;99.87286559999997;99.87286559999997;99.77031519999994;99.77031519999994;99.66776479999992;99.91584639999998;99.66776479999992;99.46266399999986;99.56521439999989;99.56521439999989;99.69234879999992;99.66776479999992;99.66776479999992;99.77031519999994;99.74573119999994;99.87286559999997;99.91584639999998;99.87286559999997;99.87400959999998;99.87400959999998;99.87400959999998;99.87400959999998;99.87400959999998;99.87400959999998;99.87400959999998;99.87400959999998;99.91584639999998;99.69234879999992;99.69234879999992;99.91584639999998;99.91584639999998;99.91584639999998;99.91584639999998;99.91584639999998;
5460.127037333345;100.0;99.91584639999998;99.91347839999996;99.87400959999998;99.87286559999997;99.74573119999994;99.77031519999994;99.87286559999997;99.87286559999997;99.77031519999994;99.77031519999994;99.66776479999992;99.91584639999998;99.66776479999992;99.46266399999986;99.56521439999989;99.56521439999989;99.69234879999992;99.66776479999992;99.66776479999992;99.77031519999994;99.74573119999994;99.87286559999997;99.91584639999998;99.87286559999997;99.87400959999998;99.87400959999998;99.87400959999998;99.87400959999998;99.87400959999998;99.87400959999998;99.87400959999998;99.87400959999998;99.91584639999998;99.69234879999992;99.69234879999992;99.91584639999998;99.91584639999998;99.91584639999998;99.91584639999998;99.91584639999998;
5460.1299573333445;100.0;99.91584639999998;99.91347839999996;99.87400959999998;99.87286559999997;99.74573119999994;99.77031519999994;99.87286559999997;99.87286559999997;99.77031519999994;99.77031519999994;99.66776479999992;99.91584639999998;99.66776479999992;99.46266399999986;99.56521439999989;99.56521439999989;99.69234879999992;99.66776479999992;99.66776479999992;99.77031519999994;99.74573119999994;99.87286559999997;99.91584639999998;99.87286559999997;99.87400959999998;99.87400959999998;99.87400959999998;99.87400959999998;99.87400959999998;99.87400959999998;99.87400959999998;99.87400959999998;99.91584639999998;99.69234879999992;99.69234879999992;99.91584639999998;99.91584639999998;99.91584639999998;99.91584639999998;99.91584639999998;
5460.137037333345;100.0;99.91584639999998;99.91347839999996;99.87400959999998;99.87286559999997;99.74573119999994;99.77031519999994;99.87286559999997;99.87286559999997;99.77031519999994;99.77031519999994;99.66776479999992;99.91584639999998;99.66776479999992;99.46266399999986;99.56521439999989;99.56521439999989;99.69234879999992;99.66776479999992;99.66776479999992;99.77031519999994;99.74573119999994;99.87286559999997;99.91584639999998;99.87286559999997;99.87400959999998;99.87400959999998;99.87400959999998;99.87400959999998;99.87400959999998;99.87400959999998;99.87400959999998;99.87400959999998;99.91584639999998;99.69234879999992;99.69234879999992;99.91584639999998;99.91584639999998;99.91584639999998;99.91584639999998;99.91584639999998;
5460.148126666678;100.0;99.91584639999998;99.91347839999996;99.87400959999998;99.87286559999997;99.74573119999994;99.77031519999994;99.87286559999997;99.87286559999997;99.77031519999994;99.77031519999994;99.66776479999992;99.91584639999998;99.66776479999992;99.46266399999986;99.56521439999989;99.56521439999989;99.69234879999992;99.66776479999992;99.66776479999992;99.77031519999994;99.74573119999994;99.87286559999997;99.91584639999998;99.87286559999997;99.87400959999998;99.87400959999998;99.87400959999998;99.87400959999998;99.87400959999998;99.87400959999998;99.87400959999998;99.87400959999998;99.91584639999998;99.69234879999992;99.69234879999992;99.91584639999998;99.91584639999998;99.91584639999998;99.91584639999998;99.91584639999998;
5460.151417333344;100.0;99.91584639999998;99.91347839999996;99.87400959999998;99.87286559999997;99.74573119999994;99.76230719999994;99.87286559999997;99.87286559999997;99.76230719999994;99.77031519999994;99.65975679999991;99.91584639999998;99.66776479999992;99.45465599999986;99.56521439999989;99.56521439999989;99.68434079999992;99.66776479999992;99.65975679999991;99.77031519999994;99.74573119999994;99.87286559999997;99.91584639999998;99.87286559999997;99.87400959999998;99.87400959999998;99.87400959999998;99.87400959999998;99.87400959999998;99.87400959999998;99.87400959999998;99.87400959999998;99.91584639999998;99.68434079999992;99.69234879999992;99.91584639999998;99.91584639999998;99.91584639999998;99.91584639999998;99.91584639999998;
5460.151417333344;100.0;99.91584639999998;99.91347839999996;99.87400959999998;99.87286559999997;99.74573119999994;99.74573119999994;99.87286559999997;99.87286559999997;99.74573119999994;99.77031519999994;99.64318079999991;99.91584639999998;99.66776479999992;99.43807999999986;99.56521439999989;99.56521439999989;99.66776479999992;99.66776479999992;99.64318079999991;99.77031519999994;99.74573119999994;99.87286559999997;99.91584639999998;99.87286559999997;99.87400959999998;99.87400959999998;99.87400959999998;99.87400959999998;99.87400959999998;99.87400959999998;99.87400959999998;99.87400959999998;99.91584639999998;99.66776479999992;99.69234879999992;99.91584639999998;99.91584639999998;99.91584639999998;99.91584639999998;99.91584639999998;
5460.152506666678;100.0;99.91584639999998;99.91347839999996;99.87400959999998;99.87286559999997;99.74573119999994;99.74573119999994;99.87286559999997;99.87286559999997;99.74573119999994;99.77031519999994;99.64318079999991;99.91584639999998;99.66776479999992;99.43807999999986;99.56521439999989;99.56521439999989;99.66776479999992;99.66776479999992;99.64318079999991;99.76230719999994;99.74573119999994;99.87286559999997;99.91584639999998;99.87286559999997;99.87400959999998;99.87400959999998;99.87400959999998;99.87400959999998;99.87400959999998;99.87400959999998;99.87400959999998;99.87400959999998;99.91584639999998;99.66776479999992;99.69234879999992;99.91584639999998;99.91584639999998;99.91584639999998;99.91584639999998;99.91584639999998;
5460.152506666678;100.0;99.91584639999998;99.91347839999996;99.87400959999998;99.87286559999997;99.74573119999994;99.74573119999994;99.87286559999997;99.87286559999997;99.74573119999994;99.77031519999994;99.64318079999991;99.91584639999998;99.66776479999992;99.43807999999986;99.56521439999989;99.56521439999989;99.66776479999992;99.66776479999992;99.64318079999991;99.74573119999994;99.74573119999994;99.87286559999997;99.91584639999998;99.87286559999997;99.87400959999998;99.87400959999998;99.87400959999998;99.87400959999998;99.87400959999998;99.87400959999998;99.87400959999998;99.87400959999998;99.91584639999998;99.66776479999992;99.69234879999992;99.91584639999998;99.91584639999998;99.91584639999998;99.91584639999998;99.91584639999998;
5460.182877333345;100.0;99.91584639999998;99.91347839999996;99.87400959999998;99.87286559999997;99.74573119999994;99.74573119999994;99.87286559999997;99.87286559999997;99.74573119999994;99.76230719999994;99.64318079999991;99.91584639999998;99.65975679999991;99.43807999999986;99.56521439999989;99.55720639999988;99.66776479999992;99.65975679999991;99.64318079999991;99.74573119999994;99.74573119999994;99.87286559999997;99.91584639999998;99.87286559999997;99.87400959999998;99.87400959999998;99.87400959999998;99.87400959999998;99.87400959999998;99.87400959999998;99.87400959999998;99.87400959999998;99.91584639999998;99.66776479999992;99.68434079999992;99.91584639999998;99.91584639999998;99.91584639999998;99.91584639999998;99.91584639999998;
5460.182877333345;100.0;99.91584639999998;99.91347839999996;99.87400959999998;99.87286559999997;99.74573119999994;99.74573119999994;99.87286559999997;99.87286559999997;99.74573119999994;99.74573119999994;99.64318079999991;99.91584639999998;99.64318079999991;99.43807999999986;99.56521439999989;99.54063039999988;99.66776479999992;99.64318079999991;99.64318079999991;99.74573119999994;99.74573119999994;99.87286559999997;99.91584639999998;99.87286559999997;99.87400959999998;99.87400959999998;99.87400959999998;99.87400959999998;99.87400959999998;99.87400959999998;99.87400959999998;99.87400959999998;99.91584639999998;99.66776479999992;99.66776479999992;99.91584639999998;99.91584639999998;99.91584639999998;99.91584639999998;99.91584639999998;
5460.183966666678;100.0;99.91584639999998;99.91347839999996;99.87400959999998;99.87286559999997;99.74573119999994;99.74573119999994;99.87286559999997;99.87286559999997;99.74573119999994;99.74573119999994;99.64318079999991;99.91584639999998;99.64318079999991;99.43807999999986;99.56521439999989;99.54063039999988;99.66776479999992;99.64318079999991;99.6351727999999;99.74573119999994;99.74573119999994;99.87286559999997;99.91584639999998;99.87286559999997;99.87400959999998;99.87400959999998;99.87400959999998;99.87400959999998;99.87400959999998;99.87400959999998;99.87400959999998;99.87400959999998;99.91584639999998;99.66776479999992;99.66776479999992;99.91584639999998;99.91584639999998;99.91584639999998;99.91584639999998;99.91584639999998;
5460.183966666678;100.0;99.91584639999998;99.91347839999996;99.87400959999998;99.87286559999997;99.74573119999994;99.74573119999994;99.87286559999997;99.87286559999997;99.74573119999994;99.74573119999994;99.64318079999991;99.91584639999998;99.64318079999991;99.43807999999986;99.56521439999989;99.54063039999988;99.66776479999992;99.64318079999991;99.6185967999999;99.74573119999994;99.74573119999994;99.87286559999997;99.91584639999998;99.87286559999997;99.87400959999998;99.87400959999998;99.87400959999998;99.87400959999998;99.87400959999998;99.87400959999998;99.87400959999998;99.87400959999998;99.91584639999998;99.66776479999992;99.66776479999992;99.91584639999998;99.91584639999998;99.91584639999998;99.91584639999998;99.91584639999998;
5460.192877333345;100.0;99.91584639999998;99.91347839999996;99.87400959999998;99.87286559999997;99.74573119999994;99.74573119999994;99.87286559999997;99.87286559999997;99.74573119999994;99.74573119999994;99.64318079999991;99.91584639999998;99.64318079999991;99.43807999999986;99.56521439999989;99.54063039999988;99.66776479999992;99.64318079999991;99.6185967999999;99.74573119999994;99.74573119999994;99.87286559999997;99.91584639999998;99.87286559999997;99.87400959999998;99.87400959999998;99.87400959999998;99.87400959999998;99.87400959999998;99.87400959999998;99.87400959999998;99.87400959999998;99.91584639999998;99.66776479999992;99.66776479999992;99.91584639999998;99.91584639999998;99.91584639999998;99.91584639999998;99.91584639999998;
5460.214337333345;100.0;99.91584639999998;99.91347839999996;99.87400959999998;99.87286559999997;99.74573119999994;99.74573119999994;99.87286559999997;99.87286559999997;99.74573119999994;99.74573119999994;99.6351727999999;99.91584639999998;99.64318079999991;99.43807999999986;99.55720639999988;99.54063039999988;99.65975679999991;99.64318079999991;99.6185967999999;99.74573119999994;99.74573119999994;99.87286559999997;99.91584639999998;99.87286559999997;99.87400959999998;99.87400959999998;99.87400959999998;99.87400959999998;99.87400959999998;99.87400959999998;99.87400959999998;99.87400959999998;99.91584639999998;99.65975679999991;99.66776479999992;99.91584639999998;99.91584639999998;99.91584639999998;99.91584639999998;99.91584639999998;
5460.214337333345;100.0;99.91584639999998;99.91347839999996;99.87400959999998;99.87286559999997;99.74573119999994;99.74573119999994;99.87286559999997;99.87286559999997;99.74573119999994;99.74573119999994;99.6185967999999;99.91584639999998;99.64318079999991;99.43807999999986;99.54063039999988;99.54063039999988;99.64318079999991;99.64318079999991;99.6185967999999;99.74573119999994;99.74573119999994;99.87286559999997;99.91584639999998;99.87286559999997;99.87400959999998;99.87400959999998;99.87400959999998;99.87400959999998;99.87400959999998;99.87400959999998;99.87400959999998;99.87400959999998;99.91584639999998;99.64318079999991;99.66776479999992;99.91584639999998;99.91584639999998;99.91584639999998;99.91584639999998;99.91584639999998;
5460.2154266666785;100.0;99.91584639999998;99.91347839999996;99.87400959999998;99.87286559999997;99.74573119999994;99.74573119999994;99.87286559999997;99.87286559999997;99.74573119999994;99.74573119999994;99.6185967999999;99.91584639999998;99.64318079999991;99.43807999999986;99.54063039999988;99.54063039999988;99.64318079999991;99.6351727999999;99.6185967999999;99.74573119999994;99.74573119999994;99.87286559999997;99.91584639999998;99.87286559999997;99.87400959999998;99.87400959999998;99.87400959999998;99.87400959999998;99.87400959999998;99.87400959999998;99.87400959999998;99.87400959999998;99.91584639999998;99.64318079999991;99.66776479999992;99.91584639999998;99.91584639999998;99.91584639999998;99.91584639999998;99.91584639999998;
5460.2154266666785;100.0;99.91584639999998;99.91347839999996;99.87400959999998;99.87286559999997;99.74573119999994;99.74573119999994;99.87286559999997;99.87286559999997;99.74573119999994;99.74573119999994;99.6185967999999;99.91584639999998;99.64318079999991;99.43807999999986;99.54063039999988;99.54063039999988;99.64318079999991;99.6185967999999;99.6185967999999;99.74573119999994;99.74573119999994;99.87286559999997;99.91584639999998;99.87286559999997;99.87400959999998;99.87400959999998;99.87400959999998;99.87400959999998;99.87400959999998;99.87400959999998;99.87400959999998;99.87400959999998;99.91584639999998;99.64318079999991;99.66776479999992;99.91584639999998;99.91584639999998;99.91584639999998;99.91584639999998;99.91584639999998;
5460.245797333345;100.0;99.91584639999998;99.91347839999996;99.87400959999998;99.87286559999997;99.74573119999994;99.74573119999994;99.87286559999997;99.87286559999997;99.74573119999994;99.74573119999994;99.6185967999999;99.91584639999998;99.6351727999999;99.43007199999985;99.54063039999988;99.53262239999988;99.64318079999991;99.6185967999999;99.6185967999999;99.74573119999994;99.74573119999994;99.87286559999997;99.91584639999998;99.87286559999997;99.87400959999998;99.87400959999998;99.87400959999998;99.87400959999998;99.87400959999998;99.87400959999998;99.87400959999998;99.87400959999998;99.91584639999998;99.64318079999991;99.65975679999991;99.91584639999998;99.91584639999998;99.91584639999998;99.91584639999998;99.91584639999998;
5460.245797333345;100.0;99.91584639999998;99.91347839999996;99.87400959999998;99.87286559999997;99.74573119999994;99.74573119999994;99.87286559999997;99.87286559999997;99.74573119999994;99.74573119999994;99.6185967999999;99.91584639999998;99.6185967999999;99.41349599999985;99.54063039999988;99.51604639999988;99.64318079999991;99.6185967999999;99.6185967999999;99.74573119999994;99.74573119999994;99.87286559999997;99.91584639999998;99.87286559999997;99.87400959999998;99.87400959999998;99.87400959999998;99.87400959999998;99.87400959999998;99.87400959999998;99.87400959999998;99.87400959999998;99.91584639999998;99.64318079999991;99.64318079999991;99.91584639999998;99.91584639999998;99.91584639999998;99.91584639999998;99.91584639999998;
5460.246886666679;100.0;99.91584639999998;99.91347839999996;99.87400959999998;99.87286559999997;99.74573119999994;99.74573119999994;99.87286559999997;99.87286559999997;99.74573119999994;99.74573119999994;99.6185967999999;99.91584639999998;99.6185967999999;99.41349599999985;99.54063039999988;99.51604639999988;99.6351727999999;99.6185967999999;99.6185967999999;99.74573119999994;99.74573119999994;99.87286559999997;99.91584639999998;99.87286559999997;99.87400959999998;99.87400959999998;99.87400959999998;99.87400959999998;99.87400959999998;99.87400959999998;99.87400959999998;99.87400959999998;99.91584639999998;99.64318079999991;99.64318079999991;99.91584639999998;99.91584639999998;99.91584639999998;99.91584639999998;99.91584639999998;
5460.246886666679;100.0;99.91584639999998;99.91347839999996;99.87400959999998;99.87286559999997;99.74573119999994;99.74573119999994;99.87286559999997;99.87286559999997;99.74573119999994;99.74573119999994;99.6185967999999;99.91584639999998;99.6185967999999;99.41349599999985;99.54063039999988;99.51604639999988;99.6185967999999;99.6185967999999;99.6185967999999;99.74573119999994;99.74573119999994;99.87286559999997;99.91584639999998;99.87286559999997;99.87400959999998;99.87400959999998;99.87400959999998;99.87400959999998;99.87400959999998;99.87400959999998;99.87400959999998;99.87400959999998;99.91584639999998;99.64318079999991;99.64318079999991;99.91584639999998;99.91584639999998;99.91584639999998;99.91584639999998;99.91584639999998;
5460.255797333345;100.0;99.91584639999998;99.91347839999996;99.87400959999998;99.87286559999997;99.74573119999994;99.74573119999994;99.87286559999997;99.87286559999997;99.74573119999994;99.74573119999994;99.6185967999999;99.91584639999998;99.6185967999999;99.41349599999985;99.54063039999988;99.51604639999988;99.6185967999999;99.6185967999999;99.6185967999999;99.74573119999994;99.74573119999994;99.87286559999997;99.91584639999998;99.87286559999997;99.87400959999998;99.87400959999998;99.87400959999998;99.87400959999998;99.87400959999998;99.87400959999998;99.87400959999998;99.87400959999998;99.91584639999998;99.64318079999991;99.64318079999991;99.91584639999998;99.91584639999998;99.91584639999998;99.91584639999998;99.91584639999998;
5460.277257333345;100.0;99.91584639999998;99.91347839999996;99.87400959999998;99.87286559999997;99.74573119999994;99.74573119999994;99.87286559999997;99.87286559999997;99.74573119999994;99.74573119999994;99.6185967999999;99.91584639999998;99.6185967999999;99.41349599999985;99.53262239999988;99.51604639999988;99.6185967999999;99.6185967999999;99.6185967999999;99.74573119999994;99.74573119999994;99.87286559999997;99.91584639999998;99.87286559999997;99.87400959999998;99.87400959999998;99.87400959999998;99.87400959999998;99.87400959999998;99.87400959999998;99.87400959999998;99.87400959999998;99.91584639999998;99.6351727999999;99.64318079999991;99.91584639999998;99.91584639999998;99.91584639999998;99.91584639999998;99.91584639999998;
5460.277257333345;100.0;99.91584639999998;99.91347839999996;99.87400959999998;99.87286559999997;99.74573119999994;99.74573119999994;99.87286559999997;99.87286559999997;99.74573119999994;99.74573119999994;99.6185967999999;99.91584639999998;99.6185967999999;99.41349599999985;99.51604639999988;99.51604639999988;99.6185967999999;99.6185967999999;99.6185967999999;99.74573119999994;99.74573119999994;99.87286559999997;99.91584639999998;99.87286559999997;99.87400959999998;99.87400959999998;99.87400959999998;99.87400959999998;99.87400959999998;99.87400959999998;99.87400959999998;99.87400959999998;99.91584639999998;99.6185967999999;99.64318079999991;99.91584639999998;99.91584639999998;99.91584639999998;99.91584639999998;99.91584639999998;
5460.278346666679;100.0;99.91584639999998;99.91347839999996;99.87400959999998;99.87286559999997;99.74573119999994;99.74573119999994;99.87286559999997;99.87286559999997;99.74573119999994;99.74573119999994;99.6185967999999;99.91584639999998;99.6185967999999;99.41349599999985;99.51604639999988;99.50803839999988;99.6185967999999;99.6185967999999;99.6185967999999;99.74573119999994;99.74573119999994;99.87286559999997;99.91584639999998;99.87286559999997;99.87400959999998;99.87400959999998;99.87400959999998;99.87400959999998;99.87400959999998;99.87400959999998;99.87400959999998;99.87400959999998;99.91584639999998;99.6185967999999;99.64318079999991;99.91584639999998;99.91584639999998;99.91584639999998;99.91584639999998;99.91584639999998;
5460.278346666679;100.0;99.91584639999998;99.91347839999996;99.87400959999998;99.87286559999997;99.74573119999994;99.74573119999994;99.87286559999997;99.87286559999997;99.74573119999994;99.74573119999994;99.6185967999999;99.91584639999998;99.6185967999999;99.41349599999985;99.51604639999988;99.49146239999988;99.6185967999999;99.6185967999999;99.6185967999999;99.74573119999994;99.74573119999994;99.87286559999997;99.91584639999998;99.87286559999997;99.87400959999998;99.87400959999998;99.87400959999998;99.87400959999998;99.87400959999998;99.87400959999998;99.87400959999998;99.87400959999998;99.91584639999998;99.6185967999999;99.64318079999991;99.91584639999998;99.91584639999998;99.91584639999998;99.91584639999998;99.91584639999998;
5460.308717333345;100.0;99.91584639999998;99.91347839999996;99.87400959999998;99.87286559999997;99.74573119999994;99.74573119999994;99.87286559999997;99.87286559999997;99.74573119999994;99.74573119999994;99.6185967999999;99.91584639999998;99.6185967999999;99.40548799999985;99.51604639999988;99.49146239999988;99.6185967999999;99.6185967999999;99.6185967999999;99.74573119999994;99.74573119999994;99.87286559999997;99.91584639999998;99.87286559999997;99.87400959999998;99.87400959999998;99.87400959999998;99.87400959999998;99.87400959999998;99.87400959999998;99.87400959999998;99.87400959999998;99.91584639999998;99.6185967999999;99.6351727999999;99.91584639999998;99.91584639999998;99.91584639999998;99.91584639999998;99.91584639999998;
5460.308717333345;100.0;99.91584639999998;99.91347839999996;99.87400959999998;99.87286559999997;99.74573119999994;99.74573119999994;99.87286559999997;99.87286559999997;99.74573119999994;99.74573119999994;99.6185967999999;99.91584639999998;99.6185967999999;99.38891199999985;99.51604639999988;99.49146239999988;99.6185967999999;99.6185967999999;99.6185967999999;99.74573119999994;99.74573119999994;99.87286559999997;99.91584639999998;99.87286559999997;99.87400959999998;99.87400959999998;99.87400959999998;99.87400959999998;99.87400959999998;99.87400959999998;99.87400959999998;99.87400959999998;99.91584639999998;99.6185967999999;99.6185967999999;99.91584639999998;99.91584639999998;99.91584639999998;99.91584639999998;99.91584639999998;
5460.309806666679;100.0;99.91584639999998;99.91347839999996;99.87400959999998;99.87286559999997;99.74573119999994;99.74573119999994;99.87286559999997;99.87286559999997;99.74573119999994;99.74573119999994;99.6185967999999;99.91584639999998;99.6185967999999;99.38891199999985;99.50803839999988;99.49146239999988;99.6185967999999;99.6185967999999;99.6185967999999;99.74573119999994;99.74573119999994;99.87286559999997;99.91584639999998;99.87286559999997;99.87400959999998;99.87400959999998;99.87400959999998;99.87400959999998;99.87400959999998;99.87400959999998;99.87400959999998;99.87400959999998;99.91584639999998;99.6185967999999;99.6185967999999;99.91584639999998;99.91584639999998;99.91584639999998;99.91584639999998;99.91584639999998;
5460.309806666679;100.0;99.91584639999998;99.91347839999996;99.87400959999998;99.87286559999997;99.74573119999994;99.74573119999994;99.87286559999997;99.87286559999997;99.74573119999994;99.74573119999994;99.6185967999999;99.91584639999998;99.6185967999999;99.38891199999985;99.49146239999988;99.49146239999988;99.6185967999999;99.6185967999999;99.6185967999999;99.74573119999994;99.74573119999994;99.87286559999997;99.91584639999998;99.87286559999997;99.87400959999998;99.87400959999998;99.87400959999998;99.87400959999998;99.87400959999998;99.87400959999998;99.87400959999998;99.87400959999998;99.91584639999998;99.6185967999999;99.6185967999999;99.91584639999998;99.91584639999998;99.91584639999998;99.91584639999998;99.91584639999998;
5460.340177333345;100.0;99.91584639999998;99.91347839999996;99.87400959999998;99.87286559999997;99.74573119999994;99.74573119999994;99.87286559999997;99.87286559999997;99.74573119999994;99.74573119999994;99.6185967999999;99.91584639999998;99.6185967999999;99.38891199999985;99.49146239999988;99.49146239999988;99.6185967999999;99.6185967999999;99.6185967999999;99.74573119999994;99.74573119999994;99.87286559999997;99.91584639999998;99.87286559999997;99.87400959999998;99.87400959999998;99.87400959999998;99.87400959999998;99.87400959999998;99.87400959999998;99.87400959999998;99.87400959999998;99.91584639999998;99.6185967999999;99.6185967999999;99.91584639999998;99.91584639999998;99.91584639999998;99.91584639999998;99.91584639999998;
5460.341266666679;100.0;99.91584639999998;99.91347839999996;99.87400959999998;99.87286559999997;99.74573119999994;99.74573119999994;99.87286559999997;99.87286559999997;99.74573119999994;99.74573119999994;99.6185967999999;99.91584639999998;99.6185967999999;99.38090399999984;99.49146239999988;99.49146239999988;99.6185967999999;99.6185967999999;99.6185967999999;99.74573119999994;99.74573119999994;99.87286559999997;99.91584639999998;99.87286559999997;99.87400959999998;99.87400959999998;99.87400959999998;99.87400959999998;99.87400959999998;99.87400959999998;99.87400959999998;99.87400959999998;99.91584639999998;99.6185967999999;99.6185967999999;99.91584639999998;99.91584639999998;99.91584639999998;99.91584639999998;99.91584639999998;
5460.341266666679;100.0;99.91584639999998;99.91347839999996;99.87400959999998;99.87286559999997;99.74573119999994;99.74573119999994;99.87286559999997;99.87286559999997;99.74573119999994;99.74573119999994;99.6185967999999;99.91584639999998;99.6185967999999;99.36432799999984;99.49146239999988;99.49146239999988;99.6185967999999;99.6185967999999;99.6185967999999;99.74573119999994;99.74573119999994;99.87286559999997;99.91584639999998;99.87286559999997;99.87400959999998;99.87400959999998;99.87400959999998;99.87400959999998;99.87400959999998;99.87400959999998;99.87400959999998;99.87400959999998;99.91584639999998;99.6185967999999;99.6185967999999;99.91584639999998;99.91584639999998;99.91584639999998;99.91584639999998;99.91584639999998;
5520.000000000012;100.0;99.91584639999998;99.91347839999996;99.87400959999998;99.87286559999997;99.74573119999994;99.74573119999994;99.87286559999997;99.87286559999997;99.74573119999994;99.74573119999994;99.6185967999999;99.91584639999998;99.6185967999999;99.36432799999984;99.49146239999988;99.49146239999988;99.6185967999999;99.6185967999999;99.6185967999999;99.74573119999994;99.74573119999994;99.87286559999997;99.91584639999998;99.87286559999997;99.87400959999998;99.87400959999998;99.87400959999998;99.87400959999998;99.87400959999998;99.87400959999998;99.87400959999998;99.87400959999998;99.91584639999998;99.6185967999999;99.6185967999999;99.91584639999998;99.91584639999998;99.91584639999998;99.91584639999998;99.91584639999998;
5580.000000000012;100.0;99.91584639999998;99.91347839999996;99.87400959999998;99.87286559999997;99.74573119999994;99.74573119999994;99.87286559999997;99.87286559999997;99.74573119999994;99.74573119999994;99.6185967999999;99.91584639999998;99.6185967999999;99.36432799999984;99.49146239999988;99.49146239999988;99.6185967999999;99.6185967999999;99.6185967999999;99.74573119999994;99.74573119999994;99.87286559999997;99.91584639999998;99.87286559999997;99.87400959999998;99.87400959999998;99.87400959999998;99.87400959999998;99.87400959999998;99.87400959999998;99.87400959999998;99.87400959999998;99.91584639999998;99.6185967999999;99.6185967999999;99.91584639999998;99.91584639999998;99.91584639999998;99.91584639999998;99.91584639999998;
5640.000000000012;100.0;99.91584639999998;99.91347839999996;99.87400959999998;99.87286559999997;99.74573119999994;99.74573119999994;99.87286559999997;99.87286559999997;99.74573119999994;99.74573119999994;99.6185967999999;99.91584639999998;99.6185967999999;99.36432799999984;99.49146239999988;99.49146239999988;99.6185967999999;99.6185967999999;99.6185967999999;99.74573119999994;99.74573119999994;99.87286559999997;99.91584639999998;99.87286559999997;99.87400959999998;99.87400959999998;99.87400959999998;99.87400959999998;99.87400959999998;99.87400959999998;99.87400959999998;99.87400959999998;99.91584639999998;99.6185967999999;99.6185967999999;99.91584639999998;99.91584639999998;99.91584639999998;99.91584639999998;99.91584639999998;
5700.000000000012;100.0;99.91584639999998;99.91347839999996;99.87400959999998;99.87286559999997;99.74573119999994;99.74573119999994;99.87286559999997;99.87286559999997;99.74573119999994;99.74573119999994;99.6185967999999;99.91584639999998;99.6185967999999;99.36432799999984;99.49146239999988;99.49146239999988;99.6185967999999;99.6185967999999;99.6185967999999;99.74573119999994;99.74573119999994;99.87286559999997;99.91584639999998;99.87286559999997;99.87400959999998;99.87400959999998;99.87400959999998;99.87400959999998;99.87400959999998;99.87400959999998;99.87400959999998;99.87400959999998;99.91584639999998;99.6185967999999;99.6185967999999;99.91584639999998;99.91584639999998;99.91584639999998;99.91584639999998;99.91584639999998;
5760.000000000012;100.0;99.91584639999998;99.91347839999996;99.87400959999998;99.87286559999997;99.74573119999994;99.74573119999994;99.87286559999997;99.87286559999997;99.74573119999994;99.74573119999994;99.6185967999999;99.91584639999998;99.6185967999999;99.36432799999984;99.49146239999988;99.49146239999988;99.6185967999999;99.6185967999999;99.6185967999999;99.74573119999994;99.74573119999994;99.87286559999997;99.91584639999998;99.87286559999997;99.87400959999998;99.87400959999998;99.87400959999998;99.87400959999998;99.87400959999998;99.87400959999998;99.87400959999998;99.87400959999998;99.91584639999998;99.6185967999999;99.6185967999999;99.91584639999998;99.91584639999998;99.91584639999998;99.91584639999998;99.91584639999998;
5820.000000000012;100.0;99.91584639999998;99.91347839999996;99.87400959999998;99.87286559999997;99.74573119999994;99.74573119999994;99.87286559999997;99.87286559999997;99.74573119999994;99.74573119999994;99.6185967999999;99.91584639999998;99.6185967999999;99.36432799999984;99.49146239999988;99.49146239999988;99.6185967999999;99.6185967999999;99.6185967999999;99.74573119999994;99.74573119999994;99.87286559999997;99.91584639999998;99.87286559999997;99.87400959999998;99.87400959999998;99.87400959999998;99.87400959999998;99.87400959999998;99.87400959999998;99.87400959999998;99.87400959999998;99.91584639999998;99.6185967999999;99.6185967999999;99.91584639999998;99.91584639999998;99.91584639999998;99.91584639999998;99.91584639999998;
5880.000000000012;100.0;99.91584639999998;99.91347839999996;99.87400959999998;99.87286559999997;99.74573119999994;99.74573119999994;99.87286559999997;99.87286559999997;99.74573119999994;99.74573119999994;99.6185967999999;99.91584639999998;99.6185967999999;99.36432799999984;99.49146239999988;99.49146239999988;99.6185967999999;99.6185967999999;99.6185967999999;99.74573119999994;99.74573119999994;99.87286559999997;99.91584639999998;99.87286559999997;99.87400959999998;99.87400959999998;99.87400959999998;99.87400959999998;99.87400959999998;99.87400959999998;99.87400959999998;99.87400959999998;99.91584639999998;99.6185967999999;99.6185967999999;99.91584639999998;99.91584639999998;99.91584639999998;99.91584639999998;99.91584639999998;
5940.000000000012;100.0;99.91584639999998;99.91347839999996;99.87400959999998;99.87286559999997;99.74573119999994;99.74573119999994;99.87286559999997;99.87286559999997;99.74573119999994;99.74573119999994;99.6185967999999;99.91584639999998;99.6185967999999;99.36432799999984;99.49146239999988;99.49146239999988;99.6185967999999;99.6185967999999;99.6185967999999;99.74573119999994;99.74573119999994;99.87286559999997;99.91584639999998;99.87286559999997;99.87400959999998;99.87400959999998;99.87400959999998;99.87400959999998;99.87400959999998;99.87400959999998;99.87400959999998;99.87400959999998;99.91584639999998;99.6185967999999;99.6185967999999;99.91584639999998;99.91584639999998;99.91584639999998;99.91584639999998;99.91584639999998;
6000.000000000012;100.0;99.91584639999998;99.91347839999996;99.87400959999998;99.87286559999997;99.74573119999994;99.74573119999994;99.87286559999997;99.87286559999997;99.74573119999994;99.74573119999994;99.6185967999999;99.91584639999998;99.6185967999999;99.36432799999984;99.49146239999988;99.49146239999988;99.6185967999999;99.6185967999999;99.6185967999999;99.74573119999994;99.74573119999994;99.87286559999997;99.91584639999998;99.87286559999997;99.87400959999998;99.87400959999998;99.87400959999998;99.87400959999998;99.87400959999998;99.87400959999998;99.87400959999998;99.87400959999998;99.91584639999998;99.6185967999999;99.6185967999999;99.91584639999998;99.91584639999998;99.91584639999998;99.91584639999998;99.91584639999998;
6060.000000000012;100.0;99.91584639999998;99.91347839999996;99.87400959999998;99.87286559999997;99.74573119999994;99.74573119999994;99.87286559999997;99.87286559999997;99.74573119999994;99.74573119999994;99.6185967999999;99.91584639999998;99.6185967999999;99.36432799999984;99.49146239999988;99.49146239999988;99.6185967999999;99.6185967999999;99.6185967999999;99.74573119999994;99.74573119999994;99.87286559999997;99.91584639999998;99.87286559999997;99.87400959999998;99.87400959999998;99.87400959999998;99.87400959999998;99.87400959999998;99.87400959999998;99.87400959999998;99.87400959999998;99.91584639999998;99.6185967999999;99.6185967999999;99.91584639999998;99.91584639999998;99.91584639999998;99.91584639999998;99.91584639999998;
6120.000000000012;100.0;99.91584639999998;99.91347839999996;99.87400959999998;99.87286559999997;99.74573119999994;99.74573119999994;99.87286559999997;99.87286559999997;99.74573119999994;99.74573119999994;99.6185967999999;99.91584639999998;99.6185967999999;99.36432799999984;99.49146239999988;99.49146239999988;99.6185967999999;99.6185967999999;99.6185967999999;99.74573119999994;99.74573119999994;99.87286559999997;99.91584639999998;99.87286559999997;99.87400959999998;99.87400959999998;99.87400959999998;99.87400959999998;99.87400959999998;99.87400959999998;99.87400959999998;99.87400959999998;99.91584639999998;99.6185967999999;99.6185967999999;99.91584639999998;99.91584639999998;99.91584639999998;99.91584639999998;99.91584639999998;
6180.000000000012;100.0;99.91584639999998;99.91347839999996;99.87400959999998;99.87286559999997;99.74573119999994;99.74573119999994;99.87286559999997;99.87286559999997;99.74573119999994;99.74573119999994;99.6185967999999;99.91584639999998;99.6185967999999;99.36432799999984;99.49146239999988;99.49146239999988;99.6185967999999;99.6185967999999;99.6185967999999;99.74573119999994;99.74573119999994;99.87286559999997;99.91584639999998;99.87286559999997;99.87400959999998;99.87400959999998;99.87400959999998;99.87400959999998;99.87400959999998;99.87400959999998;99.87400959999998;99.87400959999998;99.91584639999998;99.6185967999999;99.6185967999999;99.91584639999998;99.91584639999998;99.91584639999998;99.91584639999998;99.91584639999998;
6240.000000000012;100.0;99.91584639999998;99.91347839999996;99.87400959999998;99.87286559999997;99.74573119999994;99.74573119999994;99.87286559999997;99.87286559999997;99.74573119999994;99.74573119999994;99.6185967999999;99.91584639999998;99.6185967999999;99.36432799999984;99.49146239999988;99.49146239999988;99.6185967999999;99.6185967999999;99.6185967999999;99.74573119999994;99.74573119999994;99.87286559999997;99.91584639999998;99.87286559999997;99.87400959999998;99.87400959999998;99.87400959999998;99.87400959999998;99.87400959999998;99.87400959999998;99.87400959999998;99.87400959999998;99.91584639999998;99.6185967999999;99.6185967999999;99.91584639999998;99.91584639999998;99.91584639999998;99.91584639999998;99.91584639999998;
6300.000000000012;100.0;99.91584639999998;99.91347839999996;99.87400959999998;99.87286559999997;99.74573119999994;99.74573119999994;99.87286559999997;99.87286559999997;99.74573119999994;99.74573119999994;99.6185967999999;99.91584639999998;99.6185967999999;99.36432799999984;99.49146239999988;99.49146239999988;99.6185967999999;99.6185967999999;99.6185967999999;99.74573119999994;99.74573119999994;99.87286559999997;99.91584639999998;99.87286559999997;99.87400959999998;99.87400959999998;99.87400959999998;99.87400959999998;99.87400959999998;99.87400959999998;99.87400959999998;99.87400959999998;99.91584639999998;99.6185967999999;99.6185967999999;99.91584639999998;99.91584639999998;99.91584639999998;99.91584639999998;99.91584639999998;
6360.000000000012;100.0;99.91584639999998;99.91347839999996;99.87400959999998;99.87286559999997;99.74573119999994;99.74573119999994;99.87286559999997;99.87286559999997;99.74573119999994;99.74573119999994;99.6185967999999;99.91584639999998;99.6185967999999;99.36432799999984;99.49146239999988;99.49146239999988;99.6185967999999;99.6185967999999;99.6185967999999;99.74573119999994;99.74573119999994;99.87286559999997;99.91584639999998;99.87286559999997;99.87400959999998;99.87400959999998;99.87400959999998;99.87400959999998;99.87400959999998;99.87400959999998;99.87400959999998;99.87400959999998;99.91584639999998;99.6185967999999;99.6185967999999;99.91584639999998;99.91584639999998;99.91584639999998;99.91584639999998;99.91584639999998;
6360.026666666679;100.0;99.91574639999997;99.91337839999996;99.87400959999998;99.87286559999997;99.74573119999994;99.74573119999994;99.87286559999997;99.87286559999997;99.74573119999994;99.74573119999994;99.6185967999999;99.91574639999997;99.6185967999999;99.36432799999984;99.49146239999988;99.49146239999988;99.6185967999999;99.6185967999999;99.6185967999999;99.74573119999994;99.74573119999994;99.87286559999997;99.91574639999997;99.87286559999997;99.87400959999998;99.87400959999998;99.87400959999998;99.87400959999998;99.87400959999998;99.87400959999998;99.87400959999998;99.87400959999998;99.91574639999997;99.6185967999999;99.6185967999999;99.91574639999997;99.91574639999997;99.91574639999997;99.91574639999997;99.91574639999997;
6360.026666666679;100.0;99.89917039999997;99.91337839999996;99.87400959999998;99.87286559999997;99.74573119999994;99.74573119999994;99.87286559999997;99.87286559999997;99.74573119999994;99.74573119999994;99.6185967999999;99.89917039999997;99.6185967999999;99.36432799999984;99.49146239999988;99.49146239999988;99.6185967999999;99.6185967999999;99.6185967999999;99.74573119999994;99.74573119999994;99.87286559999997;99.89917039999997;99.87286559999997;99.87400959999998;99.87400959999998;99.87400959999998;99.87400959999998;99.87400959999998;99.87400959999998;99.87400959999998;99.87400959999998;99.89917039999997;99.6185967999999;99.6185967999999;99.89917039999997;99.89917039999997;99.89917039999997;99.89917039999997;99.89917039999997;
6360.026666666679;100.0;99.89917039999997;99.89632879999995;99.87400959999998;99.87286559999997;99.74573119999994;99.74573119999994;99.87286559999997;99.87286559999997;99.74573119999994;99.74573119999994;99.6185967999999;99.89917039999997;99.6185967999999;99.36432799999984;99.49146239999988;99.49146239999988;99.6185967999999;99.6185967999999;99.6185967999999;99.74573119999994;99.74573119999994;99.87286559999997;99.89917039999997;99.87286559999997;99.87400959999998;99.87400959999998;99.87400959999998;99.87400959999998;99.87400959999998;99.87400959999998;99.87400959999998;99.87400959999998;99.89917039999997;99.6185967999999;99.6185967999999;99.89917039999997;99.89917039999997;99.89917039999997;99.89917039999997;99.89917039999997;
6360.0581266666795;100.0;99.89917039999997;99.89632879999995;99.86600159999998;99.87286559999997;99.74573119999994;99.74573119999994;99.87286559999997;99.87286559999997;99.74573119999994;99.74573119999994;99.6185967999999;99.89917039999997;99.6185967999999;99.36432799999984;99.49146239999988;99.49146239999988;99.6185967999999;99.6185967999999;99.6185967999999;99.74573119999994;99.74573119999994;99.87286559999997;99.89917039999997;99.87286559999997;99.86600159999998;99.86600159999998;99.86600159999998;99.86600159999998;99.86600159999998;99.86600159999998;99.86600159999998;99.86600159999998;99.89917039999997;99.6185967999999;99.6185967999999;99.89917039999997;99.89917039999997;99.89917039999997;99.89917039999997;99.89917039999997;
6360.0581266666795;100.0;99.89917039999997;99.89632879999995;99.84895199999997;99.87286559999997;99.74573119999994;99.74573119999994;99.87286559999997;99.87286559999997;99.74573119999994;99.74573119999994;99.6185967999999;99.89917039999997;99.6185967999999;99.36432799999984;99.49146239999988;99.49146239999988;99.6185967999999;99.6185967999999;99.6185967999999;99.74573119999994;99.74573119999994;99.87286559999997;99.89917039999997;99.87286559999997;99.84895199999997;99.84895199999997;99.84895199999997;99.84895199999997;99.84895199999997;99.84895199999997;99.84895199999997;99.84895199999997;99.89917039999997;99.6185967999999;99.6185967999999;99.89917039999997;99.89917039999997;99.89917039999997;99.89917039999997;99.89917039999997;
6360.059216000013;100.0;99.89917039999997;99.89632879999995;99.84895199999997;99.87286559999997;99.74573119999994;99.74573119999994;99.87286559999997;99.87286559999997;99.74573119999994;99.74573119999994;99.6185967999999;99.89917039999997;99.6185967999999;99.36432799999984;99.49146239999988;99.49146239999988;99.6185967999999;99.6185967999999;99.6185967999999;99.74573119999994;99.74573119999994;99.87286559999997;99.89917039999997;99.86462879999996;99.84895199999997;99.84895199999997;99.84895199999997;99.84895199999997;99.84895199999997;99.84895199999997;99.84895199999997;99.84895199999997;99.89917039999997;99.6185967999999;99.6185967999999;99.89917039999997;99.89917039999997;99.89917039999997;99.89917039999997;99.89917039999997;
6360.059216000013;100.0;99.89917039999997;99.89632879999995;99.84895199999997;99.87286559999997;99.74573119999994;99.74573119999994;99.87286559999997;99.87286559999997;99.74573119999994;99.74573119999994;99.6185967999999;99.89917039999997;99.6185967999999;99.36432799999984;99.49146239999988;99.49146239999988;99.6185967999999;99.6185967999999;99.6185967999999;99.74573119999994;99.74573119999994;99.87286559999997;99.89917039999997;99.84757919999996;99.84895199999997;99.84895199999997;99.84895199999997;99.84895199999997;99.84895199999997;99.84895199999997;99.84895199999997;99.84895199999997;99.89917039999997;99.6185967999999;99.6185967999999;99.89917039999997;99.89917039999997;99.89917039999997;99.89917039999997;99.89917039999997;
6360.06812666668;100.0;99.89917039999997;99.89632879999995;99.84895199999997;99.87286559999997;99.74573119999994;99.74573119999994;99.87286559999997;99.87286559999997;99.74573119999994;99.74573119999994;99.6185967999999;99.89917039999997;99.6185967999999;99.36432799999984;99.49146239999988;99.49146239999988;99.6185967999999;99.6185967999999;99.6185967999999;99.74573119999994;99.74573119999994;99.87286559999997;99.89917039999997;99.84757919999996;99.84895199999997;99.84895199999997;99.84895199999997;99.84895199999997;99.84895199999997;99.84895199999997;99.84895199999997;99.84895199999997;99.89917039999997;99.6185967999999;99.6185967999999;99.89917039999997;99.89917039999997;99.89917039999997;99.89917039999997;99.89917039999997;
6360.07812666668;100.0;99.89917039999997;99.89632879999995;99.84895199999997;99.87286559999997;99.74573119999994;99.74573119999994;99.87286559999997;99.87286559999997;99.74573119999994;99.74573119999994;99.6185967999999;99.89917039999997;99.6185967999999;99.36432799999984;99.49146239999988;99.49146239999988;99.6185967999999;99.6185967999999;99.6185967999999;99.74573119999994;99.74573119999994;99.87286559999997;99.89917039999997;99.84757919999996;99.84895199999997;99.84895199999997;99.84895199999997;99.84895199999997;99.84895199999997;99.84895199999997;99.84895199999997;99.84895199999997;99.89917039999997;99.6185967999999;99.6185967999999;99.89917039999997;99.89917039999997;99.89917039999997;99.89917039999997;99.89917039999997;
6360.08812666668;100.0;99.89917039999997;99.89632879999995;99.84895199999997;99.87286559999997;99.74573119999994;99.74573119999994;99.87286559999997;99.87286559999997;99.74573119999994;99.74573119999994;99.6185967999999;99.89917039999997;99.6185967999999;99.36432799999984;99.49146239999988;99.49146239999988;99.6185967999999;99.6185967999999;99.6185967999999;99.74573119999994;99.74573119999994;99.87286559999997;99.89917039999997;99.84757919999996;99.84895199999997;99.84895199999997;99.84895199999997;99.84895199999997;99.84895199999997;99.84895199999997;99.84895199999997;99.84895199999997;99.89917039999997;99.6185967999999;99.6185967999999;99.89917039999997;99.89917039999997;99.89917039999997;99.89917039999997;99.89917039999997;
6360.090676000013;100.0;99.89917039999997;99.89632879999995;99.84895199999997;99.86462879999996;99.73749439999993;99.74573119999994;99.86462879999996;99.87286559999997;99.73749439999993;99.74573119999994;99.6103599999999;99.89917039999997;99.6185967999999;99.35609119999984;99.49146239999988;99.48322559999987;99.6185967999999;99.6185967999999;99.6103599999999;99.74573119999994;99.73749439999993;99.87286559999997;99.89917039999997;99.84757919999996;99.84895199999997;99.84895199999997;99.84895199999997;99.84895199999997;99.84895199999997;99.84895199999997;99.84895199999997;99.84895199999997;99.89917039999997;99.6185967999999;99.6185967999999;99.89917039999997;99.89917039999997;99.89917039999997;99.89917039999997;99.89917039999997;
6360.090676000013;100.0;99.89917039999997;99.89632879999995;99.84895199999997;99.84757919999996;99.72044479999992;99.74573119999994;99.84757919999996;99.87286559999997;99.72044479999992;99.74573119999994;99.5933103999999;99.89917039999997;99.6185967999999;99.33904159999983;99.49146239999988;99.46617599999986;99.6185967999999;99.6185967999999;99.5933103999999;99.74573119999994;99.72044479999992;99.87286559999997;99.89917039999997;99.84757919999996;99.84895199999997;99.84895199999997;99.84895199999997;99.84895199999997;99.84895199999997;99.84895199999997;99.84895199999997;99.84895199999997;99.89917039999997;99.6185967999999;99.6185967999999;99.89917039999997;99.89917039999997;99.89917039999997;99.89917039999997;99.89917039999997;
6360.091765333347;100.0;99.89917039999997;99.89632879999995;99.84895199999997;99.84757919999996;99.72044479999992;99.74573119999994;99.84757919999996;99.87286559999997;99.72044479999992;99.74573119999994;99.5933103999999;99.89917039999997;99.6185967999999;99.33904159999983;99.49146239999988;99.46617599999986;99.6185967999999;99.6185967999999;99.5933103999999;99.74573119999994;99.72044479999992;99.86462879999996;99.89917039999997;99.84757919999996;99.84895199999997;99.84895199999997;99.84895199999997;99.84895199999997;99.84895199999997;99.84895199999997;99.84895199999997;99.84895199999997;99.89917039999997;99.6185967999999;99.6185967999999;99.89917039999997;99.89917039999997;99.89917039999997;99.89917039999997;99.89917039999997;
6360.091765333347;100.0;99.89917039999997;99.89632879999995;99.84895199999997;99.84757919999996;99.72044479999992;99.74573119999994;99.84757919999996;99.87286559999997;99.72044479999992;99.74573119999994;99.5933103999999;99.89917039999997;99.6185967999999;99.33904159999983;99.49146239999988;99.46617599999986;99.6185967999999;99.6185967999999;99.5933103999999;99.74573119999994;99.72044479999992;99.84757919999996;99.89917039999997;99.84757919999996;99.84895199999997;99.84895199999997;99.84895199999997;99.84895199999997;99.84895199999997;99.84895199999997;99.84895199999997;99.84895199999997;99.89917039999997;99.6185967999999;99.6185967999999;99.89917039999997;99.89917039999997;99.89917039999997;99.89917039999997;99.89917039999997;
6360.09812666668;100.0;99.89917039999997;99.89632879999995;99.84895199999997;99.84757919999996;99.72044479999992;99.74573119999994;99.84757919999996;99.87286559999997;99.72044479999992;99.74573119999994;99.5933103999999;99.89917039999997;99.6185967999999;99.33904159999983;99.49146239999988;99.46617599999986;99.6185967999999;99.6185967999999;99.5933103999999;99.74573119999994;99.72044479999992;99.84757919999996;99.89917039999997;99.84757919999996;99.84895199999997;99.84895199999997;99.84895199999997;99.84895199999997;99.84895199999997;99.84895199999997;99.84895199999997;99.84895199999997;99.89917039999997;99.6185967999999;99.6185967999999;99.89917039999997;99.89917039999997;99.89917039999997;99.89917039999997;99.89917039999997;
6360.108126666681;100.0;99.89917039999997;99.89632879999995;99.84895199999997;99.84757919999996;99.72044479999992;99.74573119999994;99.84757919999996;99.87286559999997;99.72044479999992;99.74573119999994;99.5933103999999;99.89917039999997;99.6185967999999;99.33904159999983;99.49146239999988;99.46617599999986;99.6185967999999;99.6185967999999;99.5933103999999;99.74573119999994;99.72044479999992;99.84757919999996;99.89917039999997;99.84757919999996;99.84895199999997;99.84895199999997;99.84895199999997;99.84895199999997;99.84895199999997;99.84895199999997;99.84895199999997;99.84895199999997;99.89917039999997;99.6185967999999;99.6185967999999;99.89917039999997;99.89917039999997;99.89917039999997;99.89917039999997;99.89917039999997;
6360.118126666681;100.0;99.89917039999997;99.89632879999995;99.84895199999997;99.84757919999996;99.72044479999992;99.74573119999994;99.84757919999996;99.87286559999997;99.72044479999992;99.74573119999994;99.5933103999999;99.89917039999997;99.6185967999999;99.33904159999983;99.49146239999988;99.46617599999986;99.6185967999999;99.6185967999999;99.5933103999999;99.74573119999994;99.72044479999992;99.84757919999996;99.89917039999997;99.84757919999996;99.84895199999997;99.84895199999997;99.84895199999997;99.84895199999997;99.84895199999997;99.84895199999997;99.84895199999997;99.84895199999997;99.89917039999997;99.6185967999999;99.6185967999999;99.89917039999997;99.89917039999997;99.89917039999997;99.89917039999997;99.89917039999997;
6360.123225333347;100.0;99.89917039999997;99.89632879999995;99.84895199999997;99.84757919999996;99.71220799999992;99.73749439999993;99.84757919999996;99.86462879999996;99.72044479999992;99.73749439999993;99.5933103999999;99.89917039999997;99.6103599999999;99.33904159999983;99.48322559999987;99.46617599999986;99.6185967999999;99.6103599999999;99.5933103999999;99.73749439999993;99.72044479999992;99.84757919999996;99.89917039999997;99.84757919999996;99.84895199999997;99.84895199999997;99.84895199999997;99.84895199999997;99.84895199999997;99.84895199999997;99.84895199999997;99.84895199999997;99.89917039999997;99.6185967999999;99.6185967999999;99.89917039999997;99.89917039999997;99.89917039999997;99.89917039999997;99.89917039999997;
6360.123225333347;100.0;99.89917039999997;99.89632879999995;99.84895199999997;99.84757919999996;99.69515839999991;99.72044479999992;99.84757919999996;99.84757919999996;99.72044479999992;99.72044479999992;99.5933103999999;99.89917039999997;99.5933103999999;99.33904159999983;99.46617599999986;99.46617599999986;99.6185967999999;99.5933103999999;99.5933103999999;99.72044479999992;99.72044479999992;99.84757919999996;99.89917039999997;99.84757919999996;99.84895199999997;99.84895199999997;99.84895199999997;99.84895199999997;99.84895199999997;99.84895199999997;99.84895199999997;99.84895199999997;99.89917039999997;99.6185967999999;99.6185967999999;99.89917039999997;99.89917039999997;99.89917039999997;99.89917039999997;99.89917039999997;
6360.124314666681;100.0;99.89917039999997;99.89632879999995;99.84895199999997;99.84757919999996;99.69515839999991;99.72044479999992;99.84757919999996;99.84757919999996;99.72044479999992;99.72044479999992;99.5933103999999;99.89917039999997;99.5933103999999;99.33904159999983;99.46617599999986;99.46617599999986;99.6185967999999;99.5933103999999;99.5933103999999;99.72044479999992;99.71220799999992;99.84757919999996;99.89917039999997;99.84757919999996;99.84895199999997;99.84895199999997;99.84895199999997;99.84895199999997;99.84895199999997;99.84895199999997;99.84895199999997;99.84895199999997;99.89917039999997;99.6185967999999;99.6185967999999;99.89917039999997;99.89917039999997;99.89917039999997;99.89917039999997;99.89917039999997;
6360.124314666681;100.0;99.89917039999997;99.89632879999995;99.84895199999997;99.84757919999996;99.69515839999991;99.72044479999992;99.84757919999996;99.84757919999996;99.72044479999992;99.72044479999992;99.5933103999999;99.89917039999997;99.5933103999999;99.33904159999983;99.46617599999986;99.46617599999986;99.6185967999999;99.5933103999999;99.5933103999999;99.72044479999992;99.69515839999991;99.84757919999996;99.89917039999997;99.84757919999996;99.84895199999997;99.84895199999997;99.84895199999997;99.84895199999997;99.84895199999997;99.84895199999997;99.84895199999997;99.84895199999997;99.89917039999997;99.6185967999999;99.6185967999999;99.89917039999997;99.89917039999997;99.89917039999997;99.89917039999997;99.89917039999997;
6360.128126666681;100.0;99.89917039999997;99.89632879999995;99.84895199999997;99.84757919999996;99.69515839999991;99.72044479999992;99.84757919999996;99.84757919999996;99.72044479999992;99.72044479999992;99.5933103999999;99.89917039999997;99.5933103999999;99.33904159999983;99.46617599999986;99.46617599999986;99.6185967999999;99.5933103999999;99.5933103999999;99.72044479999992;99.69515839999991;99.84757919999996;99.89917039999997;99.84757919999996;99.84895199999997;99.84895199999997;99.84895199999997;99.84895199999997;99.84895199999997;99.84895199999997;99.84895199999997;99.84895199999997;99.89917039999997;99.6185967999999;99.6185967999999;99.89917039999997;99.89917039999997;99.89917039999997;99.89917039999997;99.89917039999997;
6360.133225333348;100.0;99.89917039999997;99.89632879999995;99.84895199999997;99.84757919999996;99.69515839999991;99.72044479999992;99.84757919999996;99.84757919999996;99.72044479999992;99.72044479999992;99.5933103999999;99.89917039999997;99.5933103999999;99.33904159999983;99.46617599999986;99.46617599999986;99.6185967999999;99.5933103999999;99.5933103999999;99.72044479999992;99.69515839999991;99.84757919999996;99.89917039999997;99.84757919999996;99.84895199999997;99.84895199999997;99.84895199999997;99.84895199999997;99.84895199999997;99.84895199999997;99.84895199999997;99.84895199999997;99.89917039999997;99.6185967999999;99.6185967999999;99.89917039999997;99.89917039999997;99.89917039999997;99.89917039999997;99.89917039999997;
6360.138126666681;100.0;99.89917039999997;99.89632879999995;99.84895199999997;99.84757919999996;99.69515839999991;99.72044479999992;99.84757919999996;99.84757919999996;99.72044479999992;99.72044479999992;99.5933103999999;99.89917039999997;99.5933103999999;99.33904159999983;99.46617599999986;99.46617599999986;99.6185967999999;99.5933103999999;99.5933103999999;99.72044479999992;99.69515839999991;99.84757919999996;99.89917039999997;99.84757919999996;99.84895199999997;99.84895199999997;99.84895199999997;99.84895199999997;99.84895199999997;99.84895199999997;99.84895199999997;99.84895199999997;99.89917039999997;99.6185967999999;99.6185967999999;99.89917039999997;99.89917039999997;99.89917039999997;99.89917039999997;99.89917039999997;
6360.149216000014;100.0;99.89917039999997;99.89632879999995;99.84895199999997;99.84757919999996;99.69515839999991;99.72044479999992;99.84757919999996;99.84757919999996;99.72044479999992;99.72044479999992;99.5933103999999;99.89917039999997;99.5933103999999;99.33904159999983;99.46617599999986;99.46617599999986;99.6185967999999;99.5933103999999;99.5933103999999;99.72044479999992;99.69515839999991;99.84757919999996;99.89917039999997;99.84757919999996;99.84895199999997;99.84895199999997;99.84895199999997;99.84895199999997;99.84895199999997;99.84895199999997;99.84895199999997;99.84895199999997;99.89917039999997;99.6185967999999;99.6185967999999;99.89917039999997;99.89917039999997;99.89917039999997;99.89917039999997;99.89917039999997;
6360.155774666681;100.0;99.89917039999997;99.89632879999995;99.84895199999997;99.84757919999996;99.69515839999991;99.71220799999992;99.84757919999996;99.84757919999996;99.71220799999992;99.72044479999992;99.58507359999989;99.89917039999997;99.5933103999999;99.33080479999983;99.46617599999986;99.46617599999986;99.6103599999999;99.5933103999999;99.58507359999989;99.72044479999992;99.69515839999991;99.84757919999996;99.89917039999997;99.84757919999996;99.84895199999997;99.84895199999997;99.84895199999997;99.84895199999997;99.84895199999997;99.84895199999997;99.84895199999997;99.84895199999997;99.89917039999997;99.6103599999999;99.6185967999999;99.89917039999997;99.89917039999997;99.89917039999997;99.89917039999997;99.89917039999997;
6360.155774666681;100.0;99.89917039999997;99.89632879999995;99.84895199999997;99.84757919999996;99.69515839999991;99.69515839999991;99.84757919999996;99.84757919999996;99.69515839999991;99.72044479999992;99.56802399999988;99.89917039999997;99.5933103999999;99.31375519999982;99.46617599999986;99.46617599999986;99.5933103999999;99.5933103999999;99.56802399999988;99.72044479999992;99.69515839999991;99.84757919999996;99.89917039999997;99.84757919999996;99.84895199999997;99.84895199999997;99.84895199999997;99.84895199999997;99.84895199999997;99.84895199999997;99.84895199999997;99.84895199999997;99.89917039999997;99.5933103999999;99.6185967999999;99.89917039999997;99.89917039999997;99.89917039999997;99.89917039999997;99.89917039999997;
6360.156864000015;100.0;99.89917039999997;99.89632879999995;99.84895199999997;99.84757919999996;99.69515839999991;99.69515839999991;99.84757919999996;99.84757919999996;99.69515839999991;99.72044479999992;99.56802399999988;99.89917039999997;99.5933103999999;99.31375519999982;99.46617599999986;99.46617599999986;99.5933103999999;99.5933103999999;99.56802399999988;99.71220799999992;99.69515839999991;99.84757919999996;99.89917039999997;99.84757919999996;99.84895199999997;99.84895199999997;99.84895199999997;99.84895199999997;99.84895199999997;99.84895199999997;99.84895199999997;99.84895199999997;99.89917039999997;99.5933103999999;99.6185967999999;99.89917039999997;99.89917039999997;99.89917039999997;99.89917039999997;99.89917039999997;
6360.156864000015;100.0;99.89917039999997;99.89632879999995;99.84895199999997;99.84757919999996;99.69515839999991;99.69515839999991;99.84757919999996;99.84757919999996;99.69515839999991;99.72044479999992;99.56802399999988;99.89917039999997;99.5933103999999;99.31375519999982;99.46617599999986;99.46617599999986;99.5933103999999;99.5933103999999;99.56802399999988;99.69515839999991;99.69515839999991;99.84757919999996;99.89917039999997;99.84757919999996;99.84895199999997;99.84895199999997;99.84895199999997;99.84895199999997;99.84895199999997;99.84895199999997;99.84895199999997;99.84895199999997;99.89917039999997;99.5933103999999;99.6185967999999;99.89917039999997;99.89917039999997;99.89917039999997;99.89917039999997;99.89917039999997;
6360.188324000015;100.0;99.89917039999997;99.89632879999995;99.84895199999997;99.84757919999996;99.69515839999991;99.69515839999991;99.84757919999996;99.84757919999996;99.69515839999991;99.71220799999992;99.56802399999988;99.89917039999997;99.58507359999989;99.31375519999982;99.46617599999986;99.45793919999986;99.5933103999999;99.58507359999989;99.56802399999988;99.69515839999991;99.69515839999991;99.84757919999996;99.89917039999997;99.84757919999996;99.84895199999997;99.84895199999997;99.84895199999997;99.84895199999997;99.84895199999997;99.84895199999997;99.84895199999997;99.84895199999997;99.89917039999997;99.5933103999999;99.6103599999999;99.89917039999997;99.89917039999997;99.89917039999997;99.89917039999997;99.89917039999997;
6360.188324000015;100.0;99.89917039999997;99.89632879999995;99.84895199999997;99.84757919999996;99.69515839999991;99.69515839999991;99.84757919999996;99.84757919999996;99.69515839999991;99.69515839999991;99.56802399999988;99.89917039999997;99.56802399999988;99.31375519999982;99.46617599999986;99.44088959999985;99.5933103999999;99.56802399999988;99.56802399999988;99.69515839999991;99.69515839999991;99.84757919999996;99.89917039999997;99.84757919999996;99.84895199999997;99.84895199999997;99.84895199999997;99.84895199999997;99.84895199999997;99.84895199999997;99.84895199999997;99.84895199999997;99.89917039999997;99.5933103999999;99.5933103999999;99.89917039999997;99.89917039999997;99.89917039999997;99.89917039999997;99.89917039999997;
6360.189413333349;100.0;99.89917039999997;99.89632879999995;99.84895199999997;99.84757919999996;99.69515839999991;99.69515839999991;99.84757919999996;99.84757919999996;99.69515839999991;99.69515839999991;99.56802399999988;99.89917039999997;99.56802399999988;99.31375519999982;99.46617599999986;99.44088959999985;99.5933103999999;99.56802399999988;99.55978719999987;99.69515839999991;99.69515839999991;99.84757919999996;99.89917039999997;99.84757919999996;99.84895199999997;99.84895199999997;99.84895199999997;99.84895199999997;99.84895199999997;99.84895199999997;99.84895199999997;99.84895199999997;99.89917039999997;99.5933103999999;99.5933103999999;99.89917039999997;99.89917039999997;99.89917039999997;99.89917039999997;99.89917039999997;
6360.189413333349;100.0;99.89917039999997;99.89632879999995;99.84895199999997;99.84757919999996;99.69515839999991;99.69515839999991;99.84757919999996;99.84757919999996;99.69515839999991;99.69515839999991;99.56802399999988;99.89917039999997;99.56802399999988;99.31375519999982;99.46617599999986;99.44088959999985;99.5933103999999;99.56802399999988;99.54273759999987;99.69515839999991;99.69515839999991;99.84757919999996;99.89917039999997;99.84757919999996;99.84895199999997;99.84895199999997;99.84895199999997;99.84895199999997;99.84895199999997;99.84895199999997;99.84895199999997;99.84895199999997;99.89917039999997;99.5933103999999;99.5933103999999;99.89917039999997;99.89917039999997;99.89917039999997;99.89917039999997;99.89917039999997;
6360.198324000015;100.0;99.89917039999997;99.89632879999995;99.84895199999997;99.84757919999996;99.69515839999991;99.69515839999991;99.84757919999996;99.84757919999996;99.69515839999991;99.69515839999991;99.56802399999988;99.89917039999997;99.56802399999988;99.31375519999982;99.46617599999986;99.44088959999985;99.5933103999999;99.56802399999988;99.54273759999987;99.69515839999991;99.69515839999991;99.84757919999996;99.89917039999997;99.84757919999996;99.84895199999997;99.84895199999997;99.84895199999997;99.84895199999997;99.84895199999997;99.84895199999997;99.84895199999997;99.84895199999997;99.89917039999997;99.5933103999999;99.5933103999999;99.89917039999997;99.89917039999997;99.89917039999997;99.89917039999997;99.89917039999997;
6360.220873333349;100.0;99.89917039999997;99.89632879999995;99.84895199999997;99.84757919999996;99.69515839999991;99.69515839999991;99.84757919999996;99.84757919999996;99.69515839999991;99.69515839999991;99.55978719999987;99.89917039999997;99.56802399999988;99.31375519999982;99.45793919999986;99.44088959999985;99.58507359999989;99.56802399999988;99.54273759999987;99.69515839999991;99.69515839999991;99.84757919999996;99.89917039999997;99.84757919999996;99.84895199999997;99.84895199999997;99.84895199999997;99.84895199999997;99.84895199999997;99.84895199999997;99.84895199999997;99.84895199999997;99.89917039999997;99.58507359999989;99.5933103999999;99.89917039999997;99.89917039999997;99.89917039999997;99.89917039999997;99.89917039999997;
6360.220873333349;100.0;99.89917039999997;99.89632879999995;99.84895199999997;99.84757919999996;99.69515839999991;99.69515839999991;99.84757919999996;99.84757919999996;99.69515839999991;99.69515839999991;99.54273759999987;99.89917039999997;99.56802399999988;99.31375519999982;99.44088959999985;99.44088959999985;99.56802399999988;99.56802399999988;99.54273759999987;99.69515839999991;99.69515839999991;99.84757919999996;99.89917039999997;99.84757919999996;99.84895199999997;99.84895199999997;99.84895199999997;99.84895199999997;99.84895199999997;99.84895199999997;99.84895199999997;99.84895199999997;99.89917039999997;99.56802399999988;99.5933103999999;99.89917039999997;99.89917039999997;99.89917039999997;99.89917039999997;99.89917039999997;
6360.221962666683;100.0;99.89917039999997;99.89632879999995;99.84895199999997;99.84757919999996;99.69515839999991;99.69515839999991;99.84757919999996;99.84757919999996;99.69515839999991;99.69515839999991;99.54273759999987;99.89917039999997;99.56802399999988;99.31375519999982;99.44088959999985;99.44088959999985;99.56802399999988;99.55978719999987;99.54273759999987;99.69515839999991;99.69515839999991;99.84757919999996;99.89917039999997;99.84757919999996;99.84895199999997;99.84895199999997;99.84895199999997;99.84895199999997;99.84895199999997;99.84895199999997;99.84895199999997;99.84895199999997;99.89917039999997;99.56802399999988;99.5933103999999;99.89917039999997;99.89917039999997;99.89917039999997;99.89917039999997;99.89917039999997;
6360.221962666683;100.0;99.89917039999997;99.89632879999995;99.84895199999997;99.84757919999996;99.69515839999991;99.69515839999991;99.84757919999996;99.84757919999996;99.69515839999991;99.69515839999991;99.54273759999987;99.89917039999997;99.56802399999988;99.31375519999982;99.44088959999985;99.44088959999985;99.56802399999988;99.54273759999987;99.54273759999987;99.69515839999991;99.69515839999991;99.84757919999996;99.89917039999997;99.84757919999996;99.84895199999997;99.84895199999997;99.84895199999997;99.84895199999997;99.84895199999997;99.84895199999997;99.84895199999997;99.84895199999997;99.89917039999997;99.56802399999988;99.5933103999999;99.89917039999997;99.89917039999997;99.89917039999997;99.89917039999997;99.89917039999997;
6360.253422666683;100.0;99.89917039999997;99.89632879999995;99.84895199999997;99.84757919999996;99.69515839999991;99.69515839999991;99.84757919999996;99.84757919999996;99.69515839999991;99.69515839999991;99.54273759999987;99.89917039999997;99.55978719999987;99.30551839999981;99.44088959999985;99.43265279999984;99.56802399999988;99.54273759999987;99.54273759999987;99.69515839999991;99.69515839999991;99.84757919999996;99.89917039999997;99.84757919999996;99.84895199999997;99.84895199999997;99.84895199999997;99.84895199999997;99.84895199999997;99.84895199999997;99.84895199999997;99.84895199999997;99.89917039999997;99.56802399999988;99.58507359999989;99.89917039999997;99.89917039999997;99.89917039999997;99.89917039999997;99.89917039999997;
6360.253422666683;100.0;99.89917039999997;99.89632879999995;99.84895199999997;99.84757919999996;99.69515839999991;99.69515839999991;99.84757919999996;99.84757919999996;99.69515839999991;99.69515839999991;99.54273759999987;99.89917039999997;99.54273759999987;99.2884687999998;99.44088959999985;99.41560319999984;99.56802399999988;99.54273759999987;99.54273759999987;99.69515839999991;99.69515839999991;99.84757919999996;99.89917039999997;99.84757919999996;99.84895199999997;99.84895199999997;99.84895199999997;99.84895199999997;99.84895199999997;99.84895199999997;99.84895199999997;99.84895199999997;99.89917039999997;99.56802399999988;99.56802399999988;99.89917039999997;99.89917039999997;99.89917039999997;99.89917039999997;99.89917039999997;
6360.254512000017;100.0;99.89917039999997;99.89632879999995;99.84895199999997;99.84757919999996;99.69515839999991;99.69515839999991;99.84757919999996;99.84757919999996;99.69515839999991;99.69515839999991;99.54273759999987;99.89917039999997;99.54273759999987;99.2884687999998;99.44088959999985;99.41560319999984;99.55978719999987;99.54273759999987;99.54273759999987;99.69515839999991;99.69515839999991;99.84757919999996;99.89917039999997;99.84757919999996;99.84895199999997;99.84895199999997;99.84895199999997;99.84895199999997;99.84895199999997;99.84895199999997;99.84895199999997;99.84895199999997;99.89917039999997;99.56802399999988;99.56802399999988;99.89917039999997;99.89917039999997;99.89917039999997;99.89917039999997;99.89917039999997;
6360.254512000017;100.0;99.89917039999997;99.89632879999995;99.84895199999997;99.84757919999996;99.69515839999991;99.69515839999991;99.84757919999996;99.84757919999996;99.69515839999991;99.69515839999991;99.54273759999987;99.89917039999997;99.54273759999987;99.2884687999998;99.44088959999985;99.41560319999984;99.54273759999987;99.54273759999987;99.54273759999987;99.69515839999991;99.69515839999991;99.84757919999996;99.89917039999997;99.84757919999996;99.84895199999997;99.84895199999997;99.84895199999997;99.84895199999997;99.84895199999997;99.84895199999997;99.84895199999997;99.84895199999997;99.89917039999997;99.56802399999988;99.56802399999988;99.89917039999997;99.89917039999997;99.89917039999997;99.89917039999997;99.89917039999997;
6360.263422666683;100.0;99.89917039999997;99.89632879999995;99.84895199999997;99.84757919999996;99.69515839999991;99.69515839999991;99.84757919999996;99.84757919999996;99.69515839999991;99.69515839999991;99.54273759999987;99.89917039999997;99.54273759999987;99.2884687999998;99.44088959999985;99.41560319999984;99.54273759999987;99.54273759999987;99.54273759999987;99.69515839999991;99.69515839999991;99.84757919999996;99.89917039999997;99.84757919999996;99.84895199999997;99.84895199999997;99.84895199999997;99.84895199999997;99.84895199999997;99.84895199999997;99.84895199999997;99.84895199999997;99.89917039999997;99.56802399999988;99.56802399999988;99.89917039999997;99.89917039999997;99.89917039999997;99.89917039999997;99.89917039999997;
6360.285972000017;100.0;99.89917039999997;99.89632879999995;99.84895199999997;99.84757919999996;99.69515839999991;99.69515839999991;99.84757919999996;99.84757919999996;99.69515839999991;99.69515839999991;99.54273759999987;99.89917039999997;99.54273759999987;99.2884687999998;99.43265279999984;99.41560319999984;99.54273759999987;99.54273759999987;99.54273759999987;99.69515839999991;99.69515839999991;99.84757919999996;99.89917039999997;99.84757919999996;99.84895199999997;99.84895199999997;99.84895199999997;99.84895199999997;99.84895199999997;99.84895199999997;99.84895199999997;99.84895199999997;99.89917039999997;99.55978719999987;99.56802399999988;99.89917039999997;99.89917039999997;99.89917039999997;99.89917039999997;99.89917039999997;
6360.285972000017;100.0;99.89917039999997;99.89632879999995;99.84895199999997;99.84757919999996;99.69515839999991;99.69515839999991;99.84757919999996;99.84757919999996;99.69515839999991;99.69515839999991;99.54273759999987;99.89917039999997;99.54273759999987;99.2884687999998;99.41560319999984;99.41560319999984;99.54273759999987;99.54273759999987;99.54273759999987;99.69515839999991;99.69515839999991;99.84757919999996;99.89917039999997;99.84757919999996;99.84895199999997;99.84895199999997;99.84895199999997;99.84895199999997;99.84895199999997;99.84895199999997;99.84895199999997;99.84895199999997;99.89917039999997;99.54273759999987;99.56802399999988;99.89917039999997;99.89917039999997;99.89917039999997;99.89917039999997;99.89917039999997;
6360.287061333351;100.0;99.89917039999997;99.89632879999995;99.84895199999997;99.84757919999996;99.69515839999991;99.69515839999991;99.84757919999996;99.84757919999996;99.69515839999991;99.69515839999991;99.54273759999987;99.89917039999997;99.54273759999987;99.2884687999998;99.41560319999984;99.40736639999983;99.54273759999987;99.54273759999987;99.54273759999987;99.69515839999991;99.69515839999991;99.84757919999996;99.89917039999997;99.84757919999996;99.84895199999997;99.84895199999997;99.84895199999997;99.84895199999997;99.84895199999997;99.84895199999997;99.84895199999997;99.84895199999997;99.89917039999997;99.54273759999987;99.56802399999988;99.89917039999997;99.89917039999997;99.89917039999997;99.89917039999997;99.89917039999997;
6360.287061333351;100.0;99.89917039999997;99.89632879999995;99.84895199999997;99.84757919999996;99.69515839999991;99.69515839999991;99.84757919999996;99.84757919999996;99.69515839999991;99.69515839999991;99.54273759999987;99.89917039999997;99.54273759999987;99.2884687999998;99.41560319999984;99.39031679999982;99.54273759999987;99.54273759999987;99.54273759999987;99.69515839999991;99.69515839999991;99.84757919999996;99.89917039999997;99.84757919999996;99.84895199999997;99.84895199999997;99.84895199999997;99.84895199999997;99.84895199999997;99.84895199999997;99.84895199999997;99.84895199999997;99.89917039999997;99.54273759999987;99.56802399999988;99.89917039999997;99.89917039999997;99.89917039999997;99.89917039999997;99.89917039999997;
6360.318521333351;100.0;99.89917039999997;99.89632879999995;99.84895199999997;99.84757919999996;99.69515839999991;99.69515839999991;99.84757919999996;99.84757919999996;99.69515839999991;99.69515839999991;99.54273759999987;99.89917039999997;99.54273759999987;99.2802319999998;99.41560319999984;99.39031679999982;99.54273759999987;99.54273759999987;99.54273759999987;99.69515839999991;99.69515839999991;99.84757919999996;99.89917039999997;99.84757919999996;99.84895199999997;99.84895199999997;99.84895199999997;99.84895199999997;99.84895199999997;99.84895199999997;99.84895199999997;99.84895199999997;99.89917039999997;99.54273759999987;99.55978719999987;99.89917039999997;99.89917039999997;99.89917039999997;99.89917039999997;99.89917039999997;
6360.318521333351;100.0;99.89917039999997;99.89632879999995;99.84895199999997;99.84757919999996;99.69515839999991;99.69515839999991;99.84757919999996;99.84757919999996;99.69515839999991;99.69515839999991;99.54273759999987;99.89917039999997;99.54273759999987;99.26318239999979;99.41560319999984;99.39031679999982;99.54273759999987;99.54273759999987;99.54273759999987;99.69515839999991;99.69515839999991;99.84757919999996;99.89917039999997;99.84757919999996;99.84895199999997;99.84895199999997;99.84895199999997;99.84895199999997;99.84895199999997;99.84895199999997;99.84895199999997;99.84895199999997;99.89917039999997;99.54273759999987;99.54273759999987;99.89917039999997;99.89917039999997;99.89917039999997;99.89917039999997;99.89917039999997;
6360.319610666685;100.0;99.89917039999997;99.89632879999995;99.84895199999997;99.84757919999996;99.69515839999991;99.69515839999991;99.84757919999996;99.84757919999996;99.69515839999991;99.69515839999991;99.54273759999987;99.89917039999997;99.54273759999987;99.26318239999979;99.40736639999983;99.39031679999982;99.54273759999987;99.54273759999987;99.54273759999987;99.69515839999991;99.69515839999991;99.84757919999996;99.89917039999997;99.84757919999996;99.84895199999997;99.84895199999997;99.84895199999997;99.84895199999997;99.84895199999997;99.84895199999997;99.84895199999997;99.84895199999997;99.89917039999997;99.54273759999987;99.54273759999987;99.89917039999997;99.89917039999997;99.89917039999997;99.89917039999997;99.89917039999997;
6360.319610666685;100.0;99.89917039999997;99.89632879999995;99.84895199999997;99.84757919999996;99.69515839999991;99.69515839999991;99.84757919999996;99.84757919999996;99.69515839999991;99.69515839999991;99.54273759999987;99.89917039999997;99.54273759999987;99.26318239999979;99.39031679999982;99.39031679999982;99.54273759999987;99.54273759999987;99.54273759999987;99.69515839999991;99.69515839999991;99.84757919999996;99.89917039999997;99.84757919999996;99.84895199999997;99.84895199999997;99.84895199999997;99.84895199999997;99.84895199999997;99.84895199999997;99.84895199999997;99.84895199999997;99.89917039999997;99.54273759999987;99.54273759999987;99.89917039999997;99.89917039999997;99.89917039999997;99.89917039999997;99.89917039999997;
6360.351070666685;100.0;99.89917039999997;99.89632879999995;99.84895199999997;99.84757919999996;99.69515839999991;99.69515839999991;99.84757919999996;99.84757919999996;99.69515839999991;99.69515839999991;99.54273759999987;99.89917039999997;99.54273759999987;99.26318239999979;99.39031679999982;99.39031679999982;99.54273759999987;99.54273759999987;99.54273759999987;99.69515839999991;99.69515839999991;99.84757919999996;99.89917039999997;99.84757919999996;99.84895199999997;99.84895199999997;99.84895199999997;99.84895199999997;99.84895199999997;99.84895199999997;99.84895199999997;99.84895199999997;99.89917039999997;99.54273759999987;99.54273759999987;99.89917039999997;99.89917039999997;99.89917039999997;99.89917039999997;99.89917039999997;
6360.352160000019;100.0;99.89917039999997;99.89632879999995;99.84895199999997;99.84757919999996;99.69515839999991;99.69515839999991;99.84757919999996;99.84757919999996;99.69515839999991;99.69515839999991;99.54273759999987;99.89917039999997;99.54273759999987;99.25494559999979;99.39031679999982;99.39031679999982;99.54273759999987;99.54273759999987;99.54273759999987;99.69515839999991;99.69515839999991;99.84757919999996;99.89917039999997;99.84757919999996;99.84895199999997;99.84895199999997;99.84895199999997;99.84895199999997;99.84895199999997;99.84895199999997;99.84895199999997;99.84895199999997;99.89917039999997;99.54273759999987;99.54273759999987;99.89917039999997;99.89917039999997;99.89917039999997;99.89917039999997;99.89917039999997;
6360.352160000019;100.0;99.89917039999997;99.89632879999995;99.84895199999997;99.84757919999996;99.69515839999991;99.69515839999991;99.84757919999996;99.84757919999996;99.69515839999991;99.69515839999991;99.54273759999987;99.89917039999997;99.54273759999987;99.23789599999978;99.39031679999982;99.39031679999982;99.54273759999987;99.54273759999987;99.54273759999987;99.69515839999991;99.69515839999991;99.84757919999996;99.89917039999997;99.84757919999996;99.84895199999997;99.84895199999997;99.84895199999997;99.84895199999997;99.84895199999997;99.84895199999997;99.84895199999997;99.84895199999997;99.89917039999997;99.54273759999987;99.54273759999987;99.89917039999997;99.89917039999997;99.89917039999997;99.89917039999997;99.89917039999997;
6420.000000000017;100.0;99.89917039999997;99.89632879999995;99.84895199999997;99.84757919999996;99.69515839999991;99.69515839999991;99.84757919999996;99.84757919999996;99.69515839999991;99.69515839999991;99.54273759999987;99.89917039999997;99.54273759999987;99.23789599999978;99.39031679999982;99.39031679999982;99.54273759999987;99.54273759999987;99.54273759999987;99.69515839999991;99.69515839999991;99.84757919999996;99.89917039999997;99.84757919999996;99.84895199999997;99.84895199999997;99.84895199999997;99.84895199999997;99.84895199999997;99.84895199999997;99.84895199999997;99.84895199999997;99.89917039999997;99.54273759999987;99.54273759999987;99.89917039999997;99.89917039999997;99.89917039999997;99.89917039999997;99.89917039999997;
6480.000000000017;100.0;99.89917039999997;99.89632879999995;99.84895199999997;99.84757919999996;99.69515839999991;99.69515839999991;99.84757919999996;99.84757919999996;99.69515839999991;99.69515839999991;99.54273759999987;99.89917039999997;99.54273759999987;99.23789599999978;99.39031679999982;99.39031679999982;99.54273759999987;99.54273759999987;99.54273759999987;99.69515839999991;99.69515839999991;99.84757919999996;99.89917039999997;99.84757919999996;99.84895199999997;99.84895199999997;99.84895199999997;99.84895199999997;99.84895199999997;99.84895199999997;99.84895199999997;99.84895199999997;99.89917039999997;99.54273759999987;99.54273759999987;99.89917039999997;99.89917039999997;99.89917039999997;99.89917039999997;99.89917039999997;
6540.000000000017;100.0;99.89917039999997;99.89632879999995;99.84895199999997;99.84757919999996;99.69515839999991;99.69515839999991;99.84757919999996;99.84757919999996;99.69515839999991;99.69515839999991;99.54273759999987;99.89917039999997;99.54273759999987;99.23789599999978;99.39031679999982;99.39031679999982;99.54273759999987;99.54273759999987;99.54273759999987;99.69515839999991;99.69515839999991;99.84757919999996;99.89917039999997;99.84757919999996;99.84895199999997;99.84895199999997;99.84895199999997;99.84895199999997;99.84895199999997;99.84895199999997;99.84895199999997;99.84895199999997;99.89917039999997;99.54273759999987;99.54273759999987;99.89917039999997;99.89917039999997;99.89917039999997;99.89917039999997;99.89917039999997;
6600.000000000017;100.0;99.89917039999997;99.89632879999995;99.84895199999997;99.84757919999996;99.69515839999991;99.69515839999991;99.84757919999996;99.84757919999996;99.69515839999991;99.69515839999991;99.54273759999987;99.89917039999997;99.54273759999987;99.23789599999978;99.39031679999982;99.39031679999982;99.54273759999987;99.54273759999987;99.54273759999987;99.69515839999991;99.69515839999991;99.84757919999996;99.89917039999997;99.84757919999996;99.84895199999997;99.84895199999997;99.84895199999997;99.84895199999997;99.84895199999997;99.84895199999997;99.84895199999997;99.84895199999997;99.89917039999997;99.54273759999987;99.54273759999987;99.89917039999997;99.89917039999997;99.89917039999997;99.89917039999997;99.89917039999997;
6660.000000000017;100.0;99.89917039999997;99.89632879999995;99.84895199999997;99.84757919999996;99.69515839999991;99.69515839999991;99.84757919999996;99.84757919999996;99.69515839999991;99.69515839999991;99.54273759999987;99.89917039999997;99.54273759999987;99.23789599999978;99.39031679999982;99.39031679999982;99.54273759999987;99.54273759999987;99.54273759999987;99.69515839999991;99.69515839999991;99.84757919999996;99.89917039999997;99.84757919999996;99.84895199999997;99.84895199999997;99.84895199999997;99.84895199999997;99.84895199999997;99.84895199999997;99.84895199999997;99.84895199999997;99.89917039999997;99.54273759999987;99.54273759999987;99.89917039999997;99.89917039999997;99.89917039999997;99.89917039999997;99.89917039999997;
6720.000000000017;100.0;99.89917039999997;99.89632879999995;99.84895199999997;99.84757919999996;99.69515839999991;99.69515839999991;99.84757919999996;99.84757919999996;99.69515839999991;99.69515839999991;99.54273759999987;99.89917039999997;99.54273759999987;99.23789599999978;99.39031679999982;99.39031679999982;99.54273759999987;99.54273759999987;99.54273759999987;99.69515839999991;99.69515839999991;99.84757919999996;99.89917039999997;99.84757919999996;99.84895199999997;99.84895199999997;99.84895199999997;99.84895199999997;99.84895199999997;99.84895199999997;99.84895199999997;99.84895199999997;99.89917039999997;99.54273759999987;99.54273759999987;99.89917039999997;99.89917039999997;99.89917039999997;99.89917039999997;99.89917039999997;
6780.000000000017;100.0;99.89917039999997;99.89632879999995;99.84895199999997;99.84757919999996;99.69515839999991;99.69515839999991;99.84757919999996;99.84757919999996;99.69515839999991;99.69515839999991;99.54273759999987;99.89917039999997;99.54273759999987;99.23789599999978;99.39031679999982;99.39031679999982;99.54273759999987;99.54273759999987;99.54273759999987;99.69515839999991;99.69515839999991;99.84757919999996;99.89917039999997;99.84757919999996;99.84895199999997;99.84895199999997;99.84895199999997;99.84895199999997;99.84895199999997;99.84895199999997;99.84895199999997;99.84895199999997;99.89917039999997;99.54273759999987;99.54273759999987;99.89917039999997;99.89917039999997;99.89917039999997;99.89917039999997;99.89917039999997;
6840.000000000017;100.0;99.89917039999997;99.89632879999995;99.84895199999997;99.84757919999996;99.69515839999991;99.69515839999991;99.84757919999996;99.84757919999996;99.69515839999991;99.69515839999991;99.54273759999987;99.89917039999997;99.54273759999987;99.23789599999978;99.39031679999982;99.39031679999982;99.54273759999987;99.54273759999987;99.54273759999987;99.69515839999991;99.69515839999991;99.84757919999996;99.89917039999997;99.84757919999996;99.84895199999997;99.84895199999997;99.84895199999997;99.84895199999997;99.84895199999997;99.84895199999997;99.84895199999997;99.84895199999997;99.89917039999997;99.54273759999987;99.54273759999987;99.89917039999997;99.89917039999997;99.89917039999997;99.89917039999997;99.89917039999997;
6900.000000000017;100.0;99.89917039999997;99.89632879999995;99.84895199999997;99.84757919999996;99.69515839999991;99.69515839999991;99.84757919999996;99.84757919999996;99.69515839999991;99.69515839999991;99.54273759999987;99.89917039999997;99.54273759999987;99.23789599999978;99.39031679999982;99.39031679999982;99.54273759999987;99.54273759999987;99.54273759999987;99.69515839999991;99.69515839999991;99.84757919999996;99.89917039999997;99.84757919999996;99.84895199999997;99.84895199999997;99.84895199999997;99.84895199999997;99.84895199999997;99.84895199999997;99.84895199999997;99.84895199999997;99.89917039999997;99.54273759999987;99.54273759999987;99.89917039999997;99.89917039999997;99.89917039999997;99.89917039999997;99.89917039999997;
6960.000000000017;100.0;99.89917039999997;99.89632879999995;99.84895199999997;99.84757919999996;99.69515839999991;99.69515839999991;99.84757919999996;99.84757919999996;99.69515839999991;99.69515839999991;99.54273759999987;99.89917039999997;99.54273759999987;99.23789599999978;99.39031679999982;99.39031679999982;99.54273759999987;99.54273759999987;99.54273759999987;99.69515839999991;99.69515839999991;99.84757919999996;99.89917039999997;99.84757919999996;99.84895199999997;99.84895199999997;99.84895199999997;99.84895199999997;99.84895199999997;99.84895199999997;99.84895199999997;99.84895199999997;99.89917039999997;99.54273759999987;99.54273759999987;99.89917039999997;99.89917039999997;99.89917039999997;99.89917039999997;99.89917039999997;
7020.000000000017;100.0;99.89917039999997;99.89632879999995;99.84895199999997;99.84757919999996;99.69515839999991;99.69515839999991;99.84757919999996;99.84757919999996;99.69515839999991;99.69515839999991;99.54273759999987;99.89917039999997;99.54273759999987;99.23789599999978;99.39031679999982;99.39031679999982;99.54273759999987;99.54273759999987;99.54273759999987;99.69515839999991;99.69515839999991;99.84757919999996;99.89917039999997;99.84757919999996;99.84895199999997;99.84895199999997;99.84895199999997;99.84895199999997;99.84895199999997;99.84895199999997;99.84895199999997;99.84895199999997;99.89917039999997;99.54273759999987;99.54273759999987;99.89917039999997;99.89917039999997;99.89917039999997;99.89917039999997;99.89917039999997;
7080.000000000017;100.0;99.89917039999997;99.89632879999995;99.84895199999997;99.84757919999996;99.69515839999991;99.69515839999991;99.84757919999996;99.84757919999996;99.69515839999991;99.69515839999991;99.54273759999987;99.89917039999997;99.54273759999987;99.23789599999978;99.39031679999982;99.39031679999982;99.54273759999987;99.54273759999987;99.54273759999987;99.69515839999991;99.69515839999991;99.84757919999996;99.89917039999997;99.84757919999996;99.84895199999997;99.84895199999997;99.84895199999997;99.84895199999997;99.84895199999997;99.84895199999997;99.84895199999997;99.84895199999997;99.89917039999997;99.54273759999987;99.54273759999987;99.89917039999997;99.89917039999997;99.89917039999997;99.89917039999997;99.89917039999997;
7140.000000000017;100.0;99.89917039999997;99.89632879999995;99.84895199999997;99.84757919999996;99.69515839999991;99.69515839999991;99.84757919999996;99.84757919999996;99.69515839999991;99.69515839999991;99.54273759999987;99.89917039999997;99.54273759999987;99.23789599999978;99.39031679999982;99.39031679999982;99.54273759999987;99.54273759999987;99.54273759999987;99.69515839999991;99.69515839999991;99.84757919999996;99.89917039999997;99.84757919999996;99.84895199999997;99.84895199999997;99.84895199999997;99.84895199999997;99.84895199999997;99.84895199999997;99.84895199999997;99.84895199999997;99.89917039999997;99.54273759999987;99.54273759999987;99.89917039999997;99.89917039999997;99.89917039999997;99.89917039999997;99.89917039999997;
7200.000000000017;100.0;99.89917039999997;99.89632879999995;99.84895199999997;99.84757919999996;99.69515839999991;99.69515839999991;99.84757919999996;99.84757919999996;99.69515839999991;99.69515839999991;99.54273759999987;99.89917039999997;99.54273759999987;99.23789599999978;99.39031679999982;99.39031679999982;99.54273759999987;99.54273759999987;99.54273759999987;99.69515839999991;99.69515839999991;99.84757919999996;99.89917039999997;99.84757919999996;99.84895199999997;99.84895199999997;99.84895199999997;99.84895199999997;99.84895199999997;99.84895199999997;99.84895199999997;99.84895199999997;99.89917039999997;99.54273759999987;99.54273759999987;99.89917039999997;99.89917039999997;99.89917039999997;99.89917039999997;99.89917039999997;
7260.000000000017;100.0;99.89917039999997;99.89632879999995;99.84895199999997;99.84757919999996;99.69515839999991;99.69515839999991;99.84757919999996;99.84757919999996;99.69515839999991;99.69515839999991;99.54273759999987;99.89917039999997;99.54273759999987;99.23789599999978;99.39031679999982;99.39031679999982;99.54273759999987;99.54273759999987;99.54273759999987;99.69515839999991;99.69515839999991;99.84757919999996;99.89917039999997;99.84757919999996;99.84895199999997;99.84895199999997;99.84895199999997;99.84895199999997;99.84895199999997;99.84895199999997;99.84895199999997;99.84895199999997;99.89917039999997;99.54273759999987;99.54273759999987;99.89917039999997;99.89917039999997;99.89917039999997;99.89917039999997;99.89917039999997;
7260.026666666685;100.0;99.89907039999997;99.89622879999995;99.84895199999997;99.84757919999996;99.69515839999991;99.69515839999991;99.84757919999996;99.84757919999996;99.69515839999991;99.69515839999991;99.54273759999987;99.89907039999997;99.54273759999987;99.23789599999978;99.39031679999982;99.39031679999982;99.54273759999987;99.54273759999987;99.54273759999987;99.69515839999991;99.69515839999991;99.84757919999996;99.89907039999997;99.84757919999996;99.84895199999997;99.84895199999997;99.84895199999997;99.84895199999997;99.84895199999997;99.84895199999997;99.84895199999997;99.84895199999997;99.89907039999997;99.54273759999987;99.54273759999987;99.89907039999997;99.89907039999997;99.89907039999997;99.89907039999997;99.89907039999997;
7260.026666666685;100.0;99.88249439999997;99.89622879999995;99.84895199999997;99.84757919999996;99.69515839999991;99.69515839999991;99.84757919999996;99.84757919999996;99.69515839999991;99.69515839999991;99.54273759999987;99.88249439999997;99.54273759999987;99.23789599999978;99.39031679999982;99.39031679999982;99.54273759999987;99.54273759999987;99.54273759999987;99.69515839999991;99.69515839999991;99.84757919999996;99.88249439999997;99.84757919999996;99.84895199999997;99.84895199999997;99.84895199999997;99.84895199999997;99.84895199999997;99.84895199999997;99.84895199999997;99.84895199999997;99.88249439999997;99.54273759999987;99.54273759999987;99.88249439999997;99.88249439999997;99.88249439999997;99.88249439999997;99.88249439999997;
7260.026666666685;100.0;99.88249439999997;99.87917919999994;99.84895199999997;99.84757919999996;99.69515839999991;99.69515839999991;99.84757919999996;99.84757919999996;99.69515839999991;99.69515839999991;99.54273759999987;99.88249439999997;99.54273759999987;99.23789599999978;99.39031679999982;99.39031679999982;99.54273759999987;99.54273759999987;99.54273759999987;99.69515839999991;99.69515839999991;99.84757919999996;99.88249439999997;99.84757919999996;99.84895199999997;99.84895199999997;99.84895199999997;99.84895199999997;99.84895199999997;99.84895199999997;99.84895199999997;99.84895199999997;99.88249439999997;99.54273759999987;99.54273759999987;99.88249439999997;99.88249439999997;99.88249439999997;99.88249439999997;99.88249439999997;
7260.058126666685;100.0;99.88249439999997;99.87917919999994;99.84094399999996;99.84757919999996;99.69515839999991;99.69515839999991;99.84757919999996;99.84757919999996;99.69515839999991;99.69515839999991;99.54273759999987;99.88249439999997;99.54273759999987;99.23789599999978;99.39031679999982;99.39031679999982;99.54273759999987;99.54273759999987;99.54273759999987;99.69515839999991;99.69515839999991;99.84757919999996;99.88249439999997;99.84757919999996;99.84094399999996;99.84094399999996;99.84094399999996;99.84094399999996;99.84094399999996;99.84094399999996;99.84094399999996;99.84094399999996;99.88249439999997;99.54273759999987;99.54273759999987;99.88249439999997;99.88249439999997;99.88249439999997;99.88249439999997;99.88249439999997;
7260.058126666685;100.0;99.88249439999997;99.87917919999994;99.82389439999996;99.84757919999996;99.69515839999991;99.69515839999991;99.84757919999996;99.84757919999996;99.69515839999991;99.69515839999991;99.54273759999987;99.88249439999997;99.54273759999987;99.23789599999978;99.39031679999982;99.39031679999982;99.54273759999987;99.54273759999987;99.54273759999987;99.69515839999991;99.69515839999991;99.84757919999996;99.88249439999997;99.84757919999996;99.82389439999996;99.82389439999996;99.82389439999996;99.82389439999996;99.82389439999996;99.82389439999996;99.82389439999996;99.82389439999996;99.88249439999997;99.54273759999987;99.54273759999987;99.88249439999997;99.88249439999997;99.88249439999997;99.88249439999997;99.88249439999997;
7260.059216000019;100.0;99.88249439999997;99.87917919999994;99.82389439999996;99.84757919999996;99.69515839999991;99.69515839999991;99.84757919999996;99.84757919999996;99.69515839999991;99.69515839999991;99.54273759999987;99.88249439999997;99.54273759999987;99.23789599999978;99.39031679999982;99.39031679999982;99.54273759999987;99.54273759999987;99.54273759999987;99.69515839999991;99.69515839999991;99.84757919999996;99.88249439999997;99.83934239999995;99.82389439999996;99.82389439999996;99.82389439999996;99.82389439999996;99.82389439999996;99.82389439999996;99.82389439999996;99.82389439999996;99.88249439999997;99.54273759999987;99.54273759999987;99.88249439999997;99.88249439999997;99.88249439999997;99.88249439999997;99.88249439999997;
7260.059216000019;100.0;99.88249439999997;99.87917919999994;99.82389439999996;99.84757919999996;99.69515839999991;99.69515839999991;99.84757919999996;99.84757919999996;99.69515839999991;99.69515839999991;99.54273759999987;99.88249439999997;99.54273759999987;99.23789599999978;99.39031679999982;99.39031679999982;99.54273759999987;99.54273759999987;99.54273759999987;99.69515839999991;99.69515839999991;99.84757919999996;99.88249439999997;99.82229279999994;99.82389439999996;99.82389439999996;99.82389439999996;99.82389439999996;99.82389439999996;99.82389439999996;99.82389439999996;99.82389439999996;99.88249439999997;99.54273759999987;99.54273759999987;99.88249439999997;99.88249439999997;99.88249439999997;99.88249439999997;99.88249439999997;
7260.068126666685;100.0;99.88249439999997;99.87917919999994;99.82389439999996;99.84757919999996;99.69515839999991;99.69515839999991;99.84757919999996;99.84757919999996;99.69515839999991;99.69515839999991;99.54273759999987;99.88249439999997;99.54273759999987;99.23789599999978;99.39031679999982;99.39031679999982;99.54273759999987;99.54273759999987;99.54273759999987;99.69515839999991;99.69515839999991;99.84757919999996;99.88249439999997;99.82229279999994;99.82389439999996;99.82389439999996;99.82389439999996;99.82389439999996;99.82389439999996;99.82389439999996;99.82389439999996;99.82389439999996;99.88249439999997;99.54273759999987;99.54273759999987;99.88249439999997;99.88249439999997;99.88249439999997;99.88249439999997;99.88249439999997;
7260.078126666685;100.0;99.88249439999997;99.87917919999994;99.82389439999996;99.84757919999996;99.69515839999991;99.69515839999991;99.84757919999996;99.84757919999996;99.69515839999991;99.69515839999991;99.54273759999987;99.88249439999997;99.54273759999987;99.23789599999978;99.39031679999982;99.39031679999982;99.54273759999987;99.54273759999987;99.54273759999987;99.69515839999991;99.69515839999991;99.84757919999996;99.88249439999997;99.82229279999994;99.82389439999996;99.82389439999996;99.82389439999996;99.82389439999996;99.82389439999996;99.82389439999996;99.82389439999996;99.82389439999996;99.88249439999997;99.54273759999987;99.54273759999987;99.88249439999997;99.88249439999997;99.88249439999997;99.88249439999997;99.88249439999997;
7260.088126666686;100.0;99.88249439999997;99.87917919999994;99.82389439999996;99.84757919999996;99.69515839999991;99.69515839999991;99.84757919999996;99.84757919999996;99.69515839999991;99.69515839999991;99.54273759999987;99.88249439999997;99.54273759999987;99.23789599999978;99.39031679999982;99.39031679999982;99.54273759999987;99.54273759999987;99.54273759999987;99.69515839999991;99.69515839999991;99.84757919999996;99.88249439999997;99.82229279999994;99.82389439999996;99.82389439999996;99.82389439999996;99.82389439999996;99.82389439999996;99.82389439999996;99.82389439999996;99.82389439999996;99.88249439999997;99.54273759999987;99.54273759999987;99.88249439999997;99.88249439999997;99.88249439999997;99.88249439999997;99.88249439999997;
7260.090676000019;100.0;99.88249439999997;99.87917919999994;99.82389439999996;99.83934239999995;99.6869215999999;99.69515839999991;99.83934239999995;99.84757919999996;99.6869215999999;99.69515839999991;99.53450079999986;99.88249439999997;99.54273759999987;99.22965919999977;99.39031679999982;99.38207999999982;99.54273759999987;99.54273759999987;99.53450079999986;99.69515839999991;99.6869215999999;99.84757919999996;99.88249439999997;99.82229279999994;99.82389439999996;99.82389439999996;99.82389439999996;99.82389439999996;99.82389439999996;99.82389439999996;99.82389439999996;99.82389439999996;99.88249439999997;99.54273759999987;99.54273759999987;99.88249439999997;99.88249439999997;99.88249439999997;99.88249439999997;99.88249439999997;
7260.090676000019;100.0;99.88249439999997;99.87917919999994;99.82389439999996;99.82229279999994;99.6698719999999;99.69515839999991;99.82229279999994;99.84757919999996;99.6698719999999;99.69515839999991;99.51745119999985;99.88249439999997;99.54273759999987;99.21260959999977;99.39031679999982;99.36503039999981;99.54273759999987;99.54273759999987;99.51745119999985;99.69515839999991;99.6698719999999;99.84757919999996;99.88249439999997;99.82229279999994;99.82389439999996;99.82389439999996;99.82389439999996;99.82389439999996;99.82389439999996;99.82389439999996;99.82389439999996;99.82389439999996;99.88249439999997;99.54273759999987;99.54273759999987;99.88249439999997;99.88249439999997;99.88249439999997;99.88249439999997;99.88249439999997;
7260.091765333353;100.0;99.88249439999997;99.87917919999994;99.82389439999996;99.82229279999994;99.6698719999999;99.69515839999991;99.82229279999994;99.84757919999996;99.6698719999999;99.69515839999991;99.51745119999985;99.88249439999997;99.54273759999987;99.21260959999977;99.39031679999982;99.36503039999981;99.54273759999987;99.54273759999987;99.51745119999985;99.69515839999991;99.6698719999999;99.83934239999995;99.88249439999997;99.82229279999994;99.82389439999996;99.82389439999996;99.82389439999996;99.82389439999996;99.82389439999996;99.82389439999996;99.82389439999996;99.82389439999996;99.88249439999997;99.54273759999987;99.54273759999987;99.88249439999997;99.88249439999997;99.88249439999997;99.88249439999997;99.88249439999997;
7260.091765333353;100.0;99.88249439999997;99.87917919999994;99.82389439999996;99.82229279999994;99.6698719999999;99.69515839999991;99.82229279999994;99.84757919999996;99.6698719999999;99.69515839999991;99.51745119999985;99.88249439999997;99.54273759999987;99.21260959999977;99.39031679999982;99.36503039999981;99.54273759999987;99.54273759999987;99.51745119999985;99.69515839999991;99.6698719999999;99.82229279999994;99.88249439999997;99.82229279999994;99.82389439999996;99.82389439999996;99.82389439999996;99.82389439999996;99.82389439999996;99.82389439999996;99.82389439999996;99.82389439999996;99.88249439999997;99.54273759999987;99.54273759999987;99.88249439999997;99.88249439999997;99.88249439999997;99.88249439999997;99.88249439999997;
7260.098126666686;100.0;99.88249439999997;99.87917919999994;99.82389439999996;99.82229279999994;99.6698719999999;99.69515839999991;99.82229279999994;99.84757919999996;99.6698719999999;99.69515839999991;99.51745119999985;99.88249439999997;99.54273759999987;99.21260959999977;99.39031679999982;99.36503039999981;99.54273759999987;99.54273759999987;99.51745119999985;99.69515839999991;99.6698719999999;99.82229279999994;99.88249439999997;99.82229279999994;99.82389439999996;99.82389439999996;99.82389439999996;99.82389439999996;99.82389439999996;99.82389439999996;99.82389439999996;99.82389439999996;99.88249439999997;99.54273759999987;99.54273759999987;99.88249439999997;99.88249439999997;99.88249439999997;99.88249439999997;99.88249439999997;
7260.108126666686;100.0;99.88249439999997;99.87917919999994;99.82389439999996;99.82229279999994;99.6698719999999;99.69515839999991;99.82229279999994;99.84757919999996;99.6698719999999;99.69515839999991;99.51745119999985;99.88249439999997;99.54273759999987;99.21260959999977;99.39031679999982;99.36503039999981;99.54273759999987;99.54273759999987;99.51745119999985;99.69515839999991;99.6698719999999;99.82229279999994;99.88249439999997;99.82229279999994;99.82389439999996;99.82389439999996;99.82389439999996;99.82389439999996;99.82389439999996;99.82389439999996;99.82389439999996;99.82389439999996;99.88249439999997;99.54273759999987;99.54273759999987;99.88249439999997;99.88249439999997;99.88249439999997;99.88249439999997;99.88249439999997;
7260.118126666686;100.0;99.88249439999997;99.87917919999994;99.82389439999996;99.82229279999994;99.6698719999999;99.69515839999991;99.82229279999994;99.84757919999996;99.6698719999999;99.69515839999991;99.51745119999985;99.88249439999997;99.54273759999987;99.21260959999977;99.39031679999982;99.36503039999981;99.54273759999987;99.54273759999987;99.51745119999985;99.69515839999991;99.6698719999999;99.82229279999994;99.88249439999997;99.82229279999994;99.82389439999996;99.82389439999996;99.82389439999996;99.82389439999996;99.82389439999996;99.82389439999996;99.82389439999996;99.82389439999996;99.88249439999997;99.54273759999987;99.54273759999987;99.88249439999997;99.88249439999997;99.88249439999997;99.88249439999997;99.88249439999997;
7260.123225333353;100.0;99.88249439999997;99.87917919999994;99.82389439999996;99.82229279999994;99.66163519999989;99.6869215999999;99.82229279999994;99.83934239999995;99.6698719999999;99.6869215999999;99.51745119999985;99.88249439999997;99.53450079999986;99.21260959999977;99.38207999999982;99.36503039999981;99.54273759999987;99.53450079999986;99.51745119999985;99.6869215999999;99.6698719999999;99.82229279999994;99.88249439999997;99.82229279999994;99.82389439999996;99.82389439999996;99.82389439999996;99.82389439999996;99.82389439999996;99.82389439999996;99.82389439999996;99.82389439999996;99.88249439999997;99.54273759999987;99.54273759999987;99.88249439999997;99.88249439999997;99.88249439999997;99.88249439999997;99.88249439999997;
7260.123225333353;100.0;99.88249439999997;99.87917919999994;99.82389439999996;99.82229279999994;99.64458559999989;99.6698719999999;99.82229279999994;99.82229279999994;99.6698719999999;99.6698719999999;99.51745119999985;99.88249439999997;99.51745119999985;99.21260959999977;99.36503039999981;99.36503039999981;99.54273759999987;99.51745119999985;99.51745119999985;99.6698719999999;99.6698719999999;99.82229279999994;99.88249439999997;99.82229279999994;99.82389439999996;99.82389439999996;99.82389439999996;99.82389439999996;99.82389439999996;99.82389439999996;99.82389439999996;99.82389439999996;99.88249439999997;99.54273759999987;99.54273759999987;99.88249439999997;99.88249439999997;99.88249439999997;99.88249439999997;99.88249439999997;
7260.124314666687;100.0;99.88249439999997;99.87917919999994;99.82389439999996;99.82229279999994;99.64458559999989;99.6698719999999;99.82229279999994;99.82229279999994;99.6698719999999;99.6698719999999;99.51745119999985;99.88249439999997;99.51745119999985;99.21260959999977;99.36503039999981;99.36503039999981;99.54273759999987;99.51745119999985;99.51745119999985;99.6698719999999;99.66163519999989;99.82229279999994;99.88249439999997;99.82229279999994;99.82389439999996;99.82389439999996;99.82389439999996;99.82389439999996;99.82389439999996;99.82389439999996;99.82389439999996;99.82389439999996;99.88249439999997;99.54273759999987;99.54273759999987;99.88249439999997;99.88249439999997;99.88249439999997;99.88249439999997;99.88249439999997;
7260.124314666687;100.0;99.88249439999997;99.87917919999994;99.82389439999996;99.82229279999994;99.64458559999989;99.6698719999999;99.82229279999994;99.82229279999994;99.6698719999999;99.6698719999999;99.51745119999985;99.88249439999997;99.51745119999985;99.21260959999977;99.36503039999981;99.36503039999981;99.54273759999987;99.51745119999985;99.51745119999985;99.6698719999999;99.64458559999989;99.82229279999994;99.88249439999997;99.82229279999994;99.82389439999996;99.82389439999996;99.82389439999996;99.82389439999996;99.82389439999996;99.82389439999996;99.82389439999996;99.82389439999996;99.88249439999997;99.54273759999987;99.54273759999987;99.88249439999997;99.88249439999997;99.88249439999997;99.88249439999997;99.88249439999997;
7260.1281266666865;100.0;99.88249439999997;99.87917919999994;99.82389439999996;99.82229279999994;99.64458559999989;99.6698719999999;99.82229279999994;99.82229279999994;99.6698719999999;99.6698719999999;99.51745119999985;99.88249439999997;99.51745119999985;99.21260959999977;99.36503039999981;99.36503039999981;99.54273759999987;99.51745119999985;99.51745119999985;99.6698719999999;99.64458559999989;99.82229279999994;99.88249439999997;99.82229279999994;99.82389439999996;99.82389439999996;99.82389439999996;99.82389439999996;99.82389439999996;99.82389439999996;99.82389439999996;99.82389439999996;99.88249439999997;99.54273759999987;99.54273759999987;99.88249439999997;99.88249439999997;99.88249439999997;99.88249439999997;99.88249439999997;
7260.133225333353;100.0;99.88249439999997;99.87917919999994;99.82389439999996;99.82229279999994;99.64458559999989;99.6698719999999;99.82229279999994;99.82229279999994;99.6698719999999;99.6698719999999;99.51745119999985;99.88249439999997;99.51745119999985;99.21260959999977;99.36503039999981;99.36503039999981;99.54273759999987;99.51745119999985;99.51745119999985;99.6698719999999;99.64458559999989;99.82229279999994;99.88249439999997;99.82229279999994;99.82389439999996;99.82389439999996;99.82389439999996;99.82389439999996;99.82389439999996;99.82389439999996;99.82389439999996;99.82389439999996;99.88249439999997;99.54273759999987;99.54273759999987;99.88249439999997;99.88249439999997;99.88249439999997;99.88249439999997;99.88249439999997;
7260.138126666687;100.0;99.88249439999997;99.87917919999994;99.82389439999996;99.82229279999994;99.64458559999989;99.6698719999999;99.82229279999994;99.82229279999994;99.6698719999999;99.6698719999999;99.51745119999985;99.88249439999997;99.51745119999985;99.21260959999977;99.36503039999981;99.36503039999981;99.54273759999987;99.51745119999985;99.51745119999985;99.6698719999999;99.64458559999989;99.82229279999994;99.88249439999997;99.82229279999994;99.82389439999996;99.82389439999996;99.82389439999996;99.82389439999996;99.82389439999996;99.82389439999996;99.82389439999996;99.82389439999996;99.88249439999997;99.54273759999987;99.54273759999987;99.88249439999997;99.88249439999997;99.88249439999997;99.88249439999997;99.88249439999997;
7260.14921600002;100.0;99.88249439999997;99.87917919999994;99.82389439999996;99.82229279999994;99.64458559999989;99.6698719999999;99.82229279999994;99.82229279999994;99.6698719999999;99.6698719999999;99.51745119999985;99.88249439999997;99.51745119999985;99.21260959999977;99.36503039999981;99.36503039999981;99.54273759999987;99.51745119999985;99.51745119999985;99.6698719999999;99.64458559999989;99.82229279999994;99.88249439999997;99.82229279999994;99.82389439999996;99.82389439999996;99.82389439999996;99.82389439999996;99.82389439999996;99.82389439999996;99.82389439999996;99.82389439999996;99.88249439999997;99.54273759999987;99.54273759999987;99.88249439999997;99.88249439999997;99.88249439999997;99.88249439999997;99.88249439999997;
7260.155774666687;100.0;99.88249439999997;99.87917919999994;99.82389439999996;99.82229279999994;99.64458559999989;99.66163519999989;99.82229279999994;99.82229279999994;99.66163519999989;99.6698719999999;99.50921439999985;99.88249439999997;99.51745119999985;99.20437279999976;99.36503039999981;99.36503039999981;99.53450079999986;99.51745119999985;99.50921439999985;99.6698719999999;99.64458559999989;99.82229279999994;99.88249439999997;99.82229279999994;99.82389439999996;99.82389439999996;99.82389439999996;99.82389439999996;99.82389439999996;99.82389439999996;99.82389439999996;99.82389439999996;99.88249439999997;99.53450079999986;99.54273759999987;99.88249439999997;99.88249439999997;99.88249439999997;99.88249439999997;99.88249439999997;
7260.155774666687;100.0;99.88249439999997;99.87917919999994;99.82389439999996;99.82229279999994;99.64458559999989;99.64458559999989;99.82229279999994;99.82229279999994;99.64458559999989;99.6698719999999;99.49216479999984;99.88249439999997;99.51745119999985;99.18732319999975;99.36503039999981;99.36503039999981;99.51745119999985;99.51745119999985;99.49216479999984;99.6698719999999;99.64458559999989;99.82229279999994;99.88249439999997;99.82229279999994;99.82389439999996;99.82389439999996;99.82389439999996;99.82389439999996;99.82389439999996;99.82389439999996;99.82389439999996;99.82389439999996;99.88249439999997;99.51745119999985;99.54273759999987;99.88249439999997;99.88249439999997;99.88249439999997;99.88249439999997;99.88249439999997;
7260.1568640000205;100.0;99.88249439999997;99.87917919999994;99.82389439999996;99.82229279999994;99.64458559999989;99.64458559999989;99.82229279999994;99.82229279999994;99.64458559999989;99.6698719999999;99.49216479999984;99.88249439999997;99.51745119999985;99.18732319999975;99.36503039999981;99.36503039999981;99.51745119999985;99.51745119999985;99.49216479999984;99.66163519999989;99.64458559999989;99.82229279999994;99.88249439999997;99.82229279999994;99.82389439999996;99.82389439999996;99.82389439999996;99.82389439999996;99.82389439999996;99.82389439999996;99.82389439999996;99.82389439999996;99.88249439999997;99.51745119999985;99.54273759999987;99.88249439999997;99.88249439999997;99.88249439999997;99.88249439999997;99.88249439999997;
7260.1568640000205;100.0;99.88249439999997;99.87917919999994;99.82389439999996;99.82229279999994;99.64458559999989;99.64458559999989;99.82229279999994;99.82229279999994;99.64458559999989;99.6698719999999;99.49216479999984;99.88249439999997;99.51745119999985;99.18732319999975;99.36503039999981;99.36503039999981;99.51745119999985;99.51745119999985;99.49216479999984;99.64458559999989;99.64458559999989;99.82229279999994;99.88249439999997;99.82229279999994;99.82389439999996;99.82389439999996;99.82389439999996;99.82389439999996;99.82389439999996;99.82389439999996;99.82389439999996;99.82389439999996;99.88249439999997;99.51745119999985;99.54273759999987;99.88249439999997;99.88249439999997;99.88249439999997;99.88249439999997;99.88249439999997;
7260.188324000021;100.0;99.88249439999997;99.87917919999994;99.82389439999996;99.82229279999994;99.64458559999989;99.64458559999989;99.82229279999994;99.82229279999994;99.64458559999989;99.66163519999989;99.49216479999984;99.88249439999997;99.50921439999985;99.18732319999975;99.36503039999981;99.3567935999998;99.51745119999985;99.50921439999985;99.49216479999984;99.64458559999989;99.64458559999989;99.82229279999994;99.88249439999997;99.82229279999994;99.82389439999996;99.82389439999996;99.82389439999996;99.82389439999996;99.82389439999996;99.82389439999996;99.82389439999996;99.82389439999996;99.88249439999997;99.51745119999985;99.53450079999986;99.88249439999997;99.88249439999997;99.88249439999997;99.88249439999997;99.88249439999997;
7260.188324000021;100.0;99.88249439999997;99.87917919999994;99.82389439999996;99.82229279999994;99.64458559999989;99.64458559999989;99.82229279999994;99.82229279999994;99.64458559999989;99.64458559999989;99.49216479999984;99.88249439999997;99.49216479999984;99.18732319999975;99.36503039999981;99.3397439999998;99.51745119999985;99.49216479999984;99.49216479999984;99.64458559999989;99.64458559999989;99.82229279999994;99.88249439999997;99.82229279999994;99.82389439999996;99.82389439999996;99.82389439999996;99.82389439999996;99.82389439999996;99.82389439999996;99.82389439999996;99.82389439999996;99.88249439999997;99.51745119999985;99.51745119999985;99.88249439999997;99.88249439999997;99.88249439999997;99.88249439999997;99.88249439999997;
7260.189413333354;100.0;99.88249439999997;99.87917919999994;99.82389439999996;99.82229279999994;99.64458559999989;99.64458559999989;99.82229279999994;99.82229279999994;99.64458559999989;99.64458559999989;99.49216479999984;99.88249439999997;99.49216479999984;99.18732319999975;99.36503039999981;99.3397439999998;99.51745119999985;99.49216479999984;99.48392799999984;99.64458559999989;99.64458559999989;99.82229279999994;99.88249439999997;99.82229279999994;99.82389439999996;99.82389439999996;99.82389439999996;99.82389439999996;99.82389439999996;99.82389439999996;99.82389439999996;99.82389439999996;99.88249439999997;99.51745119999985;99.51745119999985;99.88249439999997;99.88249439999997;99.88249439999997;99.88249439999997;99.88249439999997;
7260.189413333354;100.0;99.88249439999997;99.87917919999994;99.82389439999996;99.82229279999994;99.64458559999989;99.64458559999989;99.82229279999994;99.82229279999994;99.64458559999989;99.64458559999989;99.49216479999984;99.88249439999997;99.49216479999984;99.18732319999975;99.36503039999981;99.3397439999998;99.51745119999985;99.49216479999984;99.46687839999983;99.64458559999989;99.64458559999989;99.82229279999994;99.88249439999997;99.82229279999994;99.82389439999996;99.82389439999996;99.82389439999996;99.82389439999996;99.82389439999996;99.82389439999996;99.82389439999996;99.82389439999996;99.88249439999997;99.51745119999985;99.51745119999985;99.88249439999997;99.88249439999997;99.88249439999997;99.88249439999997;99.88249439999997;
7260.198324000021;100.0;99.88249439999997;99.87917919999994;99.82389439999996;99.82229279999994;99.64458559999989;99.64458559999989;99.82229279999994;99.82229279999994;99.64458559999989;99.64458559999989;99.49216479999984;99.88249439999997;99.49216479999984;99.18732319999975;99.36503039999981;99.3397439999998;99.51745119999985;99.49216479999984;99.46687839999983;99.64458559999989;99.64458559999989;99.82229279999994;99.88249439999997;99.82229279999994;99.82389439999996;99.82389439999996;99.82389439999996;99.82389439999996;99.82389439999996;99.82389439999996;99.82389439999996;99.82389439999996;99.88249439999997;99.51745119999985;99.51745119999985;99.88249439999997;99.88249439999997;99.88249439999997;99.88249439999997;99.88249439999997;
7260.220873333355;100.0;99.88249439999997;99.87917919999994;99.82389439999996;99.82229279999994;99.64458559999989;99.64458559999989;99.82229279999994;99.82229279999994;99.64458559999989;99.64458559999989;99.48392799999984;99.88249439999997;99.49216479999984;99.18732319999975;99.3567935999998;99.3397439999998;99.50921439999985;99.49216479999984;99.46687839999983;99.64458559999989;99.64458559999989;99.82229279999994;99.88249439999997;99.82229279999994;99.82389439999996;99.82389439999996;99.82389439999996;99.82389439999996;99.82389439999996;99.82389439999996;99.82389439999996;99.82389439999996;99.88249439999997;99.50921439999985;99.51745119999985;99.88249439999997;99.88249439999997;99.88249439999997;99.88249439999997;99.88249439999997;
7260.220873333355;100.0;99.88249439999997;99.87917919999994;99.82389439999996;99.82229279999994;99.64458559999989;99.64458559999989;99.82229279999994;99.82229279999994;99.64458559999989;99.64458559999989;99.46687839999983;99.88249439999997;99.49216479999984;99.18732319999975;99.3397439999998;99.3397439999998;99.49216479999984;99.49216479999984;99.46687839999983;99.64458559999989;99.64458559999989;99.82229279999994;99.88249439999997;99.82229279999994;99.82389439999996;99.82389439999996;99.82389439999996;99.82389439999996;99.82389439999996;99.82389439999996;99.82389439999996;99.82389439999996;99.88249439999997;99.49216479999984;99.51745119999985;99.88249439999997;99.88249439999997;99.88249439999997;99.88249439999997;99.88249439999997;
7260.221962666688;100.0;99.88249439999997;99.87917919999994;99.82389439999996;99.82229279999994;99.64458559999989;99.64458559999989;99.82229279999994;99.82229279999994;99.64458559999989;99.64458559999989;99.46687839999983;99.88249439999997;99.49216479999984;99.18732319999975;99.3397439999998;99.3397439999998;99.49216479999984;99.48392799999984;99.46687839999983;99.64458559999989;99.64458559999989;99.82229279999994;99.88249439999997;99.82229279999994;99.82389439999996;99.82389439999996;99.82389439999996;99.82389439999996;99.82389439999996;99.82389439999996;99.82389439999996;99.82389439999996;99.88249439999997;99.49216479999984;99.51745119999985;99.88249439999997;99.88249439999997;99.88249439999997;99.88249439999997;99.88249439999997;
7260.221962666688;100.0;99.88249439999997;99.87917919999994;99.82389439999996;99.82229279999994;99.64458559999989;99.64458559999989;99.82229279999994;99.82229279999994;99.64458559999989;99.64458559999989;99.46687839999983;99.88249439999997;99.49216479999984;99.18732319999975;99.3397439999998;99.3397439999998;99.49216479999984;99.46687839999983;99.46687839999983;99.64458559999989;99.64458559999989;99.82229279999994;99.88249439999997;99.82229279999994;99.82389439999996;99.82389439999996;99.82389439999996;99.82389439999996;99.82389439999996;99.82389439999996;99.82389439999996;99.82389439999996;99.88249439999997;99.49216479999984;99.51745119999985;99.88249439999997;99.88249439999997;99.88249439999997;99.88249439999997;99.88249439999997;
7260.2534226666885;100.0;99.88249439999997;99.87917919999994;99.82389439999996;99.82229279999994;99.64458559999989;99.64458559999989;99.82229279999994;99.82229279999994;99.64458559999989;99.64458559999989;99.46687839999983;99.88249439999997;99.48392799999984;99.17908639999975;99.3397439999998;99.33150719999979;99.49216479999984;99.46687839999983;99.46687839999983;99.64458559999989;99.64458559999989;99.82229279999994;99.88249439999997;99.82229279999994;99.82389439999996;99.82389439999996;99.82389439999996;99.82389439999996;99.82389439999996;99.82389439999996;99.82389439999996;99.82389439999996;99.88249439999997;99.49216479999984;99.50921439999985;99.88249439999997;99.88249439999997;99.88249439999997;99.88249439999997;99.88249439999997;
7260.2534226666885;100.0;99.88249439999997;99.87917919999994;99.82389439999996;99.82229279999994;99.64458559999989;99.64458559999989;99.82229279999994;99.82229279999994;99.64458559999989;99.64458559999989;99.46687839999983;99.88249439999997;99.46687839999983;99.16203679999974;99.3397439999998;99.31445759999978;99.49216479999984;99.46687839999983;99.46687839999983;99.64458559999989;99.64458559999989;99.82229279999994;99.88249439999997;99.82229279999994;99.82389439999996;99.82389439999996;99.82389439999996;99.82389439999996;99.82389439999996;99.82389439999996;99.82389439999996;99.82389439999996;99.88249439999997;99.49216479999984;99.49216479999984;99.88249439999997;99.88249439999997;99.88249439999997;99.88249439999997;99.88249439999997;
7260.254512000022;100.0;99.88249439999997;99.87917919999994;99.82389439999996;99.82229279999994;99.64458559999989;99.64458559999989;99.82229279999994;99.82229279999994;99.64458559999989;99.64458559999989;99.46687839999983;99.88249439999997;99.46687839999983;99.16203679999974;99.3397439999998;99.31445759999978;99.48392799999984;99.46687839999983;99.46687839999983;99.64458559999989;99.64458559999989;99.82229279999994;99.88249439999997;99.82229279999994;99.82389439999996;99.82389439999996;99.82389439999996;99.82389439999996;99.82389439999996;99.82389439999996;99.82389439999996;99.82389439999996;99.88249439999997;99.49216479999984;99.49216479999984;99.88249439999997;99.88249439999997;99.88249439999997;99.88249439999997;99.88249439999997;
7260.254512000022;100.0;99.88249439999997;99.87917919999994;99.82389439999996;99.82229279999994;99.64458559999989;99.64458559999989;99.82229279999994;99.82229279999994;99.64458559999989;99.64458559999989;99.46687839999983;99.88249439999997;99.46687839999983;99.16203679999974;99.3397439999998;99.31445759999978;99.46687839999983;99.46687839999983;99.46687839999983;99.64458559999989;99.64458559999989;99.82229279999994;99.88249439999997;99.82229279999994;99.82389439999996;99.82389439999996;99.82389439999996;99.82389439999996;99.82389439999996;99.82389439999996;99.82389439999996;99.82389439999996;99.88249439999997;99.49216479999984;99.49216479999984;99.88249439999997;99.88249439999997;99.88249439999997;99.88249439999997;99.88249439999997;
7260.263422666689;100.0;99.88249439999997;99.87917919999994;99.82389439999996;99.82229279999994;99.64458559999989;99.64458559999989;99.82229279999994;99.82229279999994;99.64458559999989;99.64458559999989;99.46687839999983;99.88249439999997;99.46687839999983;99.16203679999974;99.3397439999998;99.31445759999978;99.46687839999983;99.46687839999983;99.46687839999983;99.64458559999989;99.64458559999989;99.82229279999994;99.88249439999997;99.82229279999994;99.82389439999996;99.82389439999996;99.82389439999996;99.82389439999996;99.82389439999996;99.82389439999996;99.82389439999996;99.82389439999996;99.88249439999997;99.49216479999984;99.49216479999984;99.88249439999997;99.88249439999997;99.88249439999997;99.88249439999997;99.88249439999997;
7260.285972000022;100.0;99.88249439999997;99.87917919999994;99.82389439999996;99.82229279999994;99.64458559999989;99.64458559999989;99.82229279999994;99.82229279999994;99.64458559999989;99.64458559999989;99.46687839999983;99.88249439999997;99.46687839999983;99.16203679999974;99.33150719999979;99.31445759999978;99.46687839999983;99.46687839999983;99.46687839999983;99.64458559999989;99.64458559999989;99.82229279999994;99.88249439999997;99.82229279999994;99.82389439999996;99.82389439999996;99.82389439999996;99.82389439999996;99.82389439999996;99.82389439999996;99.82389439999996;99.82389439999996;99.88249439999997;99.48392799999984;99.49216479999984;99.88249439999997;99.88249439999997;99.88249439999997;99.88249439999997;99.88249439999997;
7260.285972000022;100.0;99.88249439999997;99.87917919999994;99.82389439999996;99.82229279999994;99.64458559999989;99.64458559999989;99.82229279999994;99.82229279999994;99.64458559999989;99.64458559999989;99.46687839999983;99.88249439999997;99.46687839999983;99.16203679999974;99.31445759999978;99.31445759999978;99.46687839999983;99.46687839999983;99.46687839999983;99.64458559999989;99.64458559999989;99.82229279999994;99.88249439999997;99.82229279999994;99.82389439999996;99.82389439999996;99.82389439999996;99.82389439999996;99.82389439999996;99.82389439999996;99.82389439999996;99.82389439999996;99.88249439999997;99.46687839999983;99.49216479999984;99.88249439999997;99.88249439999997;99.88249439999997;99.88249439999997;99.88249439999997;
7260.287061333356;100.0;99.88249439999997;99.87917919999994;99.82389439999996;99.82229279999994;99.64458559999989;99.64458559999989;99.82229279999994;99.82229279999994;99.64458559999989;99.64458559999989;99.46687839999983;99.88249439999997;99.46687839999983;99.16203679999974;99.31445759999978;99.30622079999978;99.46687839999983;99.46687839999983;99.46687839999983;99.64458559999989;99.64458559999989;99.82229279999994;99.88249439999997;99.82229279999994;99.82389439999996;99.82389439999996;99.82389439999996;99.82389439999996;99.82389439999996;99.82389439999996;99.82389439999996;99.82389439999996;99.88249439999997;99.46687839999983;99.49216479999984;99.88249439999997;99.88249439999997;99.88249439999997;99.88249439999997;99.88249439999997;
7260.287061333356;100.0;99.88249439999997;99.87917919999994;99.82389439999996;99.82229279999994;99.64458559999989;99.64458559999989;99.82229279999994;99.82229279999994;99.64458559999989;99.64458559999989;99.46687839999983;99.88249439999997;99.46687839999983;99.16203679999974;99.31445759999978;99.28917119999977;99.46687839999983;99.46687839999983;99.46687839999983;99.64458559999989;99.64458559999989;99.82229279999994;99.88249439999997;99.82229279999994;99.82389439999996;99.82389439999996;99.82389439999996;99.82389439999996;99.82389439999996;99.82389439999996;99.82389439999996;99.82389439999996;99.88249439999997;99.46687839999983;99.49216479999984;99.88249439999997;99.88249439999997;99.88249439999997;99.88249439999997;99.88249439999997;
7260.318521333356;100.0;99.88249439999997;99.87917919999994;99.82389439999996;99.82229279999994;99.64458559999989;99.64458559999989;99.82229279999994;99.82229279999994;99.64458559999989;99.64458559999989;99.46687839999983;99.88249439999997;99.46687839999983;99.15379999999973;99.31445759999978;99.28917119999977;99.46687839999983;99.46687839999983;99.46687839999983;99.64458559999989;99.64458559999989;99.82229279999994;99.88249439999997;99.82229279999994;99.82389439999996;99.82389439999996;99.82389439999996;99.82389439999996;99.82389439999996;99.82389439999996;99.82389439999996;99.82389439999996;99.88249439999997;99.46687839999983;99.48392799999984;99.88249439999997;99.88249439999997;99.88249439999997;99.88249439999997;99.88249439999997;
7260.318521333356;100.0;99.88249439999997;99.87917919999994;99.82389439999996;99.82229279999994;99.64458559999989;99.64458559999989;99.82229279999994;99.82229279999994;99.64458559999989;99.64458559999989;99.46687839999983;99.88249439999997;99.46687839999983;99.13675039999973;99.31445759999978;99.28917119999977;99.46687839999983;99.46687839999983;99.46687839999983;99.64458559999989;99.64458559999989;99.82229279999994;99.88249439999997;99.82229279999994;99.82389439999996;99.82389439999996;99.82389439999996;99.82389439999996;99.82389439999996;99.82389439999996;99.82389439999996;99.82389439999996;99.88249439999997;99.46687839999983;99.46687839999983;99.88249439999997;99.88249439999997;99.88249439999997;99.88249439999997;99.88249439999997;
7260.31961066669;100.0;99.88249439999997;99.87917919999994;99.82389439999996;99.82229279999994;99.64458559999989;99.64458559999989;99.82229279999994;99.82229279999994;99.64458559999989;99.64458559999989;99.46687839999983;99.88249439999997;99.46687839999983;99.13675039999973;99.30622079999978;99.28917119999977;99.46687839999983;99.46687839999983;99.46687839999983;99.64458559999989;99.64458559999989;99.82229279999994;99.88249439999997;99.82229279999994;99.82389439999996;99.82389439999996;99.82389439999996;99.82389439999996;99.82389439999996;99.82389439999996;99.82389439999996;99.82389439999996;99.88249439999997;99.46687839999983;99.46687839999983;99.88249439999997;99.88249439999997;99.88249439999997;99.88249439999997;99.88249439999997;
7260.31961066669;100.0;99.88249439999997;99.87917919999994;99.82389439999996;99.82229279999994;99.64458559999989;99.64458559999989;99.82229279999994;99.82229279999994;99.64458559999989;99.64458559999989;99.46687839999983;99.88249439999997;99.46687839999983;99.13675039999973;99.28917119999977;99.28917119999977;99.46687839999983;99.46687839999983;99.46687839999983;99.64458559999989;99.64458559999989;99.82229279999994;99.88249439999997;99.82229279999994;99.82389439999996;99.82389439999996;99.82389439999996;99.82389439999996;99.82389439999996;99.82389439999996;99.82389439999996;99.82389439999996;99.88249439999997;99.46687839999983;99.46687839999983;99.88249439999997;99.88249439999997;99.88249439999997;99.88249439999997;99.88249439999997;
7260.35107066669;100.0;99.88249439999997;99.87917919999994;99.82389439999996;99.82229279999994;99.64458559999989;99.64458559999989;99.82229279999994;99.82229279999994;99.64458559999989;99.64458559999989;99.46687839999983;99.88249439999997;99.46687839999983;99.13675039999973;99.28917119999977;99.28917119999977;99.46687839999983;99.46687839999983;99.46687839999983;99.64458559999989;99.64458559999989;99.82229279999994;99.88249439999997;99.82229279999994;99.82389439999996;99.82389439999996;99.82389439999996;99.82389439999996;99.82389439999996;99.82389439999996;99.82389439999996;99.82389439999996;99.88249439999997;99.46687839999983;99.46687839999983;99.88249439999997;99.88249439999997;99.88249439999997;99.88249439999997;99.88249439999997;
7260.352160000024;100.0;99.88249439999997;99.87917919999994;99.82389439999996;99.82229279999994;99.64458559999989;99.64458559999989;99.82229279999994;99.82229279999994;99.64458559999989;99.64458559999989;99.46687839999983;99.88249439999997;99.46687839999983;99.12851359999972;99.28917119999977;99.28917119999977;99.46687839999983;99.46687839999983;99.46687839999983;99.64458559999989;99.64458559999989;99.82229279999994;99.88249439999997;99.82229279999994;99.82389439999996;99.82389439999996;99.82389439999996;99.82389439999996;99.82389439999996;99.82389439999996;99.82389439999996;99.82389439999996;99.88249439999997;99.46687839999983;99.46687839999983;99.88249439999997;99.88249439999997;99.88249439999997;99.88249439999997;99.88249439999997;
7260.352160000024;100.0;99.88249439999997;99.87917919999994;99.82389439999996;99.82229279999994;99.64458559999989;99.64458559999989;99.82229279999994;99.82229279999994;99.64458559999989;99.64458559999989;99.46687839999983;99.88249439999997;99.46687839999983;99.11146399999971;99.28917119999977;99.28917119999977;99.46687839999983;99.46687839999983;99.46687839999983;99.64458559999989;99.64458559999989;99.82229279999994;99.88249439999997;99.82229279999994;99.82389439999996;99.82389439999996;99.82389439999996;99.82389439999996;99.82389439999996;99.82389439999996;99.82389439999996;99.82389439999996;99.88249439999997;99.46687839999983;99.46687839999983;99.88249439999997;99.88249439999997;99.88249439999997;99.88249439999997;99.88249439999997;
7320.000000000023;100.0;99.88249439999997;99.87917919999994;99.82389439999996;99.82229279999994;99.64458559999989;99.64458559999989;99.82229279999994;99.82229279999994;99.64458559999989;99.64458559999989;99.46687839999983;99.88249439999997;99.46687839999983;99.11146399999971;99.28917119999977;99.28917119999977;99.46687839999983;99.46687839999983;99.46687839999983;99.64458559999989;99.64458559999989;99.82229279999994;99.88249439999997;99.82229279999994;99.82389439999996;99.82389439999996;99.82389439999996;99.82389439999996;99.82389439999996;99.82389439999996;99.82389439999996;99.82389439999996;99.88249439999997;99.46687839999983;99.46687839999983;99.88249439999997;99.88249439999997;99.88249439999997;99.88249439999997;99.88249439999997;
7380.000000000023;100.0;99.88249439999997;99.87917919999994;99.82389439999996;99.82229279999994;99.64458559999989;99.64458559999989;99.82229279999994;99.82229279999994;99.64458559999989;99.64458559999989;99.46687839999983;99.88249439999997;99.46687839999983;99.11146399999971;99.28917119999977;99.28917119999977;99.46687839999983;99.46687839999983;99.46687839999983;99.64458559999989;99.64458559999989;99.82229279999994;99.88249439999997;99.82229279999994;99.82389439999996;99.82389439999996;99.82389439999996;99.82389439999996;99.82389439999996;99.82389439999996;99.82389439999996;99.82389439999996;99.88249439999997;99.46687839999983;99.46687839999983;99.88249439999997;99.88249439999997;99.88249439999997;99.88249439999997;99.88249439999997;
7440.000000000023;100.0;99.88249439999997;99.87917919999994;99.82389439999996;99.82229279999994;99.64458559999989;99.64458559999989;99.82229279999994;99.82229279999994;99.64458559999989;99.64458559999989;99.46687839999983;99.88249439999997;99.46687839999983;99.11146399999971;99.28917119999977;99.28917119999977;99.46687839999983;99.46687839999983;99.46687839999983;99.64458559999989;99.64458559999989;99.82229279999994;99.88249439999997;99.82229279999994;99.82389439999996;99.82389439999996;99.82389439999996;99.82389439999996;99.82389439999996;99.82389439999996;99.82389439999996;99.82389439999996;99.88249439999997;99.46687839999983;99.46687839999983;99.88249439999997;99.88249439999997;99.88249439999997;99.88249439999997;99.88249439999997;
7500.000000000023;100.0;99.88249439999997;99.87917919999994;99.82389439999996;99.82229279999994;99.64458559999989;99.64458559999989;99.82229279999994;99.82229279999994;99.64458559999989;99.64458559999989;99.46687839999983;99.88249439999997;99.46687839999983;99.11146399999971;99.28917119999977;99.28917119999977;99.46687839999983;99.46687839999983;99.46687839999983;99.64458559999989;99.64458559999989;99.82229279999994;99.88249439999997;99.82229279999994;99.82389439999996;99.82389439999996;99.82389439999996;99.82389439999996;99.82389439999996;99.82389439999996;99.82389439999996;99.82389439999996;99.88249439999997;99.46687839999983;99.46687839999983;99.88249439999997;99.88249439999997;99.88249439999997;99.88249439999997;99.88249439999997;
7560.000000000023;100.0;99.88249439999997;99.87917919999994;99.82389439999996;99.82229279999994;99.64458559999989;99.64458559999989;99.82229279999994;99.82229279999994;99.64458559999989;99.64458559999989;99.46687839999983;99.88249439999997;99.46687839999983;99.11146399999971;99.28917119999977;99.28917119999977;99.46687839999983;99.46687839999983;99.46687839999983;99.64458559999989;99.64458559999989;99.82229279999994;99.88249439999997;99.82229279999994;99.82389439999996;99.82389439999996;99.82389439999996;99.82389439999996;99.82389439999996;99.82389439999996;99.82389439999996;99.82389439999996;99.88249439999997;99.46687839999983;99.46687839999983;99.88249439999997;99.88249439999997;99.88249439999997;99.88249439999997;99.88249439999997;
7620.000000000023;100.0;99.88249439999997;99.87917919999994;99.82389439999996;99.82229279999994;99.64458559999989;99.64458559999989;99.82229279999994;99.82229279999994;99.64458559999989;99.64458559999989;99.46687839999983;99.88249439999997;99.46687839999983;99.11146399999971;99.28917119999977;99.28917119999977;99.46687839999983;99.46687839999983;99.46687839999983;99.64458559999989;99.64458559999989;99.82229279999994;99.88249439999997;99.82229279999994;99.82389439999996;99.82389439999996;99.82389439999996;99.82389439999996;99.82389439999996;99.82389439999996;99.82389439999996;99.82389439999996;99.88249439999997;99.46687839999983;99.46687839999983;99.88249439999997;99.88249439999997;99.88249439999997;99.88249439999997;99.88249439999997;
7680.000000000023;100.0;99.88249439999997;99.87917919999994;99.82389439999996;99.82229279999994;99.64458559999989;99.64458559999989;99.82229279999994;99.82229279999994;99.64458559999989;99.64458559999989;99.46687839999983;99.88249439999997;99.46687839999983;99.11146399999971;99.28917119999977;99.28917119999977;99.46687839999983;99.46687839999983;99.46687839999983;99.64458559999989;99.64458559999989;99.82229279999994;99.88249439999997;99.82229279999994;99.82389439999996;99.82389439999996;99.82389439999996;99.82389439999996;99.82389439999996;99.82389439999996;99.82389439999996;99.82389439999996;99.88249439999997;99.46687839999983;99.46687839999983;99.88249439999997;99.88249439999997;99.88249439999997;99.88249439999997;99.88249439999997;
7740.000000000023;100.0;99.88249439999997;99.87917919999994;99.82389439999996;99.82229279999994;99.64458559999989;99.64458559999989;99.82229279999994;99.82229279999994;99.64458559999989;99.64458559999989;99.46687839999983;99.88249439999997;99.46687839999983;99.11146399999971;99.28917119999977;99.28917119999977;99.46687839999983;99.46687839999983;99.46687839999983;99.64458559999989;99.64458559999989;99.82229279999994;99.88249439999997;99.82229279999994;99.82389439999996;99.82389439999996;99.82389439999996;99.82389439999996;99.82389439999996;99.82389439999996;99.82389439999996;99.82389439999996;99.88249439999997;99.46687839999983;99.46687839999983;99.88249439999997;99.88249439999997;99.88249439999997;99.88249439999997;99.88249439999997;
7800.000000000023;100.0;99.88249439999997;99.87917919999994;99.82389439999996;99.82229279999994;99.64458559999989;99.64458559999989;99.82229279999994;99.82229279999994;99.64458559999989;99.64458559999989;99.46687839999983;99.88249439999997;99.46687839999983;99.11146399999971;99.28917119999977;99.28917119999977;99.46687839999983;99.46687839999983;99.46687839999983;99.64458559999989;99.64458559999989;99.82229279999994;99.88249439999997;99.82229279999994;99.82389439999996;99.82389439999996;99.82389439999996;99.82389439999996;99.82389439999996;99.82389439999996;99.82389439999996;99.82389439999996;99.88249439999997;99.46687839999983;99.46687839999983;99.88249439999997;99.88249439999997;99.88249439999997;99.88249439999997;99.88249439999997;
7860.000000000023;100.0;99.88249439999997;99.87917919999994;99.82389439999996;99.82229279999994;99.64458559999989;99.64458559999989;99.82229279999994;99.82229279999994;99.64458559999989;99.64458559999989;99.46687839999983;99.88249439999997;99.46687839999983;99.11146399999971;99.28917119999977;99.28917119999977;99.46687839999983;99.46687839999983;99.46687839999983;99.64458559999989;99.64458559999989;99.82229279999994;99.88249439999997;99.82229279999994;99.82389439999996;99.82389439999996;99.82389439999996;99.82389439999996;99.82389439999996;99.82389439999996;99.82389439999996;99.82389439999996;99.88249439999997;99.46687839999983;99.46687839999983;99.88249439999997;99.88249439999997;99.88249439999997;99.88249439999997;99.88249439999997;
7920.000000000023;100.0;99.88249439999997;99.87917919999994;99.82389439999996;99.82229279999994;99.64458559999989;99.64458559999989;99.82229279999994;99.82229279999994;99.64458559999989;99.64458559999989;99.46687839999983;99.88249439999997;99.46687839999983;99.11146399999971;99.28917119999977;99.28917119999977;99.46687839999983;99.46687839999983;99.46687839999983;99.64458559999989;99.64458559999989;99.82229279999994;99.88249439999997;99.82229279999994;99.82389439999996;99.82389439999996;99.82389439999996;99.82389439999996;99.82389439999996;99.82389439999996;99.82389439999996;99.82389439999996;99.88249439999997;99.46687839999983;99.46687839999983;99.88249439999997;99.88249439999997;99.88249439999997;99.88249439999997;99.88249439999997;
7980.000000000023;100.0;99.88249439999997;99.87917919999994;99.82389439999996;99.82229279999994;99.64458559999989;99.64458559999989;99.82229279999994;99.82229279999994;99.64458559999989;99.64458559999989;99.46687839999983;99.88249439999997;99.46687839999983;99.11146399999971;99.28917119999977;99.28917119999977;99.46687839999983;99.46687839999983;99.46687839999983;99.64458559999989;99.64458559999989;99.82229279999994;99.88249439999997;99.82229279999994;99.82389439999996;99.82389439999996;99.82389439999996;99.82389439999996;99.82389439999996;99.82389439999996;99.82389439999996;99.82389439999996;99.88249439999997;99.46687839999983;99.46687839999983;99.88249439999997;99.88249439999997;99.88249439999997;99.88249439999997;99.88249439999997;
8040.000000000023;100.0;99.88249439999997;99.87917919999994;99.82389439999996;99.82229279999994;99.64458559999989;99.64458559999989;99.82229279999994;99.82229279999994;99.64458559999989;99.64458559999989;99.46687839999983;99.88249439999997;99.46687839999983;99.11146399999971;99.28917119999977;99.28917119999977;99.46687839999983;99.46687839999983;99.46687839999983;99.64458559999989;99.64458559999989;99.82229279999994;99.88249439999997;99.82229279999994;99.82389439999996;99.82389439999996;99.82389439999996;99.82389439999996;99.82389439999996;99.82389439999996;99.82389439999996;99.82389439999996;99.88249439999997;99.46687839999983;99.46687839999983;99.88249439999997;99.88249439999997;99.88249439999997;99.88249439999997;99.88249439999997;
8100.000000000023;100.0;99.88249439999997;99.87917919999994;99.82389439999996;99.82229279999994;99.64458559999989;99.64458559999989;99.82229279999994;99.82229279999994;99.64458559999989;99.64458559999989;99.46687839999983;99.88249439999997;99.46687839999983;99.11146399999971;99.28917119999977;99.28917119999977;99.46687839999983;99.46687839999983;99.46687839999983;99.64458559999989;99.64458559999989;99.82229279999994;99.88249439999997;99.82229279999994;99.82389439999996;99.82389439999996;99.82389439999996;99.82389439999996;99.82389439999996;99.82389439999996;99.82389439999996;99.82389439999996;99.88249439999997;99.46687839999983;99.46687839999983;99.88249439999997;99.88249439999997;99.88249439999997;99.88249439999997;99.88249439999997;
8160.000000000023;100.0;99.88249439999997;99.87917919999994;99.82389439999996;99.82229279999994;99.64458559999989;99.64458559999989;99.82229279999994;99.82229279999994;99.64458559999989;99.64458559999989;99.46687839999983;99.88249439999997;99.46687839999983;99.11146399999971;99.28917119999977;99.28917119999977;99.46687839999983;99.46687839999983;99.46687839999983;99.64458559999989;99.64458559999989;99.82229279999994;99.88249439999997;99.82229279999994;99.82389439999996;99.82389439999996;99.82389439999996;99.82389439999996;99.82389439999996;99.82389439999996;99.82389439999996;99.82389439999996;99.88249439999997;99.46687839999983;99.46687839999983;99.88249439999997;99.88249439999997;99.88249439999997;99.88249439999997;99.88249439999997;
8160.02666666669;100.0;99.88239439999997;99.87907919999994;99.82389439999996;99.82229279999994;99.64458559999989;99.64458559999989;99.82229279999994;99.82229279999994;99.64458559999989;99.64458559999989;99.46687839999983;99.88239439999997;99.46687839999983;99.11146399999971;99.28917119999977;99.28917119999977;99.46687839999983;99.46687839999983;99.46687839999983;99.64458559999989;99.64458559999989;99.82229279999994;99.88239439999997;99.82229279999994;99.82389439999996;99.82389439999996;99.82389439999996;99.82389439999996;99.82389439999996;99.82389439999996;99.82389439999996;99.82389439999996;99.88239439999997;99.46687839999983;99.46687839999983;99.88239439999997;99.88239439999997;99.88239439999997;99.88239439999997;99.88239439999997;
8160.02666666669;100.0;99.86629199999997;99.87907919999994;99.82389439999996;99.82229279999994;99.64458559999989;99.64458559999989;99.82229279999994;99.82229279999994;99.64458559999989;99.64458559999989;99.46687839999983;99.86629199999997;99.46687839999983;99.11146399999971;99.28917119999977;99.28917119999977;99.46687839999983;99.46687839999983;99.46687839999983;99.64458559999989;99.64458559999989;99.82229279999994;99.86629199999997;99.82229279999994;99.82389439999996;99.82389439999996;99.82389439999996;99.82389439999996;99.82389439999996;99.82389439999996;99.82389439999996;99.82389439999996;99.86629199999997;99.46687839999983;99.46687839999983;99.86629199999997;99.86629199999997;99.86629199999997;99.86629199999997;99.86629199999997;
8160.02666666669;100.0;99.86629199999997;99.86250319999994;99.82389439999996;99.82229279999994;99.64458559999989;99.64458559999989;99.82229279999994;99.82229279999994;99.64458559999989;99.64458559999989;99.46687839999983;99.86629199999997;99.46687839999983;99.11146399999971;99.28917119999977;99.28917119999977;99.46687839999983;99.46687839999983;99.46687839999983;99.64458559999989;99.64458559999989;99.82229279999994;99.86629199999997;99.82229279999994;99.82389439999996;99.82389439999996;99.82389439999996;99.82389439999996;99.82389439999996;99.82389439999996;99.82389439999996;99.82389439999996;99.86629199999997;99.46687839999983;99.46687839999983;99.86629199999997;99.86629199999997;99.86629199999997;99.86629199999997;99.86629199999997;
8160.057037333357;100.0;99.86629199999997;99.86250319999994;99.81611519999996;99.82229279999994;99.64458559999989;99.64458559999989;99.82229279999994;99.82229279999994;99.64458559999989;99.64458559999989;99.46687839999983;99.86629199999997;99.46687839999983;99.11146399999971;99.28917119999977;99.28917119999977;99.46687839999983;99.46687839999983;99.46687839999983;99.64458559999989;99.64458559999989;99.82229279999994;99.86629199999997;99.82229279999994;99.81611519999996;99.81611519999996;99.81611519999996;99.81611519999996;99.81611519999996;99.81611519999996;99.81611519999996;99.81611519999996;99.86629199999997;99.46687839999983;99.46687839999983;99.86629199999997;99.86629199999997;99.86629199999997;99.86629199999997;99.86629199999997;
8160.057037333357;100.0;99.86629199999997;99.86250319999994;99.79953919999996;99.82229279999994;99.64458559999989;99.64458559999989;99.82229279999994;99.82229279999994;99.64458559999989;99.64458559999989;99.46687839999983;99.86629199999997;99.46687839999983;99.11146399999971;99.28917119999977;99.28917119999977;99.46687839999983;99.46687839999983;99.46687839999983;99.64458559999989;99.64458559999989;99.82229279999994;99.86629199999997;99.82229279999994;99.79953919999996;99.79953919999996;99.79953919999996;99.79953919999996;99.79953919999996;99.79953919999996;99.79953919999996;99.79953919999996;99.86629199999997;99.46687839999983;99.46687839999983;99.86629199999997;99.86629199999997;99.86629199999997;99.86629199999997;99.86629199999997;
8160.05812666669;100.0;99.86629199999997;99.86250319999994;99.79953919999996;99.82229279999994;99.64458559999989;99.64458559999989;99.82229279999994;99.82229279999994;99.64458559999989;99.64458559999989;99.46687839999983;99.86629199999997;99.46687839999983;99.11146399999971;99.28917119999977;99.28917119999977;99.46687839999983;99.46687839999983;99.46687839999983;99.64458559999989;99.64458559999989;99.82229279999994;99.86629199999997;99.81428479999994;99.79953919999996;99.79953919999996;99.79953919999996;99.79953919999996;99.79953919999996;99.79953919999996;99.79953919999996;99.79953919999996;99.86629199999997;99.46687839999983;99.46687839999983;99.86629199999997;99.86629199999997;99.86629199999997;99.86629199999997;99.86629199999997;
8160.05812666669;100.0;99.86629199999997;99.86250319999994;99.79953919999996;99.82229279999994;99.64458559999989;99.64458559999989;99.82229279999994;99.82229279999994;99.64458559999989;99.64458559999989;99.46687839999983;99.86629199999997;99.46687839999983;99.11146399999971;99.28917119999977;99.28917119999977;99.46687839999983;99.46687839999983;99.46687839999983;99.64458559999989;99.64458559999989;99.82229279999994;99.86629199999997;99.79770879999994;99.79953919999996;99.79953919999996;99.79953919999996;99.79953919999996;99.79953919999996;99.79953919999996;99.79953919999996;99.79953919999996;99.86629199999997;99.46687839999983;99.46687839999983;99.86629199999997;99.86629199999997;99.86629199999997;99.86629199999997;99.86629199999997;
8160.067037333357;100.0;99.86629199999997;99.86250319999994;99.79953919999996;99.82229279999994;99.64458559999989;99.64458559999989;99.82229279999994;99.82229279999994;99.64458559999989;99.64458559999989;99.46687839999983;99.86629199999997;99.46687839999983;99.11146399999971;99.28917119999977;99.28917119999977;99.46687839999983;99.46687839999983;99.46687839999983;99.64458559999989;99.64458559999989;99.82229279999994;99.86629199999997;99.79770879999994;99.79953919999996;99.79953919999996;99.79953919999996;99.79953919999996;99.79953919999996;99.79953919999996;99.79953919999996;99.79953919999996;99.86629199999997;99.46687839999983;99.46687839999983;99.86629199999997;99.86629199999997;99.86629199999997;99.86629199999997;99.86629199999997;
8160.077037333357;100.0;99.86629199999997;99.86250319999994;99.79953919999996;99.82229279999994;99.64458559999989;99.64458559999989;99.82229279999994;99.82229279999994;99.64458559999989;99.64458559999989;99.46687839999983;99.86629199999997;99.46687839999983;99.11146399999971;99.28917119999977;99.28917119999977;99.46687839999983;99.46687839999983;99.46687839999983;99.64458559999989;99.64458559999989;99.82229279999994;99.86629199999997;99.79770879999994;99.79953919999996;99.79953919999996;99.79953919999996;99.79953919999996;99.79953919999996;99.79953919999996;99.79953919999996;99.79953919999996;99.86629199999997;99.46687839999983;99.46687839999983;99.86629199999997;99.86629199999997;99.86629199999997;99.86629199999997;99.86629199999997;
8160.087037333357;100.0;99.86629199999997;99.86250319999994;99.79953919999996;99.82229279999994;99.64458559999989;99.64458559999989;99.82229279999994;99.82229279999994;99.64458559999989;99.64458559999989;99.46687839999983;99.86629199999997;99.46687839999983;99.11146399999971;99.28917119999977;99.28917119999977;99.46687839999983;99.46687839999983;99.46687839999983;99.64458559999989;99.64458559999989;99.82229279999994;99.86629199999997;99.79770879999994;99.79953919999996;99.79953919999996;99.79953919999996;99.79953919999996;99.79953919999996;99.79953919999996;99.79953919999996;99.79953919999996;99.86629199999997;99.46687839999983;99.46687839999983;99.86629199999997;99.86629199999997;99.86629199999997;99.86629199999997;99.86629199999997;
8160.088497333358;100.0;99.86629199999997;99.86250319999994;99.79953919999996;99.81428479999994;99.63657759999988;99.64458559999989;99.81428479999994;99.82229279999994;99.63657759999988;99.64458559999989;99.45887039999982;99.86629199999997;99.46687839999983;99.10345599999971;99.28917119999977;99.28116319999977;99.46687839999983;99.46687839999983;99.45887039999982;99.64458559999989;99.63657759999988;99.82229279999994;99.86629199999997;99.79770879999994;99.79953919999996;99.79953919999996;99.79953919999996;99.79953919999996;99.79953919999996;99.79953919999996;99.79953919999996;99.79953919999996;99.86629199999997;99.46687839999983;99.46687839999983;99.86629199999997;99.86629199999997;99.86629199999997;99.86629199999997;99.86629199999997;
8160.088497333358;100.0;99.86629199999997;99.86250319999994;99.79953919999996;99.79770879999994;99.62000159999988;99.64458559999989;99.79770879999994;99.82229279999994;99.62000159999988;99.64458559999989;99.44229439999982;99.86629199999997;99.46687839999983;99.08687999999971;99.28917119999977;99.26458719999977;99.46687839999983;99.46687839999983;99.44229439999982;99.64458559999989;99.62000159999988;99.82229279999994;99.86629199999997;99.79770879999994;99.79953919999996;99.79953919999996;99.79953919999996;99.79953919999996;99.79953919999996;99.79953919999996;99.79953919999996;99.79953919999996;99.86629199999997;99.46687839999983;99.46687839999983;99.86629199999997;99.86629199999997;99.86629199999997;99.86629199999997;99.86629199999997;
8160.0895866666915;100.0;99.86629199999997;99.86250319999994;99.79953919999996;99.79770879999994;99.62000159999988;99.64458559999989;99.79770879999994;99.82229279999994;99.62000159999988;99.64458559999989;99.44229439999982;99.86629199999997;99.46687839999983;99.08687999999971;99.28917119999977;99.26458719999977;99.46687839999983;99.46687839999983;99.44229439999982;99.64458559999989;99.62000159999988;99.81428479999994;99.86629199999997;99.79770879999994;99.79953919999996;99.79953919999996;99.79953919999996;99.79953919999996;99.79953919999996;99.79953919999996;99.79953919999996;99.79953919999996;99.86629199999997;99.46687839999983;99.46687839999983;99.86629199999997;99.86629199999997;99.86629199999997;99.86629199999997;99.86629199999997;
8160.0895866666915;100.0;99.86629199999997;99.86250319999994;99.79953919999996;99.79770879999994;99.62000159999988;99.64458559999989;99.79770879999994;99.82229279999994;99.62000159999988;99.64458559999989;99.44229439999982;99.86629199999997;99.46687839999983;99.08687999999971;99.28917119999977;99.26458719999977;99.46687839999983;99.46687839999983;99.44229439999982;99.64458559999989;99.62000159999988;99.79770879999994;99.86629199999997;99.79770879999994;99.79953919999996;99.79953919999996;99.79953919999996;99.79953919999996;99.79953919999996;99.79953919999996;99.79953919999996;99.79953919999996;99.86629199999997;99.46687839999983;99.46687839999983;99.86629199999997;99.86629199999997;99.86629199999997;99.86629199999997;99.86629199999997;
8160.0970373333585;100.0;99.86629199999997;99.86250319999994;99.79953919999996;99.79770879999994;99.62000159999988;99.64458559999989;99.79770879999994;99.82229279999994;99.62000159999988;99.64458559999989;99.44229439999982;99.86629199999997;99.46687839999983;99.08687999999971;99.28917119999977;99.26458719999977;99.46687839999983;99.46687839999983;99.44229439999982;99.64458559999989;99.62000159999988;99.79770879999994;99.86629199999997;99.79770879999994;99.79953919999996;99.79953919999996;99.79953919999996;99.79953919999996;99.79953919999996;99.79953919999996;99.79953919999996;99.79953919999996;99.86629199999997;99.46687839999983;99.46687839999983;99.86629199999997;99.86629199999997;99.86629199999997;99.86629199999997;99.86629199999997;
8160.107037333359;100.0;99.86629199999997;99.86250319999994;99.79953919999996;99.79770879999994;99.62000159999988;99.64458559999989;99.79770879999994;99.82229279999994;99.62000159999988;99.64458559999989;99.44229439999982;99.86629199999997;99.46687839999983;99.08687999999971;99.28917119999977;99.26458719999977;99.46687839999983;99.46687839999983;99.44229439999982;99.64458559999989;99.62000159999988;99.79770879999994;99.86629199999997;99.79770879999994;99.79953919999996;99.79953919999996;99.79953919999996;99.79953919999996;99.79953919999996;99.79953919999996;99.79953919999996;99.79953919999996;99.86629199999997;99.46687839999983;99.46687839999983;99.86629199999997;99.86629199999997;99.86629199999997;99.86629199999997;99.86629199999997;
8160.117037333359;100.0;99.86629199999997;99.86250319999994;99.79953919999996;99.79770879999994;99.62000159999988;99.64458559999989;99.79770879999994;99.82229279999994;99.62000159999988;99.64458559999989;99.44229439999982;99.86629199999997;99.46687839999983;99.08687999999971;99.28917119999977;99.26458719999977;99.46687839999983;99.46687839999983;99.44229439999982;99.64458559999989;99.62000159999988;99.79770879999994;99.86629199999997;99.79770879999994;99.79953919999996;99.79953919999996;99.79953919999996;99.79953919999996;99.79953919999996;99.79953919999996;99.79953919999996;99.79953919999996;99.86629199999997;99.46687839999983;99.46687839999983;99.86629199999997;99.86629199999997;99.86629199999997;99.86629199999997;99.86629199999997;
8160.119957333359;100.0;99.86629199999997;99.86250319999994;99.79953919999996;99.79770879999994;99.61199359999988;99.63657759999988;99.79770879999994;99.81428479999994;99.62000159999988;99.63657759999988;99.44229439999982;99.86629199999997;99.45887039999982;99.08687999999971;99.28116319999977;99.26458719999977;99.46687839999983;99.45887039999982;99.44229439999982;99.63657759999988;99.62000159999988;99.79770879999994;99.86629199999997;99.79770879999994;99.79953919999996;99.79953919999996;99.79953919999996;99.79953919999996;99.79953919999996;99.79953919999996;99.79953919999996;99.79953919999996;99.86629199999997;99.46687839999983;99.46687839999983;99.86629199999997;99.86629199999997;99.86629199999997;99.86629199999997;99.86629199999997;
8160.119957333359;100.0;99.86629199999997;99.86250319999994;99.79953919999996;99.79770879999994;99.59541759999988;99.62000159999988;99.79770879999994;99.79770879999994;99.62000159999988;99.62000159999988;99.44229439999982;99.86629199999997;99.44229439999982;99.08687999999971;99.26458719999977;99.26458719999977;99.46687839999983;99.44229439999982;99.44229439999982;99.62000159999988;99.62000159999988;99.79770879999994;99.86629199999997;99.79770879999994;99.79953919999996;99.79953919999996;99.79953919999996;99.79953919999996;99.79953919999996;99.79953919999996;99.79953919999996;99.79953919999996;99.86629199999997;99.46687839999983;99.46687839999983;99.86629199999997;99.86629199999997;99.86629199999997;99.86629199999997;99.86629199999997;
8160.121046666693;100.0;99.86629199999997;99.86250319999994;99.79953919999996;99.79770879999994;99.59541759999988;99.62000159999988;99.79770879999994;99.79770879999994;99.62000159999988;99.62000159999988;99.44229439999982;99.86629199999997;99.44229439999982;99.08687999999971;99.26458719999977;99.26458719999977;99.46687839999983;99.44229439999982;99.44229439999982;99.62000159999988;99.61199359999988;99.79770879999994;99.86629199999997;99.79770879999994;99.79953919999996;99.79953919999996;99.79953919999996;99.79953919999996;99.79953919999996;99.79953919999996;99.79953919999996;99.79953919999996;99.86629199999997;99.46687839999983;99.46687839999983;99.86629199999997;99.86629199999997;99.86629199999997;99.86629199999997;99.86629199999997;
8160.121046666693;100.0;99.86629199999997;99.86250319999994;99.79953919999996;99.79770879999994;99.59541759999988;99.62000159999988;99.79770879999994;99.79770879999994;99.62000159999988;99.62000159999988;99.44229439999982;99.86629199999997;99.44229439999982;99.08687999999971;99.26458719999977;99.26458719999977;99.46687839999983;99.44229439999982;99.44229439999982;99.62000159999988;99.59541759999988;99.79770879999994;99.86629199999997;99.79770879999994;99.79953919999996;99.79953919999996;99.79953919999996;99.79953919999996;99.79953919999996;99.79953919999996;99.79953919999996;99.79953919999996;99.86629199999997;99.46687839999983;99.46687839999983;99.86629199999997;99.86629199999997;99.86629199999997;99.86629199999997;99.86629199999997;
8160.127037333359;100.0;99.86629199999997;99.86250319999994;99.79953919999996;99.79770879999994;99.59541759999988;99.62000159999988;99.79770879999994;99.79770879999994;99.62000159999988;99.62000159999988;99.44229439999982;99.86629199999997;99.44229439999982;99.08687999999971;99.26458719999977;99.26458719999977;99.46687839999983;99.44229439999982;99.44229439999982;99.62000159999988;99.59541759999988;99.79770879999994;99.86629199999997;99.79770879999994;99.79953919999996;99.79953919999996;99.79953919999996;99.79953919999996;99.79953919999996;99.79953919999996;99.79953919999996;99.79953919999996;99.86629199999997;99.46687839999983;99.46687839999983;99.86629199999997;99.86629199999997;99.86629199999997;99.86629199999997;99.86629199999997;
8160.129957333359;100.0;99.86629199999997;99.86250319999994;99.79953919999996;99.79770879999994;99.59541759999988;99.62000159999988;99.79770879999994;99.79770879999994;99.62000159999988;99.62000159999988;99.44229439999982;99.86629199999997;99.44229439999982;99.08687999999971;99.26458719999977;99.26458719999977;99.46687839999983;99.44229439999982;99.44229439999982;99.62000159999988;99.59541759999988;99.79770879999994;99.86629199999997;99.79770879999994;99.79953919999996;99.79953919999996;99.79953919999996;99.79953919999996;99.79953919999996;99.79953919999996;99.79953919999996;99.79953919999996;99.86629199999997;99.46687839999983;99.46687839999983;99.86629199999997;99.86629199999997;99.86629199999997;99.86629199999997;99.86629199999997;
8160.137037333359;100.0;99.86629199999997;99.86250319999994;99.79953919999996;99.79770879999994;99.59541759999988;99.62000159999988;99.79770879999994;99.79770879999994;99.62000159999988;99.62000159999988;99.44229439999982;99.86629199999997;99.44229439999982;99.08687999999971;99.26458719999977;99.26458719999977;99.46687839999983;99.44229439999982;99.44229439999982;99.62000159999988;99.59541759999988;99.79770879999994;99.86629199999997;99.79770879999994;99.79953919999996;99.79953919999996;99.79953919999996;99.79953919999996;99.79953919999996;99.79953919999996;99.79953919999996;99.79953919999996;99.86629199999997;99.46687839999983;99.46687839999983;99.86629199999997;99.86629199999997;99.86629199999997;99.86629199999997;99.86629199999997;
8160.148126666692;100.0;99.86629199999997;99.86250319999994;99.79953919999996;99.79770879999994;99.59541759999988;99.62000159999988;99.79770879999994;99.79770879999994;99.62000159999988;99.62000159999988;99.44229439999982;99.86629199999997;99.44229439999982;99.08687999999971;99.26458719999977;99.26458719999977;99.46687839999983;99.44229439999982;99.44229439999982;99.62000159999988;99.59541759999988;99.79770879999994;99.86629199999997;99.79770879999994;99.79953919999996;99.79953919999996;99.79953919999996;99.79953919999996;99.79953919999996;99.79953919999996;99.79953919999996;99.79953919999996;99.86629199999997;99.46687839999983;99.46687839999983;99.86629199999997;99.86629199999997;99.86629199999997;99.86629199999997;99.86629199999997;
8160.151417333359;100.0;99.86629199999997;99.86250319999994;99.79953919999996;99.79770879999994;99.59541759999988;99.61199359999988;99.79770879999994;99.79770879999994;99.61199359999988;99.62000159999988;99.43428639999982;99.86629199999997;99.44229439999982;99.0788719999997;99.26458719999977;99.26458719999977;99.45887039999982;99.44229439999982;99.43428639999982;99.62000159999988;99.59541759999988;99.79770879999994;99.86629199999997;99.79770879999994;99.79953919999996;99.79953919999996;99.79953919999996;99.79953919999996;99.79953919999996;99.79953919999996;99.79953919999996;99.79953919999996;99.86629199999997;99.45887039999982;99.46687839999983;99.86629199999997;99.86629199999997;99.86629199999997;99.86629199999997;99.86629199999997;
8160.151417333359;100.0;99.86629199999997;99.86250319999994;99.79953919999996;99.79770879999994;99.59541759999988;99.59541759999988;99.79770879999994;99.79770879999994;99.59541759999988;99.62000159999988;99.41771039999982;99.86629199999997;99.44229439999982;99.0622959999997;99.26458719999977;99.26458719999977;99.44229439999982;99.44229439999982;99.41771039999982;99.62000159999988;99.59541759999988;99.79770879999994;99.86629199999997;99.79770879999994;99.79953919999996;99.79953919999996;99.79953919999996;99.79953919999996;99.79953919999996;99.79953919999996;99.79953919999996;99.79953919999996;99.86629199999997;99.44229439999982;99.46687839999983;99.86629199999997;99.86629199999997;99.86629199999997;99.86629199999997;99.86629199999997;
8160.152506666693;100.0;99.86629199999997;99.86250319999994;99.79953919999996;99.79770879999994;99.59541759999988;99.59541759999988;99.79770879999994;99.79770879999994;99.59541759999988;99.62000159999988;99.41771039999982;99.86629199999997;99.44229439999982;99.0622959999997;99.26458719999977;99.26458719999977;99.44229439999982;99.44229439999982;99.41771039999982;99.61199359999988;99.59541759999988;99.79770879999994;99.86629199999997;99.79770879999994;99.79953919999996;99.79953919999996;99.79953919999996;99.79953919999996;99.79953919999996;99.79953919999996;99.79953919999996;99.79953919999996;99.86629199999997;99.44229439999982;99.46687839999983;99.86629199999997;99.86629199999997;99.86629199999997;99.86629199999997;99.86629199999997;
8160.152506666693;100.0;99.86629199999997;99.86250319999994;99.79953919999996;99.79770879999994;99.59541759999988;99.59541759999988;99.79770879999994;99.79770879999994;99.59541759999988;99.62000159999988;99.41771039999982;99.86629199999997;99.44229439999982;99.0622959999997;99.26458719999977;99.26458719999977;99.44229439999982;99.44229439999982;99.41771039999982;99.59541759999988;99.59541759999988;99.79770879999994;99.86629199999997;99.79770879999994;99.79953919999996;99.79953919999996;99.79953919999996;99.79953919999996;99.79953919999996;99.79953919999996;99.79953919999996;99.79953919999996;99.86629199999997;99.44229439999982;99.46687839999983;99.86629199999997;99.86629199999997;99.86629199999997;99.86629199999997;99.86629199999997;
8160.182877333359;100.0;99.86629199999997;99.86250319999994;99.79953919999996;99.79770879999994;99.59541759999988;99.59541759999988;99.79770879999994;99.79770879999994;99.59541759999988;99.61199359999988;99.41771039999982;99.86629199999997;99.43428639999982;99.0622959999997;99.26458719999977;99.25657919999976;99.44229439999982;99.43428639999982;99.41771039999982;99.59541759999988;99.59541759999988;99.79770879999994;99.86629199999997;99.79770879999994;99.79953919999996;99.79953919999996;99.79953919999996;99.79953919999996;99.79953919999996;99.79953919999996;99.79953919999996;99.79953919999996;99.86629199999997;99.44229439999982;99.45887039999982;99.86629199999997;99.86629199999997;99.86629199999997;99.86629199999997;99.86629199999997;
8160.182877333359;100.0;99.86629199999997;99.86250319999994;99.79953919999996;99.79770879999994;99.59541759999988;99.59541759999988;99.79770879999994;99.79770879999994;99.59541759999988;99.59541759999988;99.41771039999982;99.86629199999997;99.41771039999982;99.0622959999997;99.26458719999977;99.24000319999976;99.44229439999982;99.41771039999982;99.41771039999982;99.59541759999988;99.59541759999988;99.79770879999994;99.86629199999997;99.79770879999994;99.79953919999996;99.79953919999996;99.79953919999996;99.79953919999996;99.79953919999996;99.79953919999996;99.79953919999996;99.79953919999996;99.86629199999997;99.44229439999982;99.44229439999982;99.86629199999997;99.86629199999997;99.86629199999997;99.86629199999997;99.86629199999997;
8160.183966666693;100.0;99.86629199999997;99.86250319999994;99.79953919999996;99.79770879999994;99.59541759999988;99.59541759999988;99.79770879999994;99.79770879999994;99.59541759999988;99.59541759999988;99.41771039999982;99.86629199999997;99.41771039999982;99.0622959999997;99.26458719999977;99.24000319999976;99.44229439999982;99.41771039999982;99.40970239999982;99.59541759999988;99.59541759999988;99.79770879999994;99.86629199999997;99.79770879999994;99.79953919999996;99.79953919999996;99.79953919999996;99.79953919999996;99.79953919999996;99.79953919999996;99.79953919999996;99.79953919999996;99.86629199999997;99.44229439999982;99.44229439999982;99.86629199999997;99.86629199999997;99.86629199999997;99.86629199999997;99.86629199999997;
8160.183966666693;100.0;99.86629199999997;99.86250319999994;99.79953919999996;99.79770879999994;99.59541759999988;99.59541759999988;99.79770879999994;99.79770879999994;99.59541759999988;99.59541759999988;99.41771039999982;99.86629199999997;99.41771039999982;99.0622959999997;99.26458719999977;99.24000319999976;99.44229439999982;99.41771039999982;99.39312639999982;99.59541759999988;99.59541759999988;99.79770879999994;99.86629199999997;99.79770879999994;99.79953919999996;99.79953919999996;99.79953919999996;99.79953919999996;99.79953919999996;99.79953919999996;99.79953919999996;99.79953919999996;99.86629199999997;99.44229439999982;99.44229439999982;99.86629199999997;99.86629199999997;99.86629199999997;99.86629199999997;99.86629199999997;
8160.192877333359;100.0;99.86629199999997;99.86250319999994;99.79953919999996;99.79770879999994;99.59541759999988;99.59541759999988;99.79770879999994;99.79770879999994;99.59541759999988;99.59541759999988;99.41771039999982;99.86629199999997;99.41771039999982;99.0622959999997;99.26458719999977;99.24000319999976;99.44229439999982;99.41771039999982;99.39312639999982;99.59541759999988;99.59541759999988;99.79770879999994;99.86629199999997;99.79770879999994;99.79953919999996;99.79953919999996;99.79953919999996;99.79953919999996;99.79953919999996;99.79953919999996;99.79953919999996;99.79953919999996;99.86629199999997;99.44229439999982;99.44229439999982;99.86629199999997;99.86629199999997;99.86629199999997;99.86629199999997;99.86629199999997;
8160.214337333359;100.0;99.86629199999997;99.86250319999994;99.79953919999996;99.79770879999994;99.59541759999988;99.59541759999988;99.79770879999994;99.79770879999994;99.59541759999988;99.59541759999988;99.40970239999982;99.86629199999997;99.41771039999982;99.0622959999997;99.25657919999976;99.24000319999976;99.43428639999982;99.41771039999982;99.39312639999982;99.59541759999988;99.59541759999988;99.79770879999994;99.86629199999997;99.79770879999994;99.79953919999996;99.79953919999996;99.79953919999996;99.79953919999996;99.79953919999996;99.79953919999996;99.79953919999996;99.79953919999996;99.86629199999997;99.43428639999982;99.44229439999982;99.86629199999997;99.86629199999997;99.86629199999997;99.86629199999997;99.86629199999997;
8160.214337333359;100.0;99.86629199999997;99.86250319999994;99.79953919999996;99.79770879999994;99.59541759999988;99.59541759999988;99.79770879999994;99.79770879999994;99.59541759999988;99.59541759999988;99.39312639999982;99.86629199999997;99.41771039999982;99.0622959999997;99.24000319999976;99.24000319999976;99.41771039999982;99.41771039999982;99.39312639999982;99.59541759999988;99.59541759999988;99.79770879999994;99.86629199999997;99.79770879999994;99.79953919999996;99.79953919999996;99.79953919999996;99.79953919999996;99.79953919999996;99.79953919999996;99.79953919999996;99.79953919999996;99.86629199999997;99.41771039999982;99.44229439999982;99.86629199999997;99.86629199999997;99.86629199999997;99.86629199999997;99.86629199999997;
8160.215426666693;100.0;99.86629199999997;99.86250319999994;99.79953919999996;99.79770879999994;99.59541759999988;99.59541759999988;99.79770879999994;99.79770879999994;99.59541759999988;99.59541759999988;99.39312639999982;99.86629199999997;99.41771039999982;99.0622959999997;99.24000319999976;99.24000319999976;99.41771039999982;99.40970239999982;99.39312639999982;99.59541759999988;99.59541759999988;99.79770879999994;99.86629199999997;99.79770879999994;99.79953919999996;99.79953919999996;99.79953919999996;99.79953919999996;99.79953919999996;99.79953919999996;99.79953919999996;99.79953919999996;99.86629199999997;99.41771039999982;99.44229439999982;99.86629199999997;99.86629199999997;99.86629199999997;99.86629199999997;99.86629199999997;
8160.215426666693;100.0;99.86629199999997;99.86250319999994;99.79953919999996;99.79770879999994;99.59541759999988;99.59541759999988;99.79770879999994;99.79770879999994;99.59541759999988;99.59541759999988;99.39312639999982;99.86629199999997;99.41771039999982;99.0622959999997;99.24000319999976;99.24000319999976;99.41771039999982;99.39312639999982;99.39312639999982;99.59541759999988;99.59541759999988;99.79770879999994;99.86629199999997;99.79770879999994;99.79953919999996;99.79953919999996;99.79953919999996;99.79953919999996;99.79953919999996;99.79953919999996;99.79953919999996;99.79953919999996;99.86629199999997;99.41771039999982;99.44229439999982;99.86629199999997;99.86629199999997;99.86629199999997;99.86629199999997;99.86629199999997;
8160.245797333359;100.0;99.86629199999997;99.86250319999994;99.79953919999996;99.79770879999994;99.59541759999988;99.59541759999988;99.79770879999994;99.79770879999994;99.59541759999988;99.59541759999988;99.39312639999982;99.86629199999997;99.40970239999982;99.0542879999997;99.24000319999976;99.23199519999976;99.41771039999982;99.39312639999982;99.39312639999982;99.59541759999988;99.59541759999988;99.79770879999994;99.86629199999997;99.79770879999994;99.79953919999996;99.79953919999996;99.79953919999996;99.79953919999996;99.79953919999996;99.79953919999996;99.79953919999996;99.79953919999996;99.86629199999997;99.41771039999982;99.43428639999982;99.86629199999997;99.86629199999997;99.86629199999997;99.86629199999997;99.86629199999997;
8160.245797333359;100.0;99.86629199999997;99.86250319999994;99.79953919999996;99.79770879999994;99.59541759999988;99.59541759999988;99.79770879999994;99.79770879999994;99.59541759999988;99.59541759999988;99.39312639999982;99.86629199999997;99.39312639999982;99.0377119999997;99.24000319999976;99.21541919999976;99.41771039999982;99.39312639999982;99.39312639999982;99.59541759999988;99.59541759999988;99.79770879999994;99.86629199999997;99.79770879999994;99.79953919999996;99.79953919999996;99.79953919999996;99.79953919999996;99.79953919999996;99.79953919999996;99.79953919999996;99.79953919999996;99.86629199999997;99.41771039999982;99.41771039999982;99.86629199999997;99.86629199999997;99.86629199999997;99.86629199999997;99.86629199999997;
8160.246886666693;100.0;99.86629199999997;99.86250319999994;99.79953919999996;99.79770879999994;99.59541759999988;99.59541759999988;99.79770879999994;99.79770879999994;99.59541759999988;99.59541759999988;99.39312639999982;99.86629199999997;99.39312639999982;99.0377119999997;99.24000319999976;99.21541919999976;99.40970239999982;99.39312639999982;99.39312639999982;99.59541759999988;99.59541759999988;99.79770879999994;99.86629199999997;99.79770879999994;99.79953919999996;99.79953919999996;99.79953919999996;99.79953919999996;99.79953919999996;99.79953919999996;99.79953919999996;99.79953919999996;99.86629199999997;99.41771039999982;99.41771039999982;99.86629199999997;99.86629199999997;99.86629199999997;99.86629199999997;99.86629199999997;
8160.246886666693;100.0;99.86629199999997;99.86250319999994;99.79953919999996;99.79770879999994;99.59541759999988;99.59541759999988;99.79770879999994;99.79770879999994;99.59541759999988;99.59541759999988;99.39312639999982;99.86629199999997;99.39312639999982;99.0377119999997;99.24000319999976;99.21541919999976;99.39312639999982;99.39312639999982;99.39312639999982;99.59541759999988;99.59541759999988;99.79770879999994;99.86629199999997;99.79770879999994;99.79953919999996;99.79953919999996;99.79953919999996;99.79953919999996;99.79953919999996;99.79953919999996;99.79953919999996;99.79953919999996;99.86629199999997;99.41771039999982;99.41771039999982;99.86629199999997;99.86629199999997;99.86629199999997;99.86629199999997;99.86629199999997;
8160.25579733336;100.0;99.86629199999997;99.86250319999994;99.79953919999996;99.79770879999994;99.59541759999988;99.59541759999988;99.79770879999994;99.79770879999994;99.59541759999988;99.59541759999988;99.39312639999982;99.86629199999997;99.39312639999982;99.0377119999997;99.24000319999976;99.21541919999976;99.39312639999982;99.39312639999982;99.39312639999982;99.59541759999988;99.59541759999988;99.79770879999994;99.86629199999997;99.79770879999994;99.79953919999996;99.79953919999996;99.79953919999996;99.79953919999996;99.79953919999996;99.79953919999996;99.79953919999996;99.79953919999996;99.86629199999997;99.41771039999982;99.41771039999982;99.86629199999997;99.86629199999997;99.86629199999997;99.86629199999997;99.86629199999997;
8160.27725733336;100.0;99.86629199999997;99.86250319999994;99.79953919999996;99.79770879999994;99.59541759999988;99.59541759999988;99.79770879999994;99.79770879999994;99.59541759999988;99.59541759999988;99.39312639999982;99.86629199999997;99.39312639999982;99.0377119999997;99.23199519999976;99.21541919999976;99.39312639999982;99.39312639999982;99.39312639999982;99.59541759999988;99.59541759999988;99.79770879999994;99.86629199999997;99.79770879999994;99.79953919999996;99.79953919999996;99.79953919999996;99.79953919999996;99.79953919999996;99.79953919999996;99.79953919999996;99.79953919999996;99.86629199999997;99.40970239999982;99.41771039999982;99.86629199999997;99.86629199999997;99.86629199999997;99.86629199999997;99.86629199999997;
8160.27725733336;100.0;99.86629199999997;99.86250319999994;99.79953919999996;99.79770879999994;99.59541759999988;99.59541759999988;99.79770879999994;99.79770879999994;99.59541759999988;99.59541759999988;99.39312639999982;99.86629199999997;99.39312639999982;99.0377119999997;99.21541919999976;99.21541919999976;99.39312639999982;99.39312639999982;99.39312639999982;99.59541759999988;99.59541759999988;99.79770879999994;99.86629199999997;99.79770879999994;99.79953919999996;99.79953919999996;99.79953919999996;99.79953919999996;99.79953919999996;99.79953919999996;99.79953919999996;99.79953919999996;99.86629199999997;99.39312639999982;99.41771039999982;99.86629199999997;99.86629199999997;99.86629199999997;99.86629199999997;99.86629199999997;
8160.278346666693;100.0;99.86629199999997;99.86250319999994;99.79953919999996;99.79770879999994;99.59541759999988;99.59541759999988;99.79770879999994;99.79770879999994;99.59541759999988;99.59541759999988;99.39312639999982;99.86629199999997;99.39312639999982;99.0377119999997;99.21541919999976;99.20741119999975;99.39312639999982;99.39312639999982;99.39312639999982;99.59541759999988;99.59541759999988;99.79770879999994;99.86629199999997;99.79770879999994;99.79953919999996;99.79953919999996;99.79953919999996;99.79953919999996;99.79953919999996;99.79953919999996;99.79953919999996;99.79953919999996;99.86629199999997;99.39312639999982;99.41771039999982;99.86629199999997;99.86629199999997;99.86629199999997;99.86629199999997;99.86629199999997;
8160.278346666693;100.0;99.86629199999997;99.86250319999994;99.79953919999996;99.79770879999994;99.59541759999988;99.59541759999988;99.79770879999994;99.79770879999994;99.59541759999988;99.59541759999988;99.39312639999982;99.86629199999997;99.39312639999982;99.0377119999997;99.21541919999976;99.19083519999975;99.39312639999982;99.39312639999982;99.39312639999982;99.59541759999988;99.59541759999988;99.79770879999994;99.86629199999997;99.79770879999994;99.79953919999996;99.79953919999996;99.79953919999996;99.79953919999996;99.79953919999996;99.79953919999996;99.79953919999996;99.79953919999996;99.86629199999997;99.39312639999982;99.41771039999982;99.86629199999997;99.86629199999997;99.86629199999997;99.86629199999997;99.86629199999997;
8160.30871733336;100.0;99.86629199999997;99.86250319999994;99.79953919999996;99.79770879999994;99.59541759999988;99.59541759999988;99.79770879999994;99.79770879999994;99.59541759999988;99.59541759999988;99.39312639999982;99.86629199999997;99.39312639999982;99.0297039999997;99.21541919999976;99.19083519999975;99.39312639999982;99.39312639999982;99.39312639999982;99.59541759999988;99.59541759999988;99.79770879999994;99.86629199999997;99.79770879999994;99.79953919999996;99.79953919999996;99.79953919999996;99.79953919999996;99.79953919999996;99.79953919999996;99.79953919999996;99.79953919999996;99.86629199999997;99.39312639999982;99.40970239999982;99.86629199999997;99.86629199999997;99.86629199999997;99.86629199999997;99.86629199999997;
8160.30871733336;100.0;99.86629199999997;99.86250319999994;99.79953919999996;99.79770879999994;99.59541759999988;99.59541759999988;99.79770879999994;99.79770879999994;99.59541759999988;99.59541759999988;99.39312639999982;99.86629199999997;99.39312639999982;99.0131279999997;99.21541919999976;99.19083519999975;99.39312639999982;99.39312639999982;99.39312639999982;99.59541759999988;99.59541759999988;99.79770879999994;99.86629199999997;99.79770879999994;99.79953919999996;99.79953919999996;99.79953919999996;99.79953919999996;99.79953919999996;99.79953919999996;99.79953919999996;99.79953919999996;99.86629199999997;99.39312639999982;99.39312639999982;99.86629199999997;99.86629199999997;99.86629199999997;99.86629199999997;99.86629199999997;
8160.3098066666935;100.0;99.86629199999997;99.86250319999994;99.79953919999996;99.79770879999994;99.59541759999988;99.59541759999988;99.79770879999994;99.79770879999994;99.59541759999988;99.59541759999988;99.39312639999982;99.86629199999997;99.39312639999982;99.0131279999997;99.20741119999975;99.19083519999975;99.39312639999982;99.39312639999982;99.39312639999982;99.59541759999988;99.59541759999988;99.79770879999994;99.86629199999997;99.79770879999994;99.79953919999996;99.79953919999996;99.79953919999996;99.79953919999996;99.79953919999996;99.79953919999996;99.79953919999996;99.79953919999996;99.86629199999997;99.39312639999982;99.39312639999982;99.86629199999997;99.86629199999997;99.86629199999997;99.86629199999997;99.86629199999997;
8160.3098066666935;100.0;99.86629199999997;99.86250319999994;99.79953919999996;99.79770879999994;99.59541759999988;99.59541759999988;99.79770879999994;99.79770879999994;99.59541759999988;99.59541759999988;99.39312639999982;99.86629199999997;99.39312639999982;99.0131279999997;99.19083519999975;99.19083519999975;99.39312639999982;99.39312639999982;99.39312639999982;99.59541759999988;99.59541759999988;99.79770879999994;99.86629199999997;99.79770879999994;99.79953919999996;99.79953919999996;99.79953919999996;99.79953919999996;99.79953919999996;99.79953919999996;99.79953919999996;99.79953919999996;99.86629199999997;99.39312639999982;99.39312639999982;99.86629199999997;99.86629199999997;99.86629199999997;99.86629199999997;99.86629199999997;
8160.34017733336;100.0;99.86629199999997;99.86250319999994;99.79953919999996;99.79770879999994;99.59541759999988;99.59541759999988;99.79770879999994;99.79770879999994;99.59541759999988;99.59541759999988;99.39312639999982;99.86629199999997;99.39312639999982;99.0131279999997;99.19083519999975;99.19083519999975;99.39312639999982;99.39312639999982;99.39312639999982;99.59541759999988;99.59541759999988;99.79770879999994;99.86629199999997;99.79770879999994;99.79953919999996;99.79953919999996;99.79953919999996;99.79953919999996;99.79953919999996;99.79953919999996;99.79953919999996;99.79953919999996;99.86629199999997;99.39312639999982;99.39312639999982;99.86629199999997;99.86629199999997;99.86629199999997;99.86629199999997;99.86629199999997;
8160.341266666694;100.0;99.86629199999997;99.86250319999994;99.79953919999996;99.79770879999994;99.59541759999988;99.59541759999988;99.79770879999994;99.79770879999994;99.59541759999988;99.59541759999988;99.39312639999982;99.86629199999997;99.39312639999982;99.00511999999969;99.19083519999975;99.19083519999975;99.39312639999982;99.39312639999982;99.39312639999982;99.59541759999988;99.59541759999988;99.79770879999994;99.86629199999997;99.79770879999994;99.79953919999996;99.79953919999996;99.79953919999996;99.79953919999996;99.79953919999996;99.79953919999996;99.79953919999996;99.79953919999996;99.86629199999997;99.39312639999982;99.39312639999982;99.86629199999997;99.86629199999997;99.86629199999997;99.86629199999997;99.86629199999997;
8160.341266666694;100.0;99.86629199999997;99.86250319999994;99.79953919999996;99.79770879999994;99.59541759999988;99.59541759999988;99.79770879999994;99.79770879999994;99.59541759999988;99.59541759999988;99.39312639999982;99.86629199999997;99.39312639999982;98.98854399999969;99.19083519999975;99.19083519999975;99.39312639999982;99.39312639999982;99.39312639999982;99.59541759999988;99.59541759999988;99.79770879999994;99.86629199999997;99.79770879999994;99.79953919999996;99.79953919999996;99.79953919999996;99.79953919999996;99.79953919999996;99.79953919999996;99.79953919999996;99.79953919999996;99.86629199999997;99.39312639999982;99.39312639999982;99.86629199999997;99.86629199999997;99.86629199999997;99.86629199999997;99.86629199999997;
8220.000000000025;100.0;99.86629199999997;99.86250319999994;99.79953919999996;99.79770879999994;99.59541759999988;99.59541759999988;99.79770879999994;99.79770879999994;99.59541759999988;99.59541759999988;99.39312639999982;99.86629199999997;99.39312639999982;98.98854399999969;99.19083519999975;99.19083519999975;99.39312639999982;99.39312639999982;99.39312639999982;99.59541759999988;99.59541759999988;99.79770879999994;99.86629199999997;99.79770879999994;99.79953919999996;99.79953919999996;99.79953919999996;99.79953919999996;99.79953919999996;99.79953919999996;99.79953919999996;99.79953919999996;99.86629199999997;99.39312639999982;99.39312639999982;99.86629199999997;99.86629199999997;99.86629199999997;99.86629199999997;99.86629199999997;
8280.000000000025;100.0;99.86629199999997;99.86250319999994;99.79953919999996;99.79770879999994;99.59541759999988;99.59541759999988;99.79770879999994;99.79770879999994;99.59541759999988;99.59541759999988;99.39312639999982;99.86629199999997;99.39312639999982;98.98854399999969;99.19083519999975;99.19083519999975;99.39312639999982;99.39312639999982;99.39312639999982;99.59541759999988;99.59541759999988;99.79770879999994;99.86629199999997;99.79770879999994;99.79953919999996;99.79953919999996;99.79953919999996;99.79953919999996;99.79953919999996;99.79953919999996;99.79953919999996;99.79953919999996;99.86629199999997;99.39312639999982;99.39312639999982;99.86629199999997;99.86629199999997;99.86629199999997;99.86629199999997;99.86629199999997;
8340.000000000025;100.0;99.86629199999997;99.86250319999994;99.79953919999996;99.79770879999994;99.59541759999988;99.59541759999988;99.79770879999994;99.79770879999994;99.59541759999988;99.59541759999988;99.39312639999982;99.86629199999997;99.39312639999982;98.98854399999969;99.19083519999975;99.19083519999975;99.39312639999982;99.39312639999982;99.39312639999982;99.59541759999988;99.59541759999988;99.79770879999994;99.86629199999997;99.79770879999994;99.79953919999996;99.79953919999996;99.79953919999996;99.79953919999996;99.79953919999996;99.79953919999996;99.79953919999996;99.79953919999996;99.86629199999997;99.39312639999982;99.39312639999982;99.86629199999997;99.86629199999997;99.86629199999997;99.86629199999997;99.86629199999997;
8400.000000000025;100.0;99.86629199999997;99.86250319999994;99.79953919999996;99.79770879999994;99.59541759999988;99.59541759999988;99.79770879999994;99.79770879999994;99.59541759999988;99.59541759999988;99.39312639999982;99.86629199999997;99.39312639999982;98.98854399999969;99.19083519999975;99.19083519999975;99.39312639999982;99.39312639999982;99.39312639999982;99.59541759999988;99.59541759999988;99.79770879999994;99.86629199999997;99.79770879999994;99.79953919999996;99.79953919999996;99.79953919999996;99.79953919999996;99.79953919999996;99.79953919999996;99.79953919999996;99.79953919999996;99.86629199999997;99.39312639999982;99.39312639999982;99.86629199999997;99.86629199999997;99.86629199999997;99.86629199999997;99.86629199999997;
8460.000000000025;100.0;99.86629199999997;99.86250319999994;99.79953919999996;99.79770879999994;99.59541759999988;99.59541759999988;99.79770879999994;99.79770879999994;99.59541759999988;99.59541759999988;99.39312639999982;99.86629199999997;99.39312639999982;98.98854399999969;99.19083519999975;99.19083519999975;99.39312639999982;99.39312639999982;99.39312639999982;99.59541759999988;99.59541759999988;99.79770879999994;99.86629199999997;99.79770879999994;99.79953919999996;99.79953919999996;99.79953919999996;99.79953919999996;99.79953919999996;99.79953919999996;99.79953919999996;99.79953919999996;99.86629199999997;99.39312639999982;99.39312639999982;99.86629199999997;99.86629199999997;99.86629199999997;99.86629199999997;99.86629199999997;
8520.000000000025;100.0;99.86629199999997;99.86250319999994;99.79953919999996;99.79770879999994;99.59541759999988;99.59541759999988;99.79770879999994;99.79770879999994;99.59541759999988;99.59541759999988;99.39312639999982;99.86629199999997;99.39312639999982;98.98854399999969;99.19083519999975;99.19083519999975;99.39312639999982;99.39312639999982;99.39312639999982;99.59541759999988;99.59541759999988;99.79770879999994;99.86629199999997;99.79770879999994;99.79953919999996;99.79953919999996;99.79953919999996;99.79953919999996;99.79953919999996;99.79953919999996;99.79953919999996;99.79953919999996;99.86629199999997;99.39312639999982;99.39312639999982;99.86629199999997;99.86629199999997;99.86629199999997;99.86629199999997;99.86629199999997;
8580.000000000025;100.0;99.86629199999997;99.86250319999994;99.79953919999996;99.79770879999994;99.59541759999988;99.59541759999988;99.79770879999994;99.79770879999994;99.59541759999988;99.59541759999988;99.39312639999982;99.86629199999997;99.39312639999982;98.98854399999969;99.19083519999975;99.19083519999975;99.39312639999982;99.39312639999982;99.39312639999982;99.59541759999988;99.59541759999988;99.79770879999994;99.86629199999997;99.79770879999994;99.79953919999996;99.79953919999996;99.79953919999996;99.79953919999996;99.79953919999996;99.79953919999996;99.79953919999996;99.79953919999996;99.86629199999997;99.39312639999982;99.39312639999982;99.86629199999997;99.86629199999997;99.86629199999997;99.86629199999997;99.86629199999997;
8640.000000000025;100.0;99.86629199999997;99.86250319999994;99.79953919999996;99.79770879999994;99.59541759999988;99.59541759999988;99.79770879999994;99.79770879999994;99.59541759999988;99.59541759999988;99.39312639999982;99.86629199999997;99.39312639999982;98.98854399999969;99.19083519999975;99.19083519999975;99.39312639999982;99.39312639999982;99.39312639999982;99.59541759999988;99.59541759999988;99.79770879999994;99.86629199999997;99.79770879999994;99.79953919999996;99.79953919999996;99.79953919999996;99.79953919999996;99.79953919999996;99.79953919999996;99.79953919999996;99.79953919999996;99.86629199999997;99.39312639999982;99.39312639999982;99.86629199999997;99.86629199999997;99.86629199999997;99.86629199999997;99.86629199999997;
8700.000000000025;100.0;99.86629199999997;99.86250319999994;99.79953919999996;99.79770879999994;99.59541759999988;99.59541759999988;99.79770879999994;99.79770879999994;99.59541759999988;99.59541759999988;99.39312639999982;99.86629199999997;99.39312639999982;98.98854399999969;99.19083519999975;99.19083519999975;99.39312639999982;99.39312639999982;99.39312639999982;99.59541759999988;99.59541759999988;99.79770879999994;99.86629199999997;99.79770879999994;99.79953919999996;99.79953919999996;99.79953919999996;99.79953919999996;99.79953919999996;99.79953919999996;99.79953919999996;99.79953919999996;99.86629199999997;99.39312639999982;99.39312639999982;99.86629199999997;99.86629199999997;99.86629199999997;99.86629199999997;99.86629199999997;
8760.000000000025;100.0;99.86629199999997;99.86250319999994;99.79953919999996;99.79770879999994;99.59541759999988;99.59541759999988;99.79770879999994;99.79770879999994;99.59541759999988;99.59541759999988;99.39312639999982;99.86629199999997;99.39312639999982;98.98854399999969;99.19083519999975;99.19083519999975;99.39312639999982;99.39312639999982;99.39312639999982;99.59541759999988;99.59541759999988;99.79770879999994;99.86629199999997;99.79770879999994;99.79953919999996;99.79953919999996;99.79953919999996;99.79953919999996;99.79953919999996;99.79953919999996;99.79953919999996;99.79953919999996;99.86629199999997;99.39312639999982;99.39312639999982;99.86629199999997;99.86629199999997;99.86629199999997;99.86629199999997;99.86629199999997;
8820.000000000025;100.0;99.86629199999997;99.86250319999994;99.79953919999996;99.79770879999994;99.59541759999988;99.59541759999988;99.79770879999994;99.79770879999994;99.59541759999988;99.59541759999988;99.39312639999982;99.86629199999997;99.39312639999982;98.98854399999969;99.19083519999975;99.19083519999975;99.39312639999982;99.39312639999982;99.39312639999982;99.59541759999988;99.59541759999988;99.79770879999994;99.86629199999997;99.79770879999994;99.79953919999996;99.79953919999996;99.79953919999996;99.79953919999996;99.79953919999996;99.79953919999996;99.79953919999996;99.79953919999996;99.86629199999997;99.39312639999982;99.39312639999982;99.86629199999997;99.86629199999997;99.86629199999997;99.86629199999997;99.86629199999997;
8880.000000000025;100.0;99.86629199999997;99.86250319999994;99.79953919999996;99.79770879999994;99.59541759999988;99.59541759999988;99.79770879999994;99.79770879999994;99.59541759999988;99.59541759999988;99.39312639999982;99.86629199999997;99.39312639999982;98.98854399999969;99.19083519999975;99.19083519999975;99.39312639999982;99.39312639999982;99.39312639999982;99.59541759999988;99.59541759999988;99.79770879999994;99.86629199999997;99.79770879999994;99.79953919999996;99.79953919999996;99.79953919999996;99.79953919999996;99.79953919999996;99.79953919999996;99.79953919999996;99.79953919999996;99.86629199999997;99.39312639999982;99.39312639999982;99.86629199999997;99.86629199999997;99.86629199999997;99.86629199999997;99.86629199999997;
8940.000000000025;100.0;99.86629199999997;99.86250319999994;99.79953919999996;99.79770879999994;99.59541759999988;99.59541759999988;99.79770879999994;99.79770879999994;99.59541759999988;99.59541759999988;99.39312639999982;99.86629199999997;99.39312639999982;98.98854399999969;99.19083519999975;99.19083519999975;99.39312639999982;99.39312639999982;99.39312639999982;99.59541759999988;99.59541759999988;99.79770879999994;99.86629199999997;99.79770879999994;99.79953919999996;99.79953919999996;99.79953919999996;99.79953919999996;99.79953919999996;99.79953919999996;99.79953919999996;99.79953919999996;99.86629199999997;99.39312639999982;99.39312639999982;99.86629199999997;99.86629199999997;99.86629199999997;99.86629199999997;99.86629199999997;
9000.000000000025;100.0;99.86629199999997;99.86250319999994;99.79953919999996;99.79770879999994;99.59541759999988;99.59541759999988;99.79770879999994;99.79770879999994;99.59541759999988;99.59541759999988;99.39312639999982;99.86629199999997;99.39312639999982;98.98854399999969;99.19083519999975;99.19083519999975;99.39312639999982;99.39312639999982;99.39312639999982;99.59541759999988;99.59541759999988;99.79770879999994;99.86629199999997;99.79770879999994;99.79953919999996;99.79953919999996;99.79953919999996;99.79953919999996;99.79953919999996;99.79953919999996;99.79953919999996;99.79953919999996;99.86629199999997;99.39312639999982;99.39312639999982;99.86629199999997;99.86629199999997;99.86629199999997;99.86629199999997;99.86629199999997;
9060.000000000025;100.0;99.86629199999997;99.86250319999994;99.79953919999996;99.79770879999994;99.59541759999988;99.59541759999988;99.79770879999994;99.79770879999994;99.59541759999988;99.59541759999988;99.39312639999982;99.86629199999997;99.39312639999982;98.98854399999969;99.19083519999975;99.19083519999975;99.39312639999982;99.39312639999982;99.39312639999982;99.59541759999988;99.59541759999988;99.79770879999994;99.86629199999997;99.79770879999994;99.79953919999996;99.79953919999996;99.79953919999996;99.79953919999996;99.79953919999996;99.79953919999996;99.79953919999996;99.79953919999996;99.86629199999997;99.39312639999982;99.39312639999982;99.86629199999997;99.86629199999997;99.86629199999997;99.86629199999997;99.86629199999997;
9060.026666666694;100.0;99.86619199999997;99.86240319999993;99.79953919999996;99.79770879999994;99.59541759999988;99.59541759999988;99.79770879999994;99.79770879999994;99.59541759999988;99.59541759999988;99.39312639999982;99.86619199999997;99.39312639999982;98.98854399999969;99.19083519999975;99.19083519999975;99.39312639999982;99.39312639999982;99.39312639999982;99.59541759999988;99.59541759999988;99.79770879999994;99.86619199999997;99.79770879999994;99.79953919999996;99.79953919999996;99.79953919999996;99.79953919999996;99.79953919999996;99.79953919999996;99.79953919999996;99.79953919999996;99.86619199999997;99.39312639999982;99.39312639999982;99.86619199999997;99.86619199999997;99.86619199999997;99.86619199999997;99.86619199999997;
9120.000000000025;100.0;99.86619199999997;99.86240319999993;99.79953919999996;99.79770879999994;99.59541759999988;99.59541759999988;99.79770879999994;99.79770879999994;99.59541759999988;99.59541759999988;99.39312639999982;99.86619199999997;99.39312639999982;98.98854399999969;99.19083519999975;99.19083519999975;99.39312639999982;99.39312639999982;99.39312639999982;99.59541759999988;99.59541759999988;99.79770879999994;99.86619199999997;99.79770879999994;99.79953919999996;99.79953919999996;99.79953919999996;99.79953919999996;99.79953919999996;99.79953919999996;99.79953919999996;99.79953919999996;99.86619199999997;99.39312639999982;99.39312639999982;99.86619199999997;99.86619199999997;99.86619199999997;99.86619199999997;99.86619199999997;
9180.000000000025;100.0;99.86619199999997;99.86240319999993;99.79953919999996;99.79770879999994;99.59541759999988;99.59541759999988;99.79770879999994;99.79770879999994;99.59541759999988;99.59541759999988;99.39312639999982;99.86619199999997;99.39312639999982;98.98854399999969;99.19083519999975;99.19083519999975;99.39312639999982;99.39312639999982;99.39312639999982;99.59541759999988;99.59541759999988;99.79770879999994;99.86619199999997;99.79770879999994;99.79953919999996;99.79953919999996;99.79953919999996;99.79953919999996;99.79953919999996;99.79953919999996;99.79953919999996;99.79953919999996;99.86619199999997;99.39312639999982;99.39312639999982;99.86619199999997;99.86619199999997;99.86619199999997;99.86619199999997;99.86619199999997;
9240.000000000025;100.0;99.86619199999997;99.86240319999993;99.79953919999996;99.79770879999994;99.59541759999988;99.59541759999988;99.79770879999994;99.79770879999994;99.59541759999988;99.59541759999988;99.39312639999982;99.86619199999997;99.39312639999982;98.98854399999969;99.19083519999975;99.19083519999975;99.39312639999982;99.39312639999982;99.39312639999982;99.59541759999988;99.59541759999988;99.79770879999994;99.86619199999997;99.79770879999994;99.79953919999996;99.79953919999996;99.79953919999996;99.79953919999996;99.79953919999996;99.79953919999996;99.79953919999996;99.79953919999996;99.86619199999997;99.39312639999982;99.39312639999982;99.86619199999997;99.86619199999997;99.86619199999997;99.86619199999997;99.86619199999997;
9300.000000000025;100.0;99.86619199999997;99.86240319999993;99.79953919999996;99.79770879999994;99.59541759999988;99.59541759999988;99.79770879999994;99.79770879999994;99.59541759999988;99.59541759999988;99.39312639999982;99.86619199999997;99.39312639999982;98.98854399999969;99.19083519999975;99.19083519999975;99.39312639999982;99.39312639999982;99.39312639999982;99.59541759999988;99.59541759999988;99.79770879999994;99.86619199999997;99.79770879999994;99.79953919999996;99.79953919999996;99.79953919999996;99.79953919999996;99.79953919999996;99.79953919999996;99.79953919999996;99.79953919999996;99.86619199999997;99.39312639999982;99.39312639999982;99.86619199999997;99.86619199999997;99.86619199999997;99.86619199999997;99.86619199999997;
9360.000000000025;100.0;99.86619199999997;99.86240319999993;99.79953919999996;99.79770879999994;99.59541759999988;99.59541759999988;99.79770879999994;99.79770879999994;99.59541759999988;99.59541759999988;99.39312639999982;99.86619199999997;99.39312639999982;98.98854399999969;99.19083519999975;99.19083519999975;99.39312639999982;99.39312639999982;99.39312639999982;99.59541759999988;99.59541759999988;99.79770879999994;99.86619199999997;99.79770879999994;99.79953919999996;99.79953919999996;99.79953919999996;99.79953919999996;99.79953919999996;99.79953919999996;99.79953919999996;99.79953919999996;99.86619199999997;99.39312639999982;99.39312639999982;99.86619199999997;99.86619199999997;99.86619199999997;99.86619199999997;99.86619199999997;
9420.000000000025;100.0;99.86619199999997;99.86240319999993;99.79953919999996;99.79770879999994;99.59541759999988;99.59541759999988;99.79770879999994;99.79770879999994;99.59541759999988;99.59541759999988;99.39312639999982;99.86619199999997;99.39312639999982;98.98854399999969;99.19083519999975;99.19083519999975;99.39312639999982;99.39312639999982;99.39312639999982;99.59541759999988;99.59541759999988;99.79770879999994;99.86619199999997;99.79770879999994;99.79953919999996;99.79953919999996;99.79953919999996;99.79953919999996;99.79953919999996;99.79953919999996;99.79953919999996;99.79953919999996;99.86619199999997;99.39312639999982;99.39312639999982;99.86619199999997;99.86619199999997;99.86619199999997;99.86619199999997;99.86619199999997;
9480.000000000025;100.0;99.86619199999997;99.86240319999993;99.79953919999996;99.79770879999994;99.59541759999988;99.59541759999988;99.79770879999994;99.79770879999994;99.59541759999988;99.59541759999988;99.39312639999982;99.86619199999997;99.39312639999982;98.98854399999969;99.19083519999975;99.19083519999975;99.39312639999982;99.39312639999982;99.39312639999982;99.59541759999988;99.59541759999988;99.79770879999994;99.86619199999997;99.79770879999994;99.79953919999996;99.79953919999996;99.79953919999996;99.79953919999996;99.79953919999996;99.79953919999996;99.79953919999996;99.79953919999996;99.86619199999997;99.39312639999982;99.39312639999982;99.86619199999997;99.86619199999997;99.86619199999997;99.86619199999997;99.86619199999997;
9540.000000000025;100.0;99.86619199999997;99.86240319999993;99.79953919999996;99.79770879999994;99.59541759999988;99.59541759999988;99.79770879999994;99.79770879999994;99.59541759999988;99.59541759999988;99.39312639999982;99.86619199999997;99.39312639999982;98.98854399999969;99.19083519999975;99.19083519999975;99.39312639999982;99.39312639999982;99.39312639999982;99.59541759999988;99.59541759999988;99.79770879999994;99.86619199999997;99.79770879999994;99.79953919999996;99.79953919999996;99.79953919999996;99.79953919999996;99.79953919999996;99.79953919999996;99.79953919999996;99.79953919999996;99.86619199999997;99.39312639999982;99.39312639999982;99.86619199999997;99.86619199999997;99.86619199999997;99.86619199999997;99.86619199999997;
9600.000000000025;100.0;99.86619199999997;99.86240319999993;99.79953919999996;99.79770879999994;99.59541759999988;99.59541759999988;99.79770879999994;99.79770879999994;99.59541759999988;99.59541759999988;99.39312639999982;99.86619199999997;99.39312639999982;98.98854399999969;99.19083519999975;99.19083519999975;99.39312639999982;99.39312639999982;99.39312639999982;99.59541759999988;99.59541759999988;99.79770879999994;99.86619199999997;99.79770879999994;99.79953919999996;99.79953919999996;99.79953919999996;99.79953919999996;99.79953919999996;99.79953919999996;99.79953919999996;99.79953919999996;99.86619199999997;99.39312639999982;99.39312639999982;99.86619199999997;99.86619199999997;99.86619199999997;99.86619199999997;99.86619199999997;
9660.000000000025;100.0;99.86619199999997;99.86240319999993;99.79953919999996;99.79770879999994;99.59541759999988;99.59541759999988;99.79770879999994;99.79770879999994;99.59541759999988;99.59541759999988;99.39312639999982;99.86619199999997;99.39312639999982;98.98854399999969;99.19083519999975;99.19083519999975;99.39312639999982;99.39312639999982;99.39312639999982;99.59541759999988;99.59541759999988;99.79770879999994;99.86619199999997;99.79770879999994;99.79953919999996;99.79953919999996;99.79953919999996;99.79953919999996;99.79953919999996;99.79953919999996;99.79953919999996;99.79953919999996;99.86619199999997;99.39312639999982;99.39312639999982;99.86619199999997;99.86619199999997;99.86619199999997;99.86619199999997;99.86619199999997;
9720.000000000025;100.0;99.86619199999997;99.86240319999993;99.79953919999996;99.79770879999994;99.59541759999988;99.59541759999988;99.79770879999994;99.79770879999994;99.59541759999988;99.59541759999988;99.39312639999982;99.86619199999997;99.39312639999982;98.98854399999969;99.19083519999975;99.19083519999975;99.39312639999982;99.39312639999982;99.39312639999982;99.59541759999988;99.59541759999988;99.79770879999994;99.86619199999997;99.79770879999994;99.79953919999996;99.79953919999996;99.79953919999996;99.79953919999996;99.79953919999996;99.79953919999996;99.79953919999996;99.79953919999996;99.86619199999997;99.39312639999982;99.39312639999982;99.86619199999997;99.86619199999997;99.86619199999997;99.86619199999997;99.86619199999997;
9780.000000000025;100.0;99.86619199999997;99.86240319999993;99.79953919999996;99.79770879999994;99.59541759999988;99.59541759999988;99.79770879999994;99.79770879999994;99.59541759999988;99.59541759999988;99.39312639999982;99.86619199999997;99.39312639999982;98.98854399999969;99.19083519999975;99.19083519999975;99.39312639999982;99.39312639999982;99.39312639999982;99.59541759999988;99.59541759999988;99.79770879999994;99.86619199999997;99.79770879999994;99.79953919999996;99.79953919999996;99.79953919999996;99.79953919999996;99.79953919999996;99.79953919999996;99.79953919999996;99.79953919999996;99.86619199999997;99.39312639999982;99.39312639999982;99.86619199999997;99.86619199999997;99.86619199999997;99.86619199999997;99.86619199999997;
9840.000000000025;100.0;99.86619199999997;99.86240319999993;99.79953919999996;99.79770879999994;99.59541759999988;99.59541759999988;99.79770879999994;99.79770879999994;99.59541759999988;99.59541759999988;99.39312639999982;99.86619199999997;99.39312639999982;98.98854399999969;99.19083519999975;99.19083519999975;99.39312639999982;99.39312639999982;99.39312639999982;99.59541759999988;99.59541759999988;99.79770879999994;99.86619199999997;99.79770879999994;99.79953919999996;99.79953919999996;99.79953919999996;99.79953919999996;99.79953919999996;99.79953919999996;99.79953919999996;99.79953919999996;99.86619199999997;99.39312639999982;99.39312639999982;99.86619199999997;99.86619199999997;99.86619199999997;99.86619199999997;99.86619199999997;
9900.000000000025;100.0;99.86619199999997;99.86240319999993;99.79953919999996;99.79770879999994;99.59541759999988;99.59541759999988;99.79770879999994;99.79770879999994;99.59541759999988;99.59541759999988;99.39312639999982;99.86619199999997;99.39312639999982;98.98854399999969;99.19083519999975;99.19083519999975;99.39312639999982;99.39312639999982;99.39312639999982;99.59541759999988;99.59541759999988;99.79770879999994;99.86619199999997;99.79770879999994;99.79953919999996;99.79953919999996;99.79953919999996;99.79953919999996;99.79953919999996;99.79953919999996;99.79953919999996;99.79953919999996;99.86619199999997;99.39312639999982;99.39312639999982;99.86619199999997;99.86619199999997;99.86619199999997;99.86619199999997;99.86619199999997;
9960.000000000025;100.0;99.86619199999997;99.86240319999993;99.79953919999996;99.79770879999994;99.59541759999988;99.59541759999988;99.79770879999994;99.79770879999994;99.59541759999988;99.59541759999988;99.39312639999982;99.86619199999997;99.39312639999982;98.98854399999969;99.19083519999975;99.19083519999975;99.39312639999982;99.39312639999982;99.39312639999982;99.59541759999988;99.59541759999988;99.79770879999994;99.86619199999997;99.79770879999994;99.79953919999996;99.79953919999996;99.79953919999996;99.79953919999996;99.79953919999996;99.79953919999996;99.79953919999996;99.79953919999996;99.86619199999997;99.39312639999982;99.39312639999982;99.86619199999997;99.86619199999997;99.86619199999997;99.86619199999997;99.86619199999997;
9960.026666666694;100.0;99.86609199999997;99.86230319999993;99.79953919999996;99.79770879999994;99.59541759999988;99.59541759999988;99.79770879999994;99.79770879999994;99.59541759999988;99.59541759999988;99.39312639999982;99.86609199999997;99.39312639999982;98.98854399999969;99.19083519999975;99.19083519999975;99.39312639999982;99.39312639999982;99.39312639999982;99.59541759999988;99.59541759999988;99.79770879999994;99.86609199999997;99.79770879999994;99.79953919999996;99.79953919999996;99.79953919999996;99.79953919999996;99.79953919999996;99.79953919999996;99.79953919999996;99.79953919999996;99.86609199999997;99.39312639999982;99.39312639999982;99.86609199999997;99.86609199999997;99.86609199999997;99.86609199999997;99.86609199999997;
